Profiling 97 samples against /lustre1/g/aos_shihuang/Strain2bScan/work/lim_orpi/dbs
RUN SF001
cross-species filter: 356204/415597 markers usable for quantification (14.3% shared with another species in the panel, excluded)
sample: 39090 distinct tag markers; 30 species DBs; resolve-gate≥max(50, 0%×panel), detect-gate≥3 (threads: 16)
#species	cluster	abundance	coverage	support	depth	global_abundance	sample_fraction
  Bosea_sp001556125.db	[detected, not strain-resolvable]	markers=3/83397 (0.0%, depth 0.00x)
  Cutibacterium_acnes.db	layer1=cst (auto — 1 cluster(s) below the support floor, 7 informative internal node(s), 5 fallback node(s))
  Cutibacterium_acnes.db	[strain-resolved, no cluster above threshold]	markers=51/5083 (depth 1.31x)
  Granulicatella_adiacens.db	[detected, not strain-resolvable]	markers=37/771 (4.8%, depth 7.63x)
  Haemophilus_D_parainfluenzae.db	layer1=cst (auto — 0 cluster(s) below the support floor, 7 informative internal node(s), 7 fallback node(s))
  Haemophilus_D_parainfluenzae.db	[strain-resolved, no cluster above threshold]	markers=74/5861 (depth 0.82x)
  Klebsiella_variicola.db	[detected, not strain-resolvable]	markers=3/24929 (0.0%, depth 0.01x)
  Neisseria_elongata.db	layer1=cst (auto — 0 cluster(s) below the support floor, 2 informative internal node(s), 2 fallback node(s))
  Neisseria_elongata.db	[strain-resolved, no cluster above threshold]	markers=53/3776 (depth 0.18x)
  Neisseria_sp000186165.db	layer1=cst (auto — 0 cluster(s) below the support floor, 5 informative internal node(s), 5 fallback node(s))
  Neisseria_sp000186165.db	[strain-resolved, no cluster above threshold]	markers=326/18235 (depth 3.39x)
  Ralstonia_mannitolilytica.db	[detected, not strain-resolvable]	markers=5/14996 (0.0%, depth 0.03x)
  Rothia_aeria.db	[detected, not strain-resolvable]	markers=17/2497 (0.7%, depth 3.05x)
  Rothia_dentocariosa.db	layer1=cst (auto — 0 cluster(s) below the support floor, 4 informative internal node(s), 4 fallback node(s))
  Rothia_dentocariosa.db	[strain-resolved, no cluster above threshold]	markers=646/4230 (depth 52.77x)
  Rothia_kristinae.db	layer1=cst (auto — 0 cluster(s) below the support floor, 2 informative internal node(s), 2 fallback node(s))
  Rothia_kristinae.db	[strain-resolved, no cluster above threshold]	markers=72/3041 (depth 0.07x)
  Streptococcus_anginosus_C.db	[detected, not strain-resolvable]	markers=6/2130 (0.3%, depth 0.26x)
  Streptococcus_gordonii.db	layer1=cst (auto — 0 cluster(s) below the support floor, 3 informative internal node(s), 2 fallback node(s))
  Streptococcus_gordonii.db	[strain-resolved, no cluster above threshold]	markers=134/1656 (depth 19.69x)
  Streptococcus_mutans.db	layer1=cst (auto — 3 cluster(s) below the support floor, 1 informative internal node(s), 0 fallback node(s))
  Streptococcus_mutans.db	[strain-resolved, no cluster above threshold]	markers=53/790 (depth 0.10x)
  Streptococcus_parasanguinis_B.db	layer1=cst (auto — 0 cluster(s) below the support floor, 4 informative internal node(s), 4 fallback node(s))
  Streptococcus_parasanguinis_B.db	[strain-resolved, no cluster above threshold]	markers=87/1865 (depth 8.59x)
  Streptococcus_salivarius.db	layer1=unique (auto — 0 cluster(s) below the support floor, 0 informative internal node(s), 0 fallback node(s))
  Streptococcus_salivarius.db	[strain-resolved, no cluster above threshold]	markers=347/3119 (depth 42.82x)
  Streptococcus_sobrinus.db	[detected, not strain-resolvable]	markers=4/732 (0.5%, depth 0.01x)
  Veillonella_parvula_A.db	layer1=cst (auto — 0 cluster(s) below the support floor, 4 informative internal node(s), 3 fallback node(s))
  Veillonella_parvula_A.db	[strain-resolved, no cluster above threshold]	markers=69/1933 (depth 2.70x)
summary: 11/30 species strain-resolved (0 strain calls), 7 detected-not-resolvable, 12 absent
coverage of sample: strain calls account for -0.0% of 4255847 tag observations (100.0% unclassified — unresolved species, no reference, host, error)
predictions -> /lustre1/g/aos_shihuang/Strain2bScan/work/lim_orpi/preds/SF001.pred.tsv
RUN SF002
cross-species filter: 356204/415597 markers usable for quantification (14.3% shared with another species in the panel, excluded)
sample: 18013 distinct tag markers; 30 species DBs; resolve-gate≥max(50, 0%×panel), detect-gate≥3 (threads: 16)
#species	cluster	abundance	coverage	support	depth	global_abundance	sample_fraction
  Cutibacterium_acnes.db	C1|C2|C4|C5|C7|C8|C11	1.000000	0.53	21	2.125	1.000000	0.034080
  Bosea_sp001556125.db	[detected, not strain-resolvable]	markers=7/83397 (0.0%, depth 0.00x)
  Cutibacterium_acnes.db	layer1=cst (auto — 1 cluster(s) below the support floor, 7 informative internal node(s), 5 fallback node(s))
  Klebsiella_variicola.db	[detected, not strain-resolvable]	markers=5/24929 (0.0%, depth 0.00x)
  Neisseria_elongata.db	[detected, not strain-resolvable]	markers=3/3776 (0.1%, depth 0.00x)
  Neisseria_sp000186165.db	layer1=cst (auto — 0 cluster(s) below the support floor, 5 informative internal node(s), 5 fallback node(s))
  Neisseria_sp000186165.db	[strain-resolved, no cluster above threshold]	markers=17/18235 (depth 0.11x)
  Porphyromonas_gingivalis.db	[detected, not strain-resolvable]	markers=4/5779 (0.1%, depth 0.08x)
  Pseudomonas_E_fluorescens_AN.db	layer1=cst (auto — 0 cluster(s) below the support floor, 17 informative internal node(s), 17 fallback node(s))
  Pseudomonas_E_fluorescens_AN.db	[strain-resolved, no cluster above threshold]	markers=13/140286 (depth 0.00x)
  Ralstonia_mannitolilytica.db	[detected, not strain-resolvable]	markers=8/14996 (0.1%, depth 0.00x)
  Rothia_dentocariosa.db	[detected, not strain-resolvable]	markers=14/4230 (0.3%, depth 1.61x)
  Streptococcus_gordonii.db	[detected, not strain-resolvable]	markers=5/1656 (0.3%, depth 0.00x)
  Streptococcus_salivarius.db	[detected, not strain-resolvable]	markers=5/3119 (0.2%, depth 0.00x)
  Veillonella_parvula_A.db	[detected, not strain-resolvable]	markers=3/1933 (0.2%, depth 0.00x)
summary: 3/30 species strain-resolved (1 strain calls), 9 detected-not-resolvable, 18 absent
coverage of sample: strain calls account for 3.4% of 174712 tag observations (96.6% unclassified — unresolved species, no reference, host, error)
predictions -> /lustre1/g/aos_shihuang/Strain2bScan/work/lim_orpi/preds/SF002.pred.tsv
RUN SF003
cross-species filter: 356204/415597 markers usable for quantification (14.3% shared with another species in the panel, excluded)
sample: 67951 distinct tag markers; 30 species DBs; resolve-gate≥max(50, 0%×panel), detect-gate≥3 (threads: 16)
#species	cluster	abundance	coverage	support	depth	global_abundance	sample_fraction
  Neisseria_sp000186165.db	C2|C4|C11	1.000000	0.54	128	211.601	1.000000	0.064224
  Bosea_sp001556125.db	layer1=cst (auto — 0 cluster(s) below the support floor, 4 informative internal node(s), 4 fallback node(s))
  Bosea_sp001556125.db	[strain-resolved, no cluster above threshold]	markers=58/83397 (depth 0.01x)
  Cutibacterium_acnes.db	[detected, not strain-resolvable]	markers=5/5083 (0.1%, depth 0.01x)
  Granulicatella_adiacens.db	layer1=cst (auto — 0 cluster(s) below the support floor, 1 informative internal node(s), 1 fallback node(s))
  Granulicatella_adiacens.db	[strain-resolved, no cluster above threshold]	markers=149/771 (depth 27.15x)
  Haemophilus_D_parainfluenzae.db	layer1=cst (auto — 0 cluster(s) below the support floor, 7 informative internal node(s), 7 fallback node(s))
  Haemophilus_D_parainfluenzae.db	[strain-resolved, no cluster above threshold]	markers=802/5861 (depth 18.96x)
  Klebsiella_variicola.db	[detected, not strain-resolvable]	markers=11/24929 (0.0%, depth 0.05x)
  Neisseria_elongata.db	layer1=cst (auto — 0 cluster(s) below the support floor, 2 informative internal node(s), 2 fallback node(s))
  Neisseria_elongata.db	[strain-resolved, no cluster above threshold]	markers=348/3776 (depth 17.05x)
  Neisseria_sp000186165.db	layer1=cst (auto — 0 cluster(s) below the support floor, 5 informative internal node(s), 5 fallback node(s))
  Prevotella_sp000257925.db	[detected, not strain-resolvable]	markers=11/14665 (0.1%, depth 0.02x)
  Pseudomonas_E_fluorescens_AN.db	[detected, not strain-resolvable]	markers=9/140286 (0.0%, depth 0.00x)
  Ralstonia_mannitolilytica.db	[detected, not strain-resolvable]	markers=4/14996 (0.0%, depth 0.04x)
  Rothia_aeria.db	layer1=cst (auto — 0 cluster(s) below the support floor, 2 informative internal node(s), 2 fallback node(s))
  Rothia_aeria.db	[strain-resolved, no cluster above threshold]	markers=221/2497 (depth 3.98x)
  Rothia_dentocariosa.db	layer1=cst (auto — 0 cluster(s) below the support floor, 4 informative internal node(s), 4 fallback node(s))
  Rothia_dentocariosa.db	[strain-resolved, no cluster above threshold]	markers=286/4230 (depth 2.40x)
  Rothia_kristinae.db	layer1=cst (auto — 0 cluster(s) below the support floor, 2 informative internal node(s), 2 fallback node(s))
  Rothia_kristinae.db	[strain-resolved, no cluster above threshold]	markers=20/3041 (depth 0.01x)
  Streptococcus_anginosus_C.db	layer1=cst (auto — 7 cluster(s) below the support floor, 7 informative internal node(s), 3 fallback node(s))
  Streptococcus_anginosus_C.db	[strain-resolved, no cluster above threshold]	markers=44/2130 (depth 0.65x)
  Streptococcus_gordonii.db	layer1=cst (auto — 0 cluster(s) below the support floor, 3 informative internal node(s), 2 fallback node(s))
  Streptococcus_gordonii.db	[strain-resolved, no cluster above threshold]	markers=322/1656 (depth 46.46x)
  Streptococcus_mutans.db	[detected, not strain-resolvable]	markers=7/790 (0.9%, depth 0.16x)
  Streptococcus_parasanguinis_B.db	layer1=cst (auto — 0 cluster(s) below the support floor, 4 informative internal node(s), 4 fallback node(s))
  Streptococcus_parasanguinis_B.db	[strain-resolved, no cluster above threshold]	markers=231/1865 (depth 12.19x)
  Streptococcus_salivarius.db	layer1=unique (auto — 0 cluster(s) below the support floor, 0 informative internal node(s), 0 fallback node(s))
  Streptococcus_salivarius.db	[strain-resolved, no cluster above threshold]	markers=379/3119 (depth 22.82x)
  Veillonella_parvula_A.db	layer1=cst (auto — 0 cluster(s) below the support floor, 4 informative internal node(s), 3 fallback node(s))
  Veillonella_parvula_A.db	[strain-resolved, no cluster above threshold]	markers=290/1933 (depth 10.28x)
summary: 13/30 species strain-resolved (1 strain calls), 6 detected-not-resolvable, 11 absent
coverage of sample: strain calls account for 6.4% of 5759146 tag observations (93.6% unclassified — unresolved species, no reference, host, error)
predictions -> /lustre1/g/aos_shihuang/Strain2bScan/work/lim_orpi/preds/SF003.pred.tsv
RUN SF004
cross-species filter: 356204/415597 markers usable for quantification (14.3% shared with another species in the panel, excluded)
sample: 35909 distinct tag markers; 30 species DBs; resolve-gate≥max(50, 0%×panel), detect-gate≥3 (threads: 16)
#species	cluster	abundance	coverage	support	depth	global_abundance	sample_fraction
  Bosea_sp001556125.db	layer1=cst (auto — 0 cluster(s) below the support floor, 4 informative internal node(s), 4 fallback node(s))
  Bosea_sp001556125.db	[strain-resolved, no cluster above threshold]	markers=101/83397 (depth 0.00x)
  Cutibacterium_acnes.db	[detected, not strain-resolvable]	markers=35/5083 (0.7%, depth 2.84x)
  Granulicatella_adiacens.db	[detected, not strain-resolvable]	markers=4/771 (0.5%, depth 0.01x)
  Methylobacterium_aquaticum.db	layer1=cst (auto — 0 cluster(s) below the support floor, 1 informative internal node(s), 1 fallback node(s))
  Methylobacterium_aquaticum.db	[strain-resolved, no cluster above threshold]	markers=24/16433 (depth 0.00x)
  Neisseria_elongata.db	[detected, not strain-resolvable]	markers=6/3776 (0.2%, depth 0.00x)
  Neisseria_sp000186165.db	layer1=cst (auto — 0 cluster(s) below the support floor, 5 informative internal node(s), 5 fallback node(s))
  Neisseria_sp000186165.db	[strain-resolved, no cluster above threshold]	markers=31/18235 (depth 0.22x)
  Porphyromonas_gingivalis.db	[detected, not strain-resolvable]	markers=3/5779 (0.1%, depth 0.00x)
  Pseudomonas_E_fluorescens_AN.db	[detected, not strain-resolvable]	markers=5/140286 (0.0%, depth 0.03x)
  Ralstonia_mannitolilytica.db	layer1=cst (auto — 0 cluster(s) below the support floor, 3 informative internal node(s), 3 fallback node(s))
  Ralstonia_mannitolilytica.db	[strain-resolved, no cluster above threshold]	markers=18/14996 (depth 0.00x)
  Rothia_aeria.db	[detected, not strain-resolvable]	markers=7/2497 (0.3%, depth 0.00x)
  Rothia_dentocariosa.db	[detected, not strain-resolvable]	markers=8/4230 (0.2%, depth 0.49x)
  Streptococcus_anginosus_C.db	[detected, not strain-resolvable]	markers=3/2130 (0.1%, depth 0.00x)
  Streptococcus_gordonii.db	layer1=cst (auto — 0 cluster(s) below the support floor, 3 informative internal node(s), 2 fallback node(s))
  Streptococcus_gordonii.db	[strain-resolved, no cluster above threshold]	markers=30/1656 (depth 0.04x)
  Streptococcus_parasanguinis_B.db	[detected, not strain-resolvable]	markers=4/1865 (0.2%, depth 0.00x)
  Streptococcus_salivarius.db	[detected, not strain-resolvable]	markers=4/3119 (0.1%, depth 0.00x)
  Streptococcus_sobrinus.db	[detected, not strain-resolvable]	markers=3/732 (0.4%, depth 0.01x)
summary: 5/30 species strain-resolved (0 strain calls), 11 detected-not-resolvable, 14 absent
coverage of sample: strain calls account for -0.0% of 1685171 tag observations (100.0% unclassified — unresolved species, no reference, host, error)
predictions -> /lustre1/g/aos_shihuang/Strain2bScan/work/lim_orpi/preds/SF004.pred.tsv
RUN SF005
cross-species filter: 356204/415597 markers usable for quantification (14.3% shared with another species in the panel, excluded)
sample: 33942 distinct tag markers; 30 species DBs; resolve-gate≥max(50, 0%×panel), detect-gate≥3 (threads: 16)
#species	cluster	abundance	coverage	support	depth	global_abundance	sample_fraction
  Bosea_sp001556125.db	layer1=cst (auto — 0 cluster(s) below the support floor, 4 informative internal node(s), 4 fallback node(s))
  Bosea_sp001556125.db	[strain-resolved, no cluster above threshold]	markers=153/83397 (depth 2.76x)
  Cutibacterium_acnes.db	[detected, not strain-resolvable]	markers=12/5083 (0.2%, depth 0.85x)
  Granulicatella_adiacens.db	[detected, not strain-resolvable]	markers=10/771 (1.3%, depth 0.01x)
  Methylobacterium_aquaticum.db	[detected, not strain-resolvable]	markers=43/16433 (0.3%, depth 2.62x)
  Neisseria_elongata.db	[detected, not strain-resolvable]	markers=3/3776 (0.1%, depth 0.00x)
  Neisseria_sp000186165.db	layer1=cst (auto — 0 cluster(s) below the support floor, 5 informative internal node(s), 5 fallback node(s))
  Neisseria_sp000186165.db	[strain-resolved, no cluster above threshold]	markers=59/18235 (depth 0.05x)
  Pseudomonas_E_fluorescens_AN.db	[detected, not strain-resolvable]	markers=7/140286 (0.0%, depth 0.01x)
  Ralstonia_mannitolilytica.db	[detected, not strain-resolvable]	markers=7/14996 (0.0%, depth 0.10x)
  Rothia_aeria.db	layer1=cst (auto — 0 cluster(s) below the support floor, 2 informative internal node(s), 2 fallback node(s))
  Rothia_aeria.db	[strain-resolved, no cluster above threshold]	markers=17/2497 (depth 0.01x)
  Rothia_dentocariosa.db	[detected, not strain-resolvable]	markers=6/4230 (0.1%, depth 0.00x)
  Streptococcus_gordonii.db	layer1=cst (auto — 0 cluster(s) below the support floor, 3 informative internal node(s), 2 fallback node(s))
  Streptococcus_gordonii.db	[strain-resolved, no cluster above threshold]	markers=40/1656 (depth 0.36x)
summary: 4/30 species strain-resolved (0 strain calls), 7 detected-not-resolvable, 19 absent
coverage of sample: strain calls account for -0.0% of 5202155 tag observations (100.0% unclassified — unresolved species, no reference, host, error)
predictions -> /lustre1/g/aos_shihuang/Strain2bScan/work/lim_orpi/preds/SF005.pred.tsv
RUN SF006
cross-species filter: 356204/415597 markers usable for quantification (14.3% shared with another species in the panel, excluded)
sample: 140478 distinct tag markers; 30 species DBs; resolve-gate≥max(50, 0%×panel), detect-gate≥3 (threads: 16)
#species	cluster	abundance	coverage	support	depth	global_abundance	sample_fraction
  Granulicatella_adiacens.db	C1	1.000000	0.50	147	30.969	0.328862	0.002458
  Rothia_aeria.db	C0|C1|C2	1.000000	0.54	290	15.946	0.169331	0.004037
  Rothia_dentocariosa.db	C2|C3	1.000000	0.60	80	24.835	0.263718	0.007501
  Streptococcus_anginosus_C.db	C3|C5|C9|C20	1.000000	0.12	8	0.231	0.002451	0.000020
  Streptococcus_parasanguinis_B.db	C3|C4	1.000000	0.50	51	12.287	0.130477	0.001231
  Veillonella_parvula_A.db	C1|C2|C3|C4|C5	1.000000	0.65	20	9.903	0.105162	0.001055
  Bosea_sp001556125.db	[detected, not strain-resolvable]	markers=12/83397 (0.0%, depth 0.01x)
  Cutibacterium_acnes.db	layer1=cst (auto — 1 cluster(s) below the support floor, 7 informative internal node(s), 5 fallback node(s))
  Cutibacterium_acnes.db	[strain-resolved, no cluster above threshold]	markers=31/5083 (depth 0.05x)
  Granulicatella_adiacens.db	layer1=cst (auto — 0 cluster(s) below the support floor, 1 informative internal node(s), 1 fallback node(s))
  Haemophilus_D_parainfluenzae.db	layer1=cst (auto — 0 cluster(s) below the support floor, 7 informative internal node(s), 7 fallback node(s))
  Haemophilus_D_parainfluenzae.db	[strain-resolved, no cluster above threshold]	markers=550/5861 (depth 0.79x)
  Klebsiella_variicola.db	layer1=cst (auto — 0 cluster(s) below the support floor, 8 informative internal node(s), 5 fallback node(s))
  Klebsiella_variicola.db	[strain-resolved, no cluster above threshold]	markers=54/24929 (depth 0.00x)
  Methylobacterium_aquaticum.db	layer1=cst (auto — 0 cluster(s) below the support floor, 1 informative internal node(s), 1 fallback node(s))
  Methylobacterium_aquaticum.db	[strain-resolved, no cluster above threshold]	markers=13/16433 (depth 0.00x)
  Neisseria_elongata.db	layer1=cst (auto — 0 cluster(s) below the support floor, 2 informative internal node(s), 2 fallback node(s))
  Neisseria_elongata.db	[strain-resolved, no cluster above threshold]	markers=201/3776 (depth 0.24x)
  Neisseria_sp000186165.db	layer1=cst (auto — 0 cluster(s) below the support floor, 5 informative internal node(s), 5 fallback node(s))
  Neisseria_sp000186165.db	[strain-resolved, no cluster above threshold]	markers=1052/18235 (depth 1.05x)
  Porphyromonas_gingivalis.db	[detected, not strain-resolvable]	markers=7/5779 (0.1%, depth 0.00x)
  Prevotella_sp000257925.db	layer1=unique (auto — 0 cluster(s) below the support floor, 0 informative internal node(s), 0 fallback node(s))
  Prevotella_sp000257925.db	[strain-resolved, no cluster above threshold]	markers=26/14665 (depth 0.01x)
  Pseudomonas_E_fluorescens_AN.db	layer1=cst (auto — 0 cluster(s) below the support floor, 17 informative internal node(s), 17 fallback node(s))
  Pseudomonas_E_fluorescens_AN.db	[strain-resolved, no cluster above threshold]	markers=30/140286 (depth 0.00x)
  Ralstonia_mannitolilytica.db	[detected, not strain-resolvable]	markers=5/14996 (0.0%, depth 0.00x)
  Rothia_aeria.db	layer1=cst (auto — 0 cluster(s) below the support floor, 2 informative internal node(s), 2 fallback node(s))
  Rothia_dentocariosa.db	layer1=cst (auto — 0 cluster(s) below the support floor, 4 informative internal node(s), 4 fallback node(s))
  Rothia_kristinae.db	layer1=cst (auto — 0 cluster(s) below the support floor, 2 informative internal node(s), 2 fallback node(s))
  Rothia_kristinae.db	[strain-resolved, no cluster above threshold]	markers=32/3041 (depth 0.20x)
  Streptococcus_anginosus_C.db	layer1=cst (auto — 7 cluster(s) below the support floor, 7 informative internal node(s), 3 fallback node(s))
  Streptococcus_gordonii.db	layer1=cst (auto — 0 cluster(s) below the support floor, 3 informative internal node(s), 2 fallback node(s))
  Streptococcus_gordonii.db	[strain-resolved, no cluster above threshold]	markers=597/1656 (depth 201.89x)
  Streptococcus_mutans.db	layer1=cst (auto — 3 cluster(s) below the support floor, 1 informative internal node(s), 0 fallback node(s))
  Streptococcus_mutans.db	[strain-resolved, no cluster above threshold]	markers=170/790 (depth 2.01x)
  Streptococcus_parasanguinis_B.db	layer1=cst (auto — 0 cluster(s) below the support floor, 4 informative internal node(s), 4 fallback node(s))
  Streptococcus_salivarius.db	layer1=unique (auto — 0 cluster(s) below the support floor, 0 informative internal node(s), 0 fallback node(s))
  Streptococcus_salivarius.db	[strain-resolved, no cluster above threshold]	markers=854/3119 (depth 44.76x)
  Streptococcus_sobrinus.db	layer1=cst (auto — 0 cluster(s) below the support floor, 2 informative internal node(s), 2 fallback node(s))
  Streptococcus_sobrinus.db	[strain-resolved, no cluster above threshold]	markers=14/732 (depth 0.03x)
  Veillonella_parvula_A.db	layer1=cst (auto — 0 cluster(s) below the support floor, 4 informative internal node(s), 3 fallback node(s))
summary: 19/30 species strain-resolved (6 strain calls), 3 detected-not-resolvable, 8 absent
coverage of sample: strain calls account for 1.6% of 6300278 tag observations (98.4% unclassified — unresolved species, no reference, host, error)
predictions -> /lustre1/g/aos_shihuang/Strain2bScan/work/lim_orpi/preds/SF006.pred.tsv
RUN SF007
cross-species filter: 356204/415597 markers usable for quantification (14.3% shared with another species in the panel, excluded)
sample: 67599 distinct tag markers; 30 species DBs; resolve-gate≥max(50, 0%×panel), detect-gate≥3 (threads: 16)
#species	cluster	abundance	coverage	support	depth	global_abundance	sample_fraction
  Bosea_sp001556125.db	[detected, not strain-resolvable]	markers=8/83397 (0.0%, depth 0.01x)
  Cutibacterium_acnes.db	layer1=cst (auto — 1 cluster(s) below the support floor, 7 informative internal node(s), 5 fallback node(s))
  Cutibacterium_acnes.db	[strain-resolved, no cluster above threshold]	markers=20/5083 (depth 0.29x)
  Granulicatella_adiacens.db	layer1=cst (auto — 0 cluster(s) below the support floor, 1 informative internal node(s), 1 fallback node(s))
  Granulicatella_adiacens.db	[strain-resolved, no cluster above threshold]	markers=77/771 (depth 12.69x)
  Haemophilus_D_parainfluenzae.db	layer1=cst (auto — 0 cluster(s) below the support floor, 7 informative internal node(s), 7 fallback node(s))
  Haemophilus_D_parainfluenzae.db	[strain-resolved, no cluster above threshold]	markers=185/5861 (depth 2.90x)
  Klebsiella_variicola.db	[detected, not strain-resolvable]	markers=9/24929 (0.0%, depth 0.02x)
  Neisseria_elongata.db	layer1=cst (auto — 0 cluster(s) below the support floor, 2 informative internal node(s), 2 fallback node(s))
  Neisseria_elongata.db	[strain-resolved, no cluster above threshold]	markers=137/3776 (depth 3.91x)
  Neisseria_sp000186165.db	layer1=cst (auto — 0 cluster(s) below the support floor, 5 informative internal node(s), 5 fallback node(s))
  Neisseria_sp000186165.db	[strain-resolved, no cluster above threshold]	markers=781/18235 (depth 18.40x)
  Prevotella_sp000257925.db	[detected, not strain-resolvable]	markers=3/14665 (0.0%, depth 0.02x)
  Pseudomonas_E_fluorescens_AN.db	[detected, not strain-resolvable]	markers=12/140286 (0.0%, depth 0.01x)
  Ralstonia_mannitolilytica.db	[detected, not strain-resolvable]	markers=5/14996 (0.0%, depth 0.05x)
  Rothia_aeria.db	layer1=cst (auto — 0 cluster(s) below the support floor, 2 informative internal node(s), 2 fallback node(s))
  Rothia_aeria.db	[strain-resolved, no cluster above threshold]	markers=462/2497 (depth 56.18x)
  Rothia_dentocariosa.db	layer1=cst (auto — 0 cluster(s) below the support floor, 4 informative internal node(s), 4 fallback node(s))
  Rothia_dentocariosa.db	[strain-resolved, no cluster above threshold]	markers=370/4230 (depth 14.48x)
  Rothia_kristinae.db	layer1=cst (auto — 0 cluster(s) below the support floor, 2 informative internal node(s), 2 fallback node(s))
  Rothia_kristinae.db	[strain-resolved, no cluster above threshold]	markers=20/3041 (depth 0.06x)
  Streptococcus_anginosus_C.db	[detected, not strain-resolvable]	markers=6/2130 (0.3%, depth 0.18x)
  Streptococcus_gordonii.db	layer1=cst (auto — 0 cluster(s) below the support floor, 3 informative internal node(s), 2 fallback node(s))
  Streptococcus_gordonii.db	[strain-resolved, no cluster above threshold]	markers=138/1656 (depth 8.60x)
  Streptococcus_mutans.db	[detected, not strain-resolvable]	markers=10/790 (1.3%, depth 0.65x)
  Streptococcus_parasanguinis_B.db	layer1=cst (auto — 0 cluster(s) below the support floor, 4 informative internal node(s), 4 fallback node(s))
  Streptococcus_parasanguinis_B.db	[strain-resolved, no cluster above threshold]	markers=63/1865 (depth 6.55x)
  Streptococcus_salivarius.db	layer1=unique (auto — 0 cluster(s) below the support floor, 0 informative internal node(s), 0 fallback node(s))
  Streptococcus_salivarius.db	[strain-resolved, no cluster above threshold]	markers=523/3119 (depth 128.02x)
  Veillonella_parvula_A.db	layer1=cst (auto — 0 cluster(s) below the support floor, 4 informative internal node(s), 3 fallback node(s))
  Veillonella_parvula_A.db	[strain-resolved, no cluster above threshold]	markers=184/1933 (depth 14.47x)
summary: 12/30 species strain-resolved (0 strain calls), 7 detected-not-resolvable, 11 absent
coverage of sample: strain calls account for -0.0% of 5844343 tag observations (100.0% unclassified — unresolved species, no reference, host, error)
predictions -> /lustre1/g/aos_shihuang/Strain2bScan/work/lim_orpi/preds/SF007.pred.tsv
RUN SF008
cross-species filter: 356204/415597 markers usable for quantification (14.3% shared with another species in the panel, excluded)
sample: 32661 distinct tag markers; 30 species DBs; resolve-gate≥max(50, 0%×panel), detect-gate≥3 (threads: 16)
#species	cluster	abundance	coverage	support	depth	global_abundance	sample_fraction
  Bosea_sp001556125.db	layer1=cst (auto — 0 cluster(s) below the support floor, 4 informative internal node(s), 4 fallback node(s))
  Bosea_sp001556125.db	[strain-resolved, no cluster above threshold]	markers=121/83397 (depth 0.06x)
  Cutibacterium_acnes.db	[detected, not strain-resolvable]	markers=12/5083 (0.2%, depth 0.77x)
  Granulicatella_adiacens.db	[detected, not strain-resolvable]	markers=37/771 (4.8%, depth 38.15x)
  Klebsiella_variicola.db	[detected, not strain-resolvable]	markers=9/24929 (0.0%, depth 0.19x)
  Methylobacterium_aquaticum.db	layer1=cst (auto — 0 cluster(s) below the support floor, 1 informative internal node(s), 1 fallback node(s))
  Methylobacterium_aquaticum.db	[strain-resolved, no cluster above threshold]	markers=28/16433 (depth 0.01x)
  Neisseria_elongata.db	[detected, not strain-resolvable]	markers=19/3776 (0.5%, depth 2.98x)
  Neisseria_sp000186165.db	layer1=cst (auto — 0 cluster(s) below the support floor, 5 informative internal node(s), 5 fallback node(s))
  Neisseria_sp000186165.db	[strain-resolved, no cluster above threshold]	markers=90/18235 (depth 4.50x)
  Porphyromonas_gingivalis.db	[detected, not strain-resolvable]	markers=4/5779 (0.1%, depth 0.62x)
  Pseudomonas_E_fluorescens_AN.db	[detected, not strain-resolvable]	markers=4/140286 (0.0%, depth 0.01x)
  Ralstonia_mannitolilytica.db	[detected, not strain-resolvable]	markers=6/14996 (0.0%, depth 0.01x)
  Rothia_aeria.db	[detected, not strain-resolvable]	markers=40/2497 (1.6%, depth 10.07x)
  Rothia_dentocariosa.db	[detected, not strain-resolvable]	markers=21/4230 (0.5%, depth 2.46x)
  Streptococcus_gordonii.db	layer1=cst (auto — 0 cluster(s) below the support floor, 3 informative internal node(s), 2 fallback node(s))
  Streptococcus_gordonii.db	[strain-resolved, no cluster above threshold]	markers=108/1656 (depth 104.19x)
  Streptococcus_salivarius.db	[detected, not strain-resolvable]	markers=9/3119 (0.3%, depth 1.30x)
  Veillonella_parvula_A.db	[detected, not strain-resolvable]	markers=4/1933 (0.2%, depth 0.92x)
summary: 4/30 species strain-resolved (0 strain calls), 11 detected-not-resolvable, 15 absent
coverage of sample: strain calls account for -0.0% of 3994118 tag observations (100.0% unclassified — unresolved species, no reference, host, error)
predictions -> /lustre1/g/aos_shihuang/Strain2bScan/work/lim_orpi/preds/SF008.pred.tsv
RUN SF009
cross-species filter: 356204/415597 markers usable for quantification (14.3% shared with another species in the panel, excluded)
sample: 47173 distinct tag markers; 30 species DBs; resolve-gate≥max(50, 0%×panel), detect-gate≥3 (threads: 16)
#species	cluster	abundance	coverage	support	depth	global_abundance	sample_fraction
  Streptococcus_gordonii.db	C3|C4	1.000000	0.25	19	0.627	1.000000	0.000071
  Bosea_sp001556125.db	layer1=cst (auto — 0 cluster(s) below the support floor, 4 informative internal node(s), 4 fallback node(s))
  Bosea_sp001556125.db	[strain-resolved, no cluster above threshold]	markers=52/83397 (depth 0.01x)
  Granulicatella_adiacens.db	layer1=cst (auto — 0 cluster(s) below the support floor, 1 informative internal node(s), 1 fallback node(s))
  Granulicatella_adiacens.db	[strain-resolved, no cluster above threshold]	markers=25/771 (depth 0.05x)
  Haemophilus_D_parainfluenzae.db	layer1=cst (auto — 0 cluster(s) below the support floor, 7 informative internal node(s), 7 fallback node(s))
  Haemophilus_D_parainfluenzae.db	[strain-resolved, no cluster above threshold]	markers=30/5861 (depth 0.03x)
  Klebsiella_variicola.db	layer1=cst (auto — 0 cluster(s) below the support floor, 8 informative internal node(s), 5 fallback node(s))
  Klebsiella_variicola.db	[strain-resolved, no cluster above threshold]	markers=85/24929 (depth 0.01x)
  Methylobacterium_aquaticum.db	layer1=cst (auto — 0 cluster(s) below the support floor, 1 informative internal node(s), 1 fallback node(s))
  Methylobacterium_aquaticum.db	[strain-resolved, no cluster above threshold]	markers=14/16433 (depth 0.03x)
  Neisseria_elongata.db	layer1=cst (auto — 0 cluster(s) below the support floor, 2 informative internal node(s), 2 fallback node(s))
  Neisseria_elongata.db	[strain-resolved, no cluster above threshold]	markers=42/3776 (depth 0.17x)
  Neisseria_sp000186165.db	layer1=cst (auto — 0 cluster(s) below the support floor, 5 informative internal node(s), 5 fallback node(s))
  Neisseria_sp000186165.db	[strain-resolved, no cluster above threshold]	markers=209/18235 (depth 0.03x)
  Prevotella_sp000257925.db	[detected, not strain-resolvable]	markers=5/14665 (0.0%, depth 0.03x)
  Ralstonia_mannitolilytica.db	[detected, not strain-resolvable]	markers=10/14996 (0.1%, depth 0.03x)
  Rothia_aeria.db	layer1=cst (auto — 0 cluster(s) below the support floor, 2 informative internal node(s), 2 fallback node(s))
  Rothia_aeria.db	[strain-resolved, no cluster above threshold]	markers=59/2497 (depth 0.03x)
  Rothia_dentocariosa.db	layer1=cst (auto — 0 cluster(s) below the support floor, 4 informative internal node(s), 4 fallback node(s))
  Rothia_dentocariosa.db	[strain-resolved, no cluster above threshold]	markers=94/4230 (depth 0.46x)
  Rothia_kristinae.db	[detected, not strain-resolvable]	markers=5/3041 (0.2%, depth 0.00x)
  Streptococcus_anginosus_C.db	[detected, not strain-resolvable]	markers=3/2130 (0.1%, depth 0.00x)
  Streptococcus_gordonii.db	layer1=cst (auto — 0 cluster(s) below the support floor, 3 informative internal node(s), 2 fallback node(s))
  Streptococcus_mutans.db	[detected, not strain-resolvable]	markers=4/790 (0.5%, depth 0.37x)
  Streptococcus_parasanguinis_B.db	layer1=cst (auto — 0 cluster(s) below the support floor, 4 informative internal node(s), 4 fallback node(s))
  Streptococcus_parasanguinis_B.db	[strain-resolved, no cluster above threshold]	markers=259/1865 (depth 78.89x)
  Streptococcus_salivarius.db	layer1=unique (auto — 0 cluster(s) below the support floor, 0 informative internal node(s), 0 fallback node(s))
  Streptococcus_salivarius.db	[strain-resolved, no cluster above threshold]	markers=216/3119 (depth 28.06x)
  Streptococcus_sobrinus.db	[detected, not strain-resolvable]	markers=8/732 (1.1%, depth 0.01x)
  Veillonella_parvula_A.db	layer1=cst (auto — 0 cluster(s) below the support floor, 4 informative internal node(s), 3 fallback node(s))
  Veillonella_parvula_A.db	[strain-resolved, no cluster above threshold]	markers=42/1933 (depth 0.81x)
summary: 13/30 species strain-resolved (1 strain calls), 6 detected-not-resolvable, 11 absent
coverage of sample: strain calls account for 0.0% of 4464907 tag observations (100.0% unclassified — unresolved species, no reference, host, error)
predictions -> /lustre1/g/aos_shihuang/Strain2bScan/work/lim_orpi/preds/SF009.pred.tsv
RUN SF010
cross-species filter: 356204/415597 markers usable for quantification (14.3% shared with another species in the panel, excluded)
sample: 144934 distinct tag markers; 30 species DBs; resolve-gate≥max(50, 0%×panel), detect-gate≥3 (threads: 16)
#species	cluster	abundance	coverage	support	depth	global_abundance	sample_fraction
  Granulicatella_adiacens.db	C0|C1	1.000000	0.63	130	25.922	0.103678	0.003162
  Haemophilus_D_parainfluenzae.db	C1|C14|C15	1.000000	0.52	26	66.380	0.265494	0.012210
  Neisseria_elongata.db	C0|C1|C2	1.000000	0.61	300	32.928	0.131701	0.017423
  Neisseria_sp000186165.db	C2|C4|C11	1.000000	0.50	119	20.861	0.083437	0.008896
  Streptococcus_anginosus_C.db	C3|C5|C9|C20	1.000000	0.38	25	1.446	0.005784	0.000195
  Streptococcus_parasanguinis_B.db	C0|C1|C2|C3|C4	1.000000	0.50	27	4.648	0.018591	0.000777
  Veillonella_parvula_A.db	C1|C2|C3|C4|C5	1.000000	0.77	24	97.839	0.391316	0.016015
  Bosea_sp001556125.db	[detected, not strain-resolvable]	markers=5/83397 (0.0%, depth 0.00x)
  Cutibacterium_acnes.db	layer1=cst (auto — 1 cluster(s) below the support floor, 7 informative internal node(s), 5 fallback node(s))
  Cutibacterium_acnes.db	[strain-resolved, no cluster above threshold]	markers=13/5083 (depth 0.02x)
  Granulicatella_adiacens.db	layer1=cst (auto — 0 cluster(s) below the support floor, 1 informative internal node(s), 1 fallback node(s))
  Haemophilus_D_parainfluenzae.db	layer1=cst (auto — 0 cluster(s) below the support floor, 7 informative internal node(s), 7 fallback node(s))
  Klebsiella_variicola.db	[detected, not strain-resolvable]	markers=5/24929 (0.0%, depth 0.01x)
  Neisseria_elongata.db	layer1=cst (auto — 0 cluster(s) below the support floor, 2 informative internal node(s), 2 fallback node(s))
  Neisseria_sp000186165.db	layer1=cst (auto — 0 cluster(s) below the support floor, 5 informative internal node(s), 5 fallback node(s))
  Porphyromonas_gingivalis.db	layer1=cst (auto — 1 cluster(s) below the support floor, 4 informative internal node(s), 0 fallback node(s))
  Porphyromonas_gingivalis.db	[strain-resolved, no cluster above threshold]	markers=134/5779 (depth 0.14x)
  Prevotella_sp000257925.db	layer1=unique (auto — 0 cluster(s) below the support floor, 0 informative internal node(s), 0 fallback node(s))
  Prevotella_sp000257925.db	[strain-resolved, no cluster above threshold]	markers=588/14665 (depth 0.34x)
  Pseudomonas_E_fluorescens_AN.db	[detected, not strain-resolvable]	markers=7/140286 (0.0%, depth 0.00x)
  Ralstonia_mannitolilytica.db	[detected, not strain-resolvable]	markers=7/14996 (0.0%, depth 0.01x)
  Rothia_aeria.db	layer1=cst (auto — 0 cluster(s) below the support floor, 2 informative internal node(s), 2 fallback node(s))
  Rothia_aeria.db	[strain-resolved, no cluster above threshold]	markers=195/2497 (depth 6.29x)
  Rothia_dentocariosa.db	layer1=cst (auto — 0 cluster(s) below the support floor, 4 informative internal node(s), 4 fallback node(s))
  Rothia_dentocariosa.db	[strain-resolved, no cluster above threshold]	markers=660/4230 (depth 2.15x)
  Rothia_kristinae.db	layer1=cst (auto — 0 cluster(s) below the support floor, 2 informative internal node(s), 2 fallback node(s))
  Rothia_kristinae.db	[strain-resolved, no cluster above threshold]	markers=15/3041 (depth 0.01x)
  Streptococcus_anginosus_C.db	layer1=cst (auto — 7 cluster(s) below the support floor, 7 informative internal node(s), 3 fallback node(s))
  Streptococcus_gordonii.db	layer1=cst (auto — 0 cluster(s) below the support floor, 3 informative internal node(s), 2 fallback node(s))
  Streptococcus_gordonii.db	[strain-resolved, no cluster above threshold]	markers=286/1656 (depth 25.67x)
  Streptococcus_mutans.db	layer1=cst (auto — 3 cluster(s) below the support floor, 1 informative internal node(s), 0 fallback node(s))
  Streptococcus_mutans.db	[strain-resolved, no cluster above threshold]	markers=43/790 (depth 0.11x)
  Streptococcus_parasanguinis_B.db	layer1=cst (auto — 0 cluster(s) below the support floor, 4 informative internal node(s), 4 fallback node(s))
  Streptococcus_salivarius.db	layer1=unique (auto — 0 cluster(s) below the support floor, 0 informative internal node(s), 0 fallback node(s))
  Streptococcus_salivarius.db	[strain-resolved, no cluster above threshold]	markers=376/3119 (depth 1.40x)
  Streptococcus_sobrinus.db	[detected, not strain-resolvable]	markers=3/732 (0.4%, depth 0.01x)
  Veillonella_parvula_A.db	layer1=cst (auto — 0 cluster(s) below the support floor, 4 informative internal node(s), 3 fallback node(s))
summary: 16/30 species strain-resolved (7 strain calls), 5 detected-not-resolvable, 9 absent
coverage of sample: strain calls account for 5.9% of 4099211 tag observations (94.1% unclassified — unresolved species, no reference, host, error)
predictions -> /lustre1/g/aos_shihuang/Strain2bScan/work/lim_orpi/preds/SF010.pred.tsv
RUN SF011
cross-species filter: 356204/415597 markers usable for quantification (14.3% shared with another species in the panel, excluded)
sample: 15771 distinct tag markers; 30 species DBs; resolve-gate≥max(50, 0%×panel), detect-gate≥3 (threads: 16)
#species	cluster	abundance	coverage	support	depth	global_abundance	sample_fraction
  Bosea_sp001556125.db	layer1=cst (auto — 0 cluster(s) below the support floor, 4 informative internal node(s), 4 fallback node(s))
  Bosea_sp001556125.db	[strain-resolved, no cluster above threshold]	markers=17/83397 (depth 0.00x)
  Cutibacterium_acnes.db	layer1=cst (auto — 1 cluster(s) below the support floor, 7 informative internal node(s), 5 fallback node(s))
  Cutibacterium_acnes.db	[strain-resolved, no cluster above threshold]	markers=39/5083 (depth 1.16x)
  Granulicatella_adiacens.db	layer1=cst (auto — 0 cluster(s) below the support floor, 1 informative internal node(s), 1 fallback node(s))
  Granulicatella_adiacens.db	[strain-resolved, no cluster above threshold]	markers=31/771 (depth 0.24x)
  Haemophilus_D_parainfluenzae.db	[detected, not strain-resolvable]	markers=8/5861 (0.1%, depth 0.01x)
  Klebsiella_variicola.db	[detected, not strain-resolvable]	markers=10/24929 (0.0%, depth 0.12x)
  Methylobacterium_aquaticum.db	[detected, not strain-resolvable]	markers=3/16433 (0.0%, depth 0.00x)
  Neisseria_elongata.db	layer1=cst (auto — 0 cluster(s) below the support floor, 2 informative internal node(s), 2 fallback node(s))
  Neisseria_elongata.db	[strain-resolved, no cluster above threshold]	markers=27/3776 (depth 0.05x)
  Neisseria_sp000186165.db	layer1=cst (auto — 0 cluster(s) below the support floor, 5 informative internal node(s), 5 fallback node(s))
  Neisseria_sp000186165.db	[strain-resolved, no cluster above threshold]	markers=127/18235 (depth 0.57x)
  Porphyromonas_gingivalis.db	[detected, not strain-resolvable]	markers=6/5779 (0.1%, depth 0.00x)
  Pseudomonas_E_fluorescens_AN.db	[detected, not strain-resolvable]	markers=6/140286 (0.0%, depth 0.00x)
  Ralstonia_mannitolilytica.db	[detected, not strain-resolvable]	markers=18/14996 (0.1%, depth 0.60x)
  Rothia_aeria.db	layer1=cst (auto — 0 cluster(s) below the support floor, 2 informative internal node(s), 2 fallback node(s))
  Rothia_aeria.db	[strain-resolved, no cluster above threshold]	markers=49/2497 (depth 0.15x)
  Rothia_dentocariosa.db	layer1=cst (auto — 0 cluster(s) below the support floor, 4 informative internal node(s), 4 fallback node(s))
  Rothia_dentocariosa.db	[strain-resolved, no cluster above threshold]	markers=15/4230 (depth 0.01x)
  Streptococcus_gordonii.db	layer1=cst (auto — 0 cluster(s) below the support floor, 3 informative internal node(s), 2 fallback node(s))
  Streptococcus_gordonii.db	[strain-resolved, no cluster above threshold]	markers=94/1656 (depth 0.36x)
  Streptococcus_mutans.db	[detected, not strain-resolvable]	markers=8/790 (1.0%, depth 1.61x)
  Streptococcus_parasanguinis_B.db	[detected, not strain-resolvable]	markers=4/1865 (0.2%, depth 0.01x)
  Streptococcus_salivarius.db	[detected, not strain-resolvable]	markers=23/3119 (0.7%, depth 0.79x)
  Veillonella_parvula_A.db	[detected, not strain-resolvable]	markers=6/1933 (0.3%, depth 0.01x)
summary: 8/30 species strain-resolved (0 strain calls), 10 detected-not-resolvable, 12 absent
coverage of sample: strain calls account for -0.0% of 854321 tag observations (100.0% unclassified — unresolved species, no reference, host, error)
predictions -> /lustre1/g/aos_shihuang/Strain2bScan/work/lim_orpi/preds/SF011.pred.tsv
RUN SF012
cross-species filter: 356204/415597 markers usable for quantification (14.3% shared with another species in the panel, excluded)
sample: 72770 distinct tag markers; 30 species DBs; resolve-gate≥max(50, 0%×panel), detect-gate≥3 (threads: 16)
#species	cluster	abundance	coverage	support	depth	global_abundance	sample_fraction
  Neisseria_elongata.db	C0|C1|C2	1.000000	0.69	339	215.168	0.990111	0.085934
  Veillonella_parvula_A.db	C0|C1|C2|C3|C4|C5	1.000000	0.45	42	2.149	0.009889	0.000266
  Bosea_sp001556125.db	layer1=cst (auto — 0 cluster(s) below the support floor, 4 informative internal node(s), 4 fallback node(s))
  Bosea_sp001556125.db	[strain-resolved, no cluster above threshold]	markers=100/83397 (depth 0.02x)
  Granulicatella_adiacens.db	layer1=cst (auto — 0 cluster(s) below the support floor, 1 informative internal node(s), 1 fallback node(s))
  Granulicatella_adiacens.db	[strain-resolved, no cluster above threshold]	markers=78/771 (depth 0.40x)
  Haemophilus_D_parainfluenzae.db	layer1=cst (auto — 0 cluster(s) below the support floor, 7 informative internal node(s), 7 fallback node(s))
  Haemophilus_D_parainfluenzae.db	[strain-resolved, no cluster above threshold]	markers=521/5861 (depth 0.49x)
  Klebsiella_variicola.db	layer1=cst (auto — 0 cluster(s) below the support floor, 8 informative internal node(s), 5 fallback node(s))
  Klebsiella_variicola.db	[strain-resolved, no cluster above threshold]	markers=26/24929 (depth 0.31x)
  Methylobacterium_aquaticum.db	layer1=cst (auto — 0 cluster(s) below the support floor, 1 informative internal node(s), 1 fallback node(s))
  Methylobacterium_aquaticum.db	[strain-resolved, no cluster above threshold]	markers=32/16433 (depth 0.00x)
  Neisseria_elongata.db	layer1=cst (auto — 0 cluster(s) below the support floor, 2 informative internal node(s), 2 fallback node(s))
  Neisseria_sp000186165.db	layer1=cst (auto — 0 cluster(s) below the support floor, 5 informative internal node(s), 5 fallback node(s))
  Neisseria_sp000186165.db	[strain-resolved, no cluster above threshold]	markers=994/18235 (depth 2.78x)
  Porphyromonas_gingivalis.db	[detected, not strain-resolvable]	markers=5/5779 (0.1%, depth 0.00x)
  Prevotella_sp000257925.db	[detected, not strain-resolvable]	markers=11/14665 (0.1%, depth 0.00x)
  Pseudomonas_E_fluorescens_AN.db	[detected, not strain-resolvable]	markers=11/140286 (0.0%, depth 0.01x)
  Ralstonia_mannitolilytica.db	[detected, not strain-resolvable]	markers=13/14996 (0.1%, depth 0.60x)
  Rothia_aeria.db	layer1=cst (auto — 0 cluster(s) below the support floor, 2 informative internal node(s), 2 fallback node(s))
  Rothia_aeria.db	[strain-resolved, no cluster above threshold]	markers=388/2497 (depth 0.97x)
  Rothia_dentocariosa.db	layer1=cst (auto — 0 cluster(s) below the support floor, 4 informative internal node(s), 4 fallback node(s))
  Rothia_dentocariosa.db	[strain-resolved, no cluster above threshold]	markers=63/4230 (depth 0.07x)
  Rothia_kristinae.db	layer1=cst (auto — 0 cluster(s) below the support floor, 2 informative internal node(s), 2 fallback node(s))
  Rothia_kristinae.db	[strain-resolved, no cluster above threshold]	markers=16/3041 (depth 0.01x)
  Streptococcus_gordonii.db	layer1=cst (auto — 0 cluster(s) below the support floor, 3 informative internal node(s), 2 fallback node(s))
  Streptococcus_gordonii.db	[strain-resolved, no cluster above threshold]	markers=220/1656 (depth 1.81x)
  Streptococcus_parasanguinis_B.db	layer1=cst (auto — 0 cluster(s) below the support floor, 4 informative internal node(s), 4 fallback node(s))
  Streptococcus_parasanguinis_B.db	[strain-resolved, no cluster above threshold]	markers=48/1865 (depth 0.11x)
  Streptococcus_salivarius.db	layer1=unique (auto — 0 cluster(s) below the support floor, 0 informative internal node(s), 0 fallback node(s))
  Streptococcus_salivarius.db	[strain-resolved, no cluster above threshold]	markers=36/3119 (depth 0.03x)
  Veillonella_parvula_A.db	layer1=cst (auto — 0 cluster(s) below the support floor, 4 informative internal node(s), 3 fallback node(s))
summary: 14/30 species strain-resolved (2 strain calls), 4 detected-not-resolvable, 12 absent
coverage of sample: strain calls account for 8.6% of 5430926 tag observations (91.4% unclassified — unresolved species, no reference, host, error)
predictions -> /lustre1/g/aos_shihuang/Strain2bScan/work/lim_orpi/preds/SF012.pred.tsv
RUN SF013
cross-species filter: 356204/415597 markers usable for quantification (14.3% shared with another species in the panel, excluded)
sample: 18964 distinct tag markers; 30 species DBs; resolve-gate≥max(50, 0%×panel), detect-gate≥3 (threads: 16)
#species	cluster	abundance	coverage	support	depth	global_abundance	sample_fraction
  Bosea_sp001556125.db	[detected, not strain-resolvable]	markers=4/83397 (0.0%, depth 0.05x)
  Cutibacterium_acnes.db	[detected, not strain-resolvable]	markers=29/5083 (0.6%, depth 1.74x)
  Granulicatella_adiacens.db	[detected, not strain-resolvable]	markers=6/771 (0.8%, depth 14.08x)
  Haemophilus_D_parainfluenzae.db	[detected, not strain-resolvable]	markers=5/5861 (0.1%, depth 0.72x)
  Neisseria_elongata.db	[detected, not strain-resolvable]	markers=14/3776 (0.4%, depth 5.50x)
  Neisseria_sp000186165.db	[detected, not strain-resolvable]	markers=43/18235 (0.2%, depth 3.12x)
  Porphyromonas_gingivalis.db	[detected, not strain-resolvable]	markers=3/5779 (0.1%, depth 0.24x)
  Pseudomonas_E_fluorescens_AN.db	[detected, not strain-resolvable]	markers=4/140286 (0.0%, depth 0.00x)
  Ralstonia_mannitolilytica.db	layer1=cst (auto — 0 cluster(s) below the support floor, 3 informative internal node(s), 3 fallback node(s))
  Ralstonia_mannitolilytica.db	[strain-resolved, no cluster above threshold]	markers=17/14996 (depth 0.04x)
  Rothia_aeria.db	[detected, not strain-resolvable]	markers=25/2497 (1.0%, depth 15.70x)
  Streptococcus_gordonii.db	[detected, not strain-resolvable]	markers=10/1656 (0.6%, depth 10.24x)
  Streptococcus_salivarius.db	[detected, not strain-resolvable]	markers=8/3119 (0.3%, depth 3.17x)
  Veillonella_parvula_A.db	[detected, not strain-resolvable]	markers=3/1933 (0.2%, depth 0.63x)
summary: 1/30 species strain-resolved (0 strain calls), 12 detected-not-resolvable, 17 absent
coverage of sample: strain calls account for -0.0% of 2954568 tag observations (100.0% unclassified — unresolved species, no reference, host, error)
predictions -> /lustre1/g/aos_shihuang/Strain2bScan/work/lim_orpi/preds/SF013.pred.tsv
RUN SF014
cross-species filter: 356204/415597 markers usable for quantification (14.3% shared with another species in the panel, excluded)
sample: 14742 distinct tag markers; 30 species DBs; resolve-gate≥max(50, 0%×panel), detect-gate≥3 (threads: 16)
#species	cluster	abundance	coverage	support	depth	global_abundance	sample_fraction
  Bosea_sp001556125.db	[detected, not strain-resolvable]	markers=4/83397 (0.0%, depth 0.00x)
  Cutibacterium_acnes.db	[detected, not strain-resolvable]	markers=32/5083 (0.6%, depth 7.90x)
  Granulicatella_adiacens.db	[detected, not strain-resolvable]	markers=6/771 (0.8%, depth 0.03x)
  Haemophilus_D_parainfluenzae.db	[detected, not strain-resolvable]	markers=3/5861 (0.1%, depth 0.00x)
  Klebsiella_variicola.db	[detected, not strain-resolvable]	markers=3/24929 (0.0%, depth 0.13x)
  Methylobacterium_aquaticum.db	[detected, not strain-resolvable]	markers=3/16433 (0.0%, depth 0.00x)
  Neisseria_elongata.db	[detected, not strain-resolvable]	markers=12/3776 (0.3%, depth 0.15x)
  Neisseria_sp000186165.db	layer1=cst (auto — 0 cluster(s) below the support floor, 5 informative internal node(s), 5 fallback node(s))
  Neisseria_sp000186165.db	[strain-resolved, no cluster above threshold]	markers=57/18235 (depth 0.35x)
  Pseudomonas_E_fluorescens_AN.db	[detected, not strain-resolvable]	markers=9/140286 (0.0%, depth 0.05x)
  Ralstonia_mannitolilytica.db	[detected, not strain-resolvable]	markers=32/14996 (0.2%, depth 1.15x)
  Rothia_aeria.db	layer1=cst (auto — 0 cluster(s) below the support floor, 2 informative internal node(s), 2 fallback node(s))
  Rothia_aeria.db	[strain-resolved, no cluster above threshold]	markers=21/2497 (depth 0.03x)
  Rothia_dentocariosa.db	[detected, not strain-resolvable]	markers=4/4230 (0.1%, depth 0.00x)
  Streptococcus_gordonii.db	layer1=cst (auto — 0 cluster(s) below the support floor, 3 informative internal node(s), 2 fallback node(s))
  Streptococcus_gordonii.db	[strain-resolved, no cluster above threshold]	markers=14/1656 (depth 0.02x)
  Streptococcus_mutans.db	[detected, not strain-resolvable]	markers=10/790 (1.3%, depth 15.71x)
  Streptococcus_parasanguinis_B.db	[detected, not strain-resolvable]	markers=5/1865 (0.3%, depth 2.89x)
  Streptococcus_salivarius.db	[detected, not strain-resolvable]	markers=15/3119 (0.5%, depth 5.51x)
summary: 3/30 species strain-resolved (0 strain calls), 13 detected-not-resolvable, 14 absent
coverage of sample: strain calls account for -0.0% of 1603933 tag observations (100.0% unclassified — unresolved species, no reference, host, error)
predictions -> /lustre1/g/aos_shihuang/Strain2bScan/work/lim_orpi/preds/SF014.pred.tsv
RUN SF015
cross-species filter: 356204/415597 markers usable for quantification (14.3% shared with another species in the panel, excluded)
sample: 23798 distinct tag markers; 30 species DBs; resolve-gate≥max(50, 0%×panel), detect-gate≥3 (threads: 16)
#species	cluster	abundance	coverage	support	depth	global_abundance	sample_fraction
  Bosea_sp001556125.db	[detected, not strain-resolvable]	markers=8/83397 (0.0%, depth 0.02x)
  Cutibacterium_acnes.db	[detected, not strain-resolvable]	markers=48/5083 (0.9%, depth 3.29x)
  Haemophilus_D_parainfluenzae.db	[detected, not strain-resolvable]	markers=5/5861 (0.1%, depth 0.00x)
  Neisseria_elongata.db	[detected, not strain-resolvable]	markers=8/3776 (0.2%, depth 0.00x)
  Neisseria_sp000186165.db	layer1=cst (auto — 0 cluster(s) below the support floor, 5 informative internal node(s), 5 fallback node(s))
  Neisseria_sp000186165.db	[strain-resolved, no cluster above threshold]	markers=28/18235 (depth 0.49x)
  Porphyromonas_gingivalis.db	[detected, not strain-resolvable]	markers=6/5779 (0.1%, depth 0.33x)
  Pseudomonas_E_fluorescens_AN.db	layer1=cst (auto — 0 cluster(s) below the support floor, 17 informative internal node(s), 17 fallback node(s))
  Pseudomonas_E_fluorescens_AN.db	[strain-resolved, no cluster above threshold]	markers=27/140286 (depth 0.05x)
  Ralstonia_mannitolilytica.db	layer1=cst (auto — 0 cluster(s) below the support floor, 3 informative internal node(s), 3 fallback node(s))
  Ralstonia_mannitolilytica.db	[strain-resolved, no cluster above threshold]	markers=22/14996 (depth 0.33x)
  Rothia_aeria.db	[detected, not strain-resolvable]	markers=5/2497 (0.2%, depth 0.00x)
  Streptococcus_gordonii.db	[detected, not strain-resolvable]	markers=5/1656 (0.3%, depth 0.00x)
  Streptococcus_mutans.db	[detected, not strain-resolvable]	markers=5/790 (0.6%, depth 0.26x)
  Streptococcus_parasanguinis_B.db	[detected, not strain-resolvable]	markers=4/1865 (0.2%, depth 0.54x)
  Streptococcus_salivarius.db	layer1=unique (auto — 0 cluster(s) below the support floor, 0 informative internal node(s), 0 fallback node(s))
  Streptococcus_salivarius.db	[strain-resolved, no cluster above threshold]	markers=71/3119 (depth 30.90x)
summary: 4/30 species strain-resolved (0 strain calls), 9 detected-not-resolvable, 17 absent
coverage of sample: strain calls account for -0.0% of 3472857 tag observations (100.0% unclassified — unresolved species, no reference, host, error)
predictions -> /lustre1/g/aos_shihuang/Strain2bScan/work/lim_orpi/preds/SF015.pred.tsv
RUN SF016
cross-species filter: 356204/415597 markers usable for quantification (14.3% shared with another species in the panel, excluded)
sample: 37066 distinct tag markers; 30 species DBs; resolve-gate≥max(50, 0%×panel), detect-gate≥3 (threads: 16)
#species	cluster	abundance	coverage	support	depth	global_abundance	sample_fraction
  Rothia_kristinae.db	C0|C1|C2	1.000000	0.61	438	865.483	1.000000	0.321720
  Cutibacterium_acnes.db	layer1=cst (auto — 1 cluster(s) below the support floor, 7 informative internal node(s), 5 fallback node(s))
  Cutibacterium_acnes.db	[strain-resolved, no cluster above threshold]	markers=16/5083 (depth 0.35x)
  Granulicatella_adiacens.db	[detected, not strain-resolvable]	markers=13/771 (1.7%, depth 1.83x)
  Haemophilus_D_parainfluenzae.db	layer1=cst (auto — 0 cluster(s) below the support floor, 7 informative internal node(s), 7 fallback node(s))
  Haemophilus_D_parainfluenzae.db	[strain-resolved, no cluster above threshold]	markers=27/5861 (depth 0.12x)
  Neisseria_elongata.db	layer1=cst (auto — 0 cluster(s) below the support floor, 2 informative internal node(s), 2 fallback node(s))
  Neisseria_elongata.db	[strain-resolved, no cluster above threshold]	markers=115/3776 (depth 0.10x)
  Neisseria_sp000186165.db	layer1=cst (auto — 0 cluster(s) below the support floor, 5 informative internal node(s), 5 fallback node(s))
  Neisseria_sp000186165.db	[strain-resolved, no cluster above threshold]	markers=162/18235 (depth 0.22x)
  Porphyromonas_gingivalis.db	[detected, not strain-resolvable]	markers=3/5779 (0.1%, depth 0.07x)
  Ralstonia_mannitolilytica.db	[detected, not strain-resolvable]	markers=3/14996 (0.0%, depth 0.01x)
  Rothia_aeria.db	[detected, not strain-resolvable]	markers=44/2497 (1.8%, depth 2.96x)
  Rothia_dentocariosa.db	layer1=cst (auto — 0 cluster(s) below the support floor, 4 informative internal node(s), 4 fallback node(s))
  Rothia_dentocariosa.db	[strain-resolved, no cluster above threshold]	markers=575/4230 (depth 71.25x)
  Rothia_kristinae.db	layer1=cst (auto — 0 cluster(s) below the support floor, 2 informative internal node(s), 2 fallback node(s))
  Streptococcus_gordonii.db	layer1=cst (auto — 0 cluster(s) below the support floor, 3 informative internal node(s), 2 fallback node(s))
  Streptococcus_gordonii.db	[strain-resolved, no cluster above threshold]	markers=35/1656 (depth 0.24x)
  Streptococcus_mutans.db	[detected, not strain-resolvable]	markers=9/790 (1.1%, depth 0.22x)
  Streptococcus_parasanguinis_B.db	[detected, not strain-resolvable]	markers=40/1865 (2.1%, depth 3.59x)
  Streptococcus_salivarius.db	layer1=unique (auto — 0 cluster(s) below the support floor, 0 informative internal node(s), 0 fallback node(s))
  Streptococcus_salivarius.db	[strain-resolved, no cluster above threshold]	markers=133/3119 (depth 2.16x)
  Veillonella_parvula_A.db	layer1=cst (auto — 0 cluster(s) below the support floor, 4 informative internal node(s), 3 fallback node(s))
  Veillonella_parvula_A.db	[strain-resolved, no cluster above threshold]	markers=29/1933 (depth 0.06x)
summary: 9/30 species strain-resolved (1 strain calls), 6 detected-not-resolvable, 15 absent
coverage of sample: strain calls account for 32.2% of 5022555 tag observations (67.8% unclassified — unresolved species, no reference, host, error)
predictions -> /lustre1/g/aos_shihuang/Strain2bScan/work/lim_orpi/preds/SF016.pred.tsv
RUN SF017
cross-species filter: 356204/415597 markers usable for quantification (14.3% shared with another species in the panel, excluded)
sample: 13214 distinct tag markers; 30 species DBs; resolve-gate≥max(50, 0%×panel), detect-gate≥3 (threads: 16)
#species	cluster	abundance	coverage	support	depth	global_abundance	sample_fraction
  Bosea_sp001556125.db	[detected, not strain-resolvable]	markers=4/83397 (0.0%, depth 0.00x)
  Cutibacterium_acnes.db	layer1=cst (auto — 1 cluster(s) below the support floor, 7 informative internal node(s), 5 fallback node(s))
  Cutibacterium_acnes.db	[strain-resolved, no cluster above threshold]	markers=66/5083 (depth 11.24x)
  Haemophilus_D_parainfluenzae.db	[detected, not strain-resolvable]	markers=3/5861 (0.1%, depth 0.51x)
  Klebsiella_variicola.db	[detected, not strain-resolvable]	markers=3/24929 (0.0%, depth 0.00x)
  Neisseria_elongata.db	[detected, not strain-resolvable]	markers=5/3776 (0.1%, depth 0.41x)
  Neisseria_sp000186165.db	layer1=cst (auto — 0 cluster(s) below the support floor, 5 informative internal node(s), 5 fallback node(s))
  Neisseria_sp000186165.db	[strain-resolved, no cluster above threshold]	markers=24/18235 (depth 0.46x)
  Porphyromonas_gingivalis.db	[detected, not strain-resolvable]	markers=11/5779 (0.2%, depth 1.05x)
  Pseudomonas_E_fluorescens_AN.db	[detected, not strain-resolvable]	markers=9/140286 (0.0%, depth 0.05x)
  Ralstonia_mannitolilytica.db	[detected, not strain-resolvable]	markers=10/14996 (0.1%, depth 0.21x)
  Rothia_aeria.db	[detected, not strain-resolvable]	markers=6/2497 (0.2%, depth 0.95x)
  Rothia_dentocariosa.db	[detected, not strain-resolvable]	markers=7/4230 (0.2%, depth 0.27x)
  Streptococcus_salivarius.db	[detected, not strain-resolvable]	markers=27/3119 (0.9%, depth 4.74x)
  Streptococcus_sobrinus.db	[detected, not strain-resolvable]	markers=7/732 (1.0%, depth 0.02x)
summary: 2/30 species strain-resolved (0 strain calls), 11 detected-not-resolvable, 17 absent
coverage of sample: strain calls account for -0.0% of 1458495 tag observations (100.0% unclassified — unresolved species, no reference, host, error)
predictions -> /lustre1/g/aos_shihuang/Strain2bScan/work/lim_orpi/preds/SF017.pred.tsv
RUN SF018
cross-species filter: 356204/415597 markers usable for quantification (14.3% shared with another species in the panel, excluded)
sample: 68251 distinct tag markers; 30 species DBs; resolve-gate≥max(50, 0%×panel), detect-gate≥3 (threads: 16)
#species	cluster	abundance	coverage	support	depth	global_abundance	sample_fraction
  Granulicatella_adiacens.db	C0|C1	1.000000	0.65	134	135.478	0.277146	0.014143
  Veillonella_parvula_A.db	C1|C2|C3|C4|C5	1.000000	0.71	22	353.355	0.722854	0.049502
  Bosea_sp001556125.db	[detected, not strain-resolvable]	markers=6/83397 (0.0%, depth 0.00x)
  Cutibacterium_acnes.db	[detected, not strain-resolvable]	markers=13/5083 (0.3%, depth 0.99x)
  Granulicatella_adiacens.db	layer1=cst (auto — 0 cluster(s) below the support floor, 1 informative internal node(s), 1 fallback node(s))
  Haemophilus_D_parainfluenzae.db	layer1=cst (auto — 0 cluster(s) below the support floor, 7 informative internal node(s), 7 fallback node(s))
  Haemophilus_D_parainfluenzae.db	[strain-resolved, no cluster above threshold]	markers=20/5861 (depth 0.07x)
  Neisseria_elongata.db	layer1=cst (auto — 0 cluster(s) below the support floor, 2 informative internal node(s), 2 fallback node(s))
  Neisseria_elongata.db	[strain-resolved, no cluster above threshold]	markers=515/3776 (depth 7.12x)
  Neisseria_sp000186165.db	layer1=cst (auto — 0 cluster(s) below the support floor, 5 informative internal node(s), 5 fallback node(s))
  Neisseria_sp000186165.db	[strain-resolved, no cluster above threshold]	markers=420/18235 (depth 0.58x)
  Porphyromonas_gingivalis.db	[detected, not strain-resolvable]	markers=3/5779 (0.1%, depth 0.01x)
  Prevotella_sp000257925.db	[detected, not strain-resolvable]	markers=6/14665 (0.0%, depth 0.01x)
  Pseudomonas_E_fluorescens_AN.db	[detected, not strain-resolvable]	markers=3/140286 (0.0%, depth 0.00x)
  Ralstonia_mannitolilytica.db	[detected, not strain-resolvable]	markers=3/14996 (0.0%, depth 0.01x)
  Rothia_aeria.db	layer1=cst (auto — 0 cluster(s) below the support floor, 2 informative internal node(s), 2 fallback node(s))
  Rothia_aeria.db	[strain-resolved, no cluster above threshold]	markers=101/2497 (depth 0.61x)
  Rothia_dentocariosa.db	layer1=cst (auto — 0 cluster(s) below the support floor, 4 informative internal node(s), 4 fallback node(s))
  Rothia_dentocariosa.db	[strain-resolved, no cluster above threshold]	markers=382/4230 (depth 2.16x)
  Rothia_kristinae.db	layer1=cst (auto — 0 cluster(s) below the support floor, 2 informative internal node(s), 2 fallback node(s))
  Rothia_kristinae.db	[strain-resolved, no cluster above threshold]	markers=100/3041 (depth 0.08x)
  Streptococcus_anginosus_C.db	layer1=cst (auto — 7 cluster(s) below the support floor, 7 informative internal node(s), 3 fallback node(s))
  Streptococcus_anginosus_C.db	[strain-resolved, no cluster above threshold]	markers=202/2130 (depth 4.07x)
  Streptococcus_gordonii.db	layer1=cst (auto — 0 cluster(s) below the support floor, 3 informative internal node(s), 2 fallback node(s))
  Streptococcus_gordonii.db	[strain-resolved, no cluster above threshold]	markers=499/1656 (depth 177.09x)
  Streptococcus_mutans.db	layer1=cst (auto — 3 cluster(s) below the support floor, 1 informative internal node(s), 0 fallback node(s))
  Streptococcus_mutans.db	[strain-resolved, no cluster above threshold]	markers=279/790 (depth 499.72x)
  Streptococcus_parasanguinis_B.db	layer1=cst (auto — 0 cluster(s) below the support floor, 4 informative internal node(s), 4 fallback node(s))
  Streptococcus_parasanguinis_B.db	[strain-resolved, no cluster above threshold]	markers=249/1865 (depth 6.37x)
  Streptococcus_salivarius.db	layer1=unique (auto — 0 cluster(s) below the support floor, 0 informative internal node(s), 0 fallback node(s))
  Streptococcus_salivarius.db	[strain-resolved, no cluster above threshold]	markers=158/3119 (depth 0.82x)
  Streptococcus_sobrinus.db	layer1=cst (auto — 0 cluster(s) below the support floor, 2 informative internal node(s), 2 fallback node(s))
  Streptococcus_sobrinus.db	[strain-resolved, no cluster above threshold]	markers=63/732 (depth 20.46x)
  Veillonella_parvula_A.db	layer1=cst (auto — 0 cluster(s) below the support floor, 4 informative internal node(s), 3 fallback node(s))
summary: 14/30 species strain-resolved (2 strain calls), 6 detected-not-resolvable, 10 absent
coverage of sample: strain calls account for 6.4% of 4789695 tag observations (93.6% unclassified — unresolved species, no reference, host, error)
predictions -> /lustre1/g/aos_shihuang/Strain2bScan/work/lim_orpi/preds/SF018.pred.tsv
RUN SF019
cross-species filter: 356204/415597 markers usable for quantification (14.3% shared with another species in the panel, excluded)
sample: 10543 distinct tag markers; 30 species DBs; resolve-gate≥max(50, 0%×panel), detect-gate≥3 (threads: 16)
#species	cluster	abundance	coverage	support	depth	global_abundance	sample_fraction
  Bosea_sp001556125.db	[detected, not strain-resolvable]	markers=5/83397 (0.0%, depth 0.00x)
  Cutibacterium_acnes.db	layer1=cst (auto — 1 cluster(s) below the support floor, 7 informative internal node(s), 5 fallback node(s))
  Cutibacterium_acnes.db	[strain-resolved, no cluster above threshold]	markers=67/5083 (depth 15.95x)
  Haemophilus_D_parainfluenzae.db	[detected, not strain-resolvable]	markers=3/5861 (0.1%, depth 0.42x)
  Klebsiella_variicola.db	[detected, not strain-resolvable]	markers=4/24929 (0.0%, depth 0.00x)
  Neisseria_sp000186165.db	[detected, not strain-resolvable]	markers=3/18235 (0.0%, depth 0.11x)
  Porphyromonas_gingivalis.db	[detected, not strain-resolvable]	markers=3/5779 (0.1%, depth 0.50x)
  Pseudomonas_E_fluorescens_AN.db	[detected, not strain-resolvable]	markers=5/140286 (0.0%, depth 0.01x)
  Ralstonia_mannitolilytica.db	[detected, not strain-resolvable]	markers=7/14996 (0.0%, depth 0.00x)
  Rothia_aeria.db	[detected, not strain-resolvable]	markers=3/2497 (0.1%, depth 0.00x)
  Rothia_dentocariosa.db	[detected, not strain-resolvable]	markers=10/4230 (0.2%, depth 1.46x)
  Streptococcus_gordonii.db	[detected, not strain-resolvable]	markers=8/1656 (0.5%, depth 0.01x)
  Streptococcus_salivarius.db	layer1=unique (auto — 0 cluster(s) below the support floor, 0 informative internal node(s), 0 fallback node(s))
  Streptococcus_salivarius.db	[strain-resolved, no cluster above threshold]	markers=14/3119 (depth 0.01x)
  Streptococcus_sobrinus.db	[detected, not strain-resolvable]	markers=9/732 (1.2%, depth 15.05x)
summary: 2/30 species strain-resolved (0 strain calls), 11 detected-not-resolvable, 17 absent
coverage of sample: strain calls account for -0.0% of 1124004 tag observations (100.0% unclassified — unresolved species, no reference, host, error)
predictions -> /lustre1/g/aos_shihuang/Strain2bScan/work/lim_orpi/preds/SF019.pred.tsv
RUN SF020
cross-species filter: 356204/415597 markers usable for quantification (14.3% shared with another species in the panel, excluded)
sample: 9191 distinct tag markers; 30 species DBs; resolve-gate≥max(50, 0%×panel), detect-gate≥3 (threads: 16)
#species	cluster	abundance	coverage	support	depth	global_abundance	sample_fraction
  Bosea_sp001556125.db	[detected, not strain-resolvable]	markers=11/83397 (0.0%, depth 0.02x)
  Cutibacterium_acnes.db	[detected, not strain-resolvable]	markers=20/5083 (0.4%, depth 3.64x)
  Neisseria_elongata.db	[detected, not strain-resolvable]	markers=5/3776 (0.1%, depth 0.00x)
  Neisseria_sp000186165.db	layer1=cst (auto — 0 cluster(s) below the support floor, 5 informative internal node(s), 5 fallback node(s))
  Neisseria_sp000186165.db	[strain-resolved, no cluster above threshold]	markers=43/18235 (depth 0.25x)
  Pseudomonas_E_fluorescens_AN.db	[detected, not strain-resolvable]	markers=4/140286 (0.0%, depth 0.05x)
  Ralstonia_mannitolilytica.db	[detected, not strain-resolvable]	markers=21/14996 (0.1%, depth 4.24x)
  Rothia_aeria.db	layer1=cst (auto — 0 cluster(s) below the support floor, 2 informative internal node(s), 2 fallback node(s))
  Rothia_aeria.db	[strain-resolved, no cluster above threshold]	markers=14/2497 (depth 0.01x)
  Rothia_dentocariosa.db	[detected, not strain-resolvable]	markers=10/4230 (0.2%, depth 0.00x)
  Streptococcus_gordonii.db	[detected, not strain-resolvable]	markers=7/1656 (0.4%, depth 0.01x)
  Streptococcus_salivarius.db	[detected, not strain-resolvable]	markers=5/3119 (0.2%, depth 0.25x)
  Veillonella_parvula_A.db	[detected, not strain-resolvable]	markers=5/1933 (0.3%, depth 1.50x)
summary: 2/30 species strain-resolved (0 strain calls), 9 detected-not-resolvable, 19 absent
coverage of sample: strain calls account for -0.0% of 1191432 tag observations (100.0% unclassified — unresolved species, no reference, host, error)
predictions -> /lustre1/g/aos_shihuang/Strain2bScan/work/lim_orpi/preds/SF020.pred.tsv
RUN SF021
cross-species filter: 356204/415597 markers usable for quantification (14.3% shared with another species in the panel, excluded)
sample: 10885 distinct tag markers; 30 species DBs; resolve-gate≥max(50, 0%×panel), detect-gate≥3 (threads: 16)
#species	cluster	abundance	coverage	support	depth	global_abundance	sample_fraction
  Bosea_sp001556125.db	[detected, not strain-resolvable]	markers=4/83397 (0.0%, depth 0.02x)
  Cutibacterium_acnes.db	layer1=cst (auto — 1 cluster(s) below the support floor, 7 informative internal node(s), 5 fallback node(s))
  Cutibacterium_acnes.db	[strain-resolved, no cluster above threshold]	markers=79/5083 (depth 1.53x)
  Neisseria_sp000186165.db	[detected, not strain-resolvable]	markers=13/18235 (0.1%, depth 0.57x)
  Prevotella_sp000257925.db	[detected, not strain-resolvable]	markers=3/14665 (0.0%, depth 0.06x)
  Pseudomonas_E_fluorescens_AN.db	[detected, not strain-resolvable]	markers=9/140286 (0.0%, depth 0.00x)
  Ralstonia_mannitolilytica.db	[detected, not strain-resolvable]	markers=22/14996 (0.1%, depth 0.81x)
  Rothia_aeria.db	[detected, not strain-resolvable]	markers=3/2497 (0.1%, depth 0.00x)
  Streptococcus_gordonii.db	[detected, not strain-resolvable]	markers=6/1656 (0.4%, depth 2.51x)
  Veillonella_parvula_A.db	[detected, not strain-resolvable]	markers=3/1933 (0.2%, depth 0.90x)
summary: 1/30 species strain-resolved (0 strain calls), 8 detected-not-resolvable, 21 absent
coverage of sample: strain calls account for -0.0% of 1375489 tag observations (100.0% unclassified — unresolved species, no reference, host, error)
predictions -> /lustre1/g/aos_shihuang/Strain2bScan/work/lim_orpi/preds/SF021.pred.tsv
RUN SF022
cross-species filter: 356204/415597 markers usable for quantification (14.3% shared with another species in the panel, excluded)
sample: 16862 distinct tag markers; 30 species DBs; resolve-gate≥max(50, 0%×panel), detect-gate≥3 (threads: 16)
#species	cluster	abundance	coverage	support	depth	global_abundance	sample_fraction
  Bosea_sp001556125.db	[detected, not strain-resolvable]	markers=3/83397 (0.0%, depth 0.00x)
  Cutibacterium_acnes.db	[detected, not strain-resolvable]	markers=39/5083 (0.8%, depth 3.58x)
  Haemophilus_D_parainfluenzae.db	[detected, not strain-resolvable]	markers=3/5861 (0.1%, depth 0.00x)
  Neisseria_sp000186165.db	layer1=cst (auto — 0 cluster(s) below the support floor, 5 informative internal node(s), 5 fallback node(s))
  Neisseria_sp000186165.db	[strain-resolved, no cluster above threshold]	markers=68/18235 (depth 0.41x)
  Pseudomonas_E_fluorescens_AN.db	[detected, not strain-resolvable]	markers=7/140286 (0.0%, depth 0.03x)
  Ralstonia_mannitolilytica.db	layer1=cst (auto — 0 cluster(s) below the support floor, 3 informative internal node(s), 3 fallback node(s))
  Ralstonia_mannitolilytica.db	[strain-resolved, no cluster above threshold]	markers=19/14996 (depth 0.01x)
  Rothia_dentocariosa.db	[detected, not strain-resolvable]	markers=6/4230 (0.1%, depth 2.58x)
  Streptococcus_parasanguinis_B.db	[detected, not strain-resolvable]	markers=3/1865 (0.2%, depth 0.00x)
  Streptococcus_salivarius.db	[detected, not strain-resolvable]	markers=4/3119 (0.1%, depth 0.30x)
summary: 2/30 species strain-resolved (0 strain calls), 7 detected-not-resolvable, 21 absent
coverage of sample: strain calls account for -0.0% of 2364155 tag observations (100.0% unclassified — unresolved species, no reference, host, error)
predictions -> /lustre1/g/aos_shihuang/Strain2bScan/work/lim_orpi/preds/SF022.pred.tsv
RUN SF023
cross-species filter: 356204/415597 markers usable for quantification (14.3% shared with another species in the panel, excluded)
sample: 10637 distinct tag markers; 30 species DBs; resolve-gate≥max(50, 0%×panel), detect-gate≥3 (threads: 16)
#species	cluster	abundance	coverage	support	depth	global_abundance	sample_fraction
  Bosea_sp001556125.db	[detected, not strain-resolvable]	markers=4/83397 (0.0%, depth 0.00x)
  Cutibacterium_acnes.db	[detected, not strain-resolvable]	markers=18/5083 (0.4%, depth 12.45x)
  Neisseria_elongata.db	[detected, not strain-resolvable]	markers=3/3776 (0.1%, depth 0.00x)
  Neisseria_sp000186165.db	[detected, not strain-resolvable]	markers=11/18235 (0.1%, depth 0.33x)
  Porphyromonas_gingivalis.db	[detected, not strain-resolvable]	markers=3/5779 (0.1%, depth 0.23x)
  Pseudomonas_E_fluorescens_AN.db	layer1=cst (auto — 0 cluster(s) below the support floor, 17 informative internal node(s), 17 fallback node(s))
  Pseudomonas_E_fluorescens_AN.db	[strain-resolved, no cluster above threshold]	markers=13/140286 (depth 0.13x)
  Ralstonia_mannitolilytica.db	[detected, not strain-resolvable]	markers=14/14996 (0.1%, depth 5.02x)
  Streptococcus_salivarius.db	[detected, not strain-resolvable]	markers=4/3119 (0.1%, depth 0.00x)
summary: 1/30 species strain-resolved (0 strain calls), 7 detected-not-resolvable, 22 absent
coverage of sample: strain calls account for -0.0% of 1736928 tag observations (100.0% unclassified — unresolved species, no reference, host, error)
predictions -> /lustre1/g/aos_shihuang/Strain2bScan/work/lim_orpi/preds/SF023.pred.tsv
RUN SF024
cross-species filter: 356204/415597 markers usable for quantification (14.3% shared with another species in the panel, excluded)
sample: 9366 distinct tag markers; 30 species DBs; resolve-gate≥max(50, 0%×panel), detect-gate≥3 (threads: 16)
#species	cluster	abundance	coverage	support	depth	global_abundance	sample_fraction
  Bosea_sp001556125.db	[detected, not strain-resolvable]	markers=4/83397 (0.0%, depth 0.00x)
  Cutibacterium_acnes.db	[detected, not strain-resolvable]	markers=23/5083 (0.5%, depth 4.13x)
  Neisseria_sp000186165.db	[detected, not strain-resolvable]	markers=23/18235 (0.1%, depth 0.93x)
  Pseudomonas_E_fluorescens_AN.db	[detected, not strain-resolvable]	markers=9/140286 (0.0%, depth 0.04x)
  Ralstonia_mannitolilytica.db	layer1=cst (auto — 0 cluster(s) below the support floor, 3 informative internal node(s), 3 fallback node(s))
  Ralstonia_mannitolilytica.db	[strain-resolved, no cluster above threshold]	markers=55/14996 (depth 2.57x)
  Rothia_aeria.db	[detected, not strain-resolvable]	markers=12/2497 (0.5%, depth 0.01x)
  Rothia_dentocariosa.db	[detected, not strain-resolvable]	markers=7/4230 (0.2%, depth 0.68x)
  Streptococcus_gordonii.db	[detected, not strain-resolvable]	markers=7/1656 (0.4%, depth 0.01x)
summary: 1/30 species strain-resolved (0 strain calls), 7 detected-not-resolvable, 22 absent
coverage of sample: strain calls account for -0.0% of 1360886 tag observations (100.0% unclassified — unresolved species, no reference, host, error)
predictions -> /lustre1/g/aos_shihuang/Strain2bScan/work/lim_orpi/preds/SF024.pred.tsv
RUN SF025
cross-species filter: 356204/415597 markers usable for quantification (14.3% shared with another species in the panel, excluded)
sample: 23041 distinct tag markers; 30 species DBs; resolve-gate≥max(50, 0%×panel), detect-gate≥3 (threads: 16)
#species	cluster	abundance	coverage	support	depth	global_abundance	sample_fraction
  Bosea_sp001556125.db	[detected, not strain-resolvable]	markers=6/83397 (0.0%, depth 0.01x)
  Cutibacterium_acnes.db	layer1=cst (auto — 1 cluster(s) below the support floor, 7 informative internal node(s), 5 fallback node(s))
  Cutibacterium_acnes.db	[strain-resolved, no cluster above threshold]	markers=62/5083 (depth 2.67x)
  Neisseria_sp000186165.db	layer1=cst (auto — 0 cluster(s) below the support floor, 5 informative internal node(s), 5 fallback node(s))
  Neisseria_sp000186165.db	[strain-resolved, no cluster above threshold]	markers=19/18235 (depth 0.00x)
  Porphyromonas_gingivalis.db	[detected, not strain-resolvable]	markers=5/5779 (0.1%, depth 0.14x)
  Pseudomonas_E_fluorescens_AN.db	layer1=cst (auto — 0 cluster(s) below the support floor, 17 informative internal node(s), 17 fallback node(s))
  Pseudomonas_E_fluorescens_AN.db	[strain-resolved, no cluster above threshold]	markers=65/140286 (depth 0.41x)
  Ralstonia_mannitolilytica.db	[detected, not strain-resolvable]	markers=41/14996 (0.3%, depth 2.03x)
  Rothia_aeria.db	[detected, not strain-resolvable]	markers=7/2497 (0.3%, depth 1.47x)
  Rothia_dentocariosa.db	[detected, not strain-resolvable]	markers=9/4230 (0.2%, depth 0.66x)
  Streptococcus_gordonii.db	[detected, not strain-resolvable]	markers=4/1656 (0.2%, depth 0.00x)
  Streptococcus_salivarius.db	[detected, not strain-resolvable]	markers=6/3119 (0.2%, depth 0.00x)
summary: 3/30 species strain-resolved (0 strain calls), 7 detected-not-resolvable, 20 absent
coverage of sample: strain calls account for -0.0% of 3513650 tag observations (100.0% unclassified — unresolved species, no reference, host, error)
predictions -> /lustre1/g/aos_shihuang/Strain2bScan/work/lim_orpi/preds/SF025.pred.tsv
RUN SF026
cross-species filter: 356204/415597 markers usable for quantification (14.3% shared with another species in the panel, excluded)
sample: 11423 distinct tag markers; 30 species DBs; resolve-gate≥max(50, 0%×panel), detect-gate≥3 (threads: 16)
#species	cluster	abundance	coverage	support	depth	global_abundance	sample_fraction
  Bosea_sp001556125.db	layer1=cst (auto — 0 cluster(s) below the support floor, 4 informative internal node(s), 4 fallback node(s))
  Bosea_sp001556125.db	[strain-resolved, no cluster above threshold]	markers=26/83397 (depth 0.01x)
  Cutibacterium_acnes.db	[detected, not strain-resolvable]	markers=14/5083 (0.3%, depth 3.74x)
  Methylobacterium_aquaticum.db	[detected, not strain-resolvable]	markers=3/16433 (0.0%, depth 0.00x)
  Neisseria_elongata.db	[detected, not strain-resolvable]	markers=3/3776 (0.1%, depth 0.00x)
  Neisseria_sp000186165.db	layer1=cst (auto — 0 cluster(s) below the support floor, 5 informative internal node(s), 5 fallback node(s))
  Neisseria_sp000186165.db	[strain-resolved, no cluster above threshold]	markers=35/18235 (depth 0.62x)
  Porphyromonas_gingivalis.db	[detected, not strain-resolvable]	markers=4/5779 (0.1%, depth 0.64x)
  Pseudomonas_E_fluorescens_AN.db	layer1=cst (auto — 0 cluster(s) below the support floor, 17 informative internal node(s), 17 fallback node(s))
  Pseudomonas_E_fluorescens_AN.db	[strain-resolved, no cluster above threshold]	markers=17/140286 (depth 0.03x)
  Ralstonia_mannitolilytica.db	layer1=cst (auto — 0 cluster(s) below the support floor, 3 informative internal node(s), 3 fallback node(s))
  Ralstonia_mannitolilytica.db	[strain-resolved, no cluster above threshold]	markers=44/14996 (depth 0.00x)
  Rothia_aeria.db	[detected, not strain-resolvable]	markers=7/2497 (0.3%, depth 0.00x)
  Rothia_dentocariosa.db	layer1=cst (auto — 0 cluster(s) below the support floor, 4 informative internal node(s), 4 fallback node(s))
  Rothia_dentocariosa.db	[strain-resolved, no cluster above threshold]	markers=14/4230 (depth 0.00x)
  Streptococcus_gordonii.db	[detected, not strain-resolvable]	markers=11/1656 (0.7%, depth 0.06x)
  Streptococcus_parasanguinis_B.db	[detected, not strain-resolvable]	markers=4/1865 (0.2%, depth 0.00x)
  Streptococcus_salivarius.db	[detected, not strain-resolvable]	markers=3/3119 (0.1%, depth 0.00x)
  Veillonella_parvula_A.db	[detected, not strain-resolvable]	markers=4/1933 (0.2%, depth 0.00x)
summary: 5/30 species strain-resolved (0 strain calls), 9 detected-not-resolvable, 16 absent
coverage of sample: strain calls account for -0.0% of 1599311 tag observations (100.0% unclassified — unresolved species, no reference, host, error)
predictions -> /lustre1/g/aos_shihuang/Strain2bScan/work/lim_orpi/preds/SF026.pred.tsv
RUN SF027
cross-species filter: 356204/415597 markers usable for quantification (14.3% shared with another species in the panel, excluded)
sample: 52685 distinct tag markers; 30 species DBs; resolve-gate≥max(50, 0%×panel), detect-gate≥3 (threads: 16)
#species	cluster	abundance	coverage	support	depth	global_abundance	sample_fraction
  Veillonella_parvula_A.db	C1|C2|C3|C5	1.000000	0.57	80	287.475	1.000000	0.033899
  Bosea_sp001556125.db	[detected, not strain-resolvable]	markers=4/83397 (0.0%, depth 0.00x)
  Cutibacterium_acnes.db	layer1=cst (auto — 1 cluster(s) below the support floor, 7 informative internal node(s), 5 fallback node(s))
  Cutibacterium_acnes.db	[strain-resolved, no cluster above threshold]	markers=14/5083 (depth 0.22x)
  Granulicatella_adiacens.db	layer1=cst (auto — 0 cluster(s) below the support floor, 1 informative internal node(s), 1 fallback node(s))
  Granulicatella_adiacens.db	[strain-resolved, no cluster above threshold]	markers=103/771 (depth 18.70x)
  Haemophilus_D_parainfluenzae.db	layer1=cst (auto — 0 cluster(s) below the support floor, 7 informative internal node(s), 7 fallback node(s))
  Haemophilus_D_parainfluenzae.db	[strain-resolved, no cluster above threshold]	markers=338/5861 (depth 18.15x)
  Klebsiella_variicola.db	layer1=cst (auto — 0 cluster(s) below the support floor, 8 informative internal node(s), 5 fallback node(s))
  Klebsiella_variicola.db	[strain-resolved, no cluster above threshold]	markers=133/24929 (depth 0.54x)
  Methylobacterium_aquaticum.db	[detected, not strain-resolvable]	markers=8/16433 (0.0%, depth 0.00x)
  Neisseria_elongata.db	layer1=cst (auto — 0 cluster(s) below the support floor, 2 informative internal node(s), 2 fallback node(s))
  Neisseria_elongata.db	[strain-resolved, no cluster above threshold]	markers=519/3776 (depth 54.82x)
  Neisseria_sp000186165.db	layer1=cst (auto — 0 cluster(s) below the support floor, 5 informative internal node(s), 5 fallback node(s))
  Neisseria_sp000186165.db	[strain-resolved, no cluster above threshold]	markers=879/18235 (depth 44.20x)
  Porphyromonas_gingivalis.db	[detected, not strain-resolvable]	markers=9/5779 (0.2%, depth 0.13x)
  Prevotella_sp000257925.db	layer1=unique (auto — 0 cluster(s) below the support floor, 0 informative internal node(s), 0 fallback node(s))
  Prevotella_sp000257925.db	[strain-resolved, no cluster above threshold]	markers=43/14665 (depth 0.29x)
  Pseudomonas_E_fluorescens_AN.db	layer1=cst (auto — 0 cluster(s) below the support floor, 17 informative internal node(s), 17 fallback node(s))
  Pseudomonas_E_fluorescens_AN.db	[strain-resolved, no cluster above threshold]	markers=18/140286 (depth 0.02x)
  Ralstonia_mannitolilytica.db	[detected, not strain-resolvable]	markers=5/14996 (0.0%, depth 0.12x)
  Rothia_aeria.db	[detected, not strain-resolvable]	markers=8/2497 (0.3%, depth 0.17x)
  Rothia_dentocariosa.db	layer1=cst (auto — 0 cluster(s) below the support floor, 4 informative internal node(s), 4 fallback node(s))
  Rothia_dentocariosa.db	[strain-resolved, no cluster above threshold]	markers=143/4230 (depth 3.30x)
  Rothia_kristinae.db	[detected, not strain-resolvable]	markers=5/3041 (0.2%, depth 0.00x)
  Streptococcus_anginosus_C.db	[detected, not strain-resolvable]	markers=22/2130 (1.0%, depth 0.65x)
  Streptococcus_gordonii.db	layer1=cst (auto — 0 cluster(s) below the support floor, 3 informative internal node(s), 2 fallback node(s))
  Streptococcus_gordonii.db	[strain-resolved, no cluster above threshold]	markers=173/1656 (depth 33.11x)
  Streptococcus_mutans.db	[detected, not strain-resolvable]	markers=7/790 (0.9%, depth 0.01x)
  Streptococcus_parasanguinis_B.db	layer1=cst (auto — 0 cluster(s) below the support floor, 4 informative internal node(s), 4 fallback node(s))
  Streptococcus_parasanguinis_B.db	[strain-resolved, no cluster above threshold]	markers=228/1865 (depth 24.45x)
  Streptococcus_salivarius.db	layer1=unique (auto — 0 cluster(s) below the support floor, 0 informative internal node(s), 0 fallback node(s))
  Streptococcus_salivarius.db	[strain-resolved, no cluster above threshold]	markers=276/3119 (depth 19.01x)
  Streptococcus_sobrinus.db	[detected, not strain-resolvable]	markers=6/732 (0.8%, depth 0.01x)
  Veillonella_parvula_A.db	layer1=cst (auto — 0 cluster(s) below the support floor, 4 informative internal node(s), 3 fallback node(s))
summary: 13/30 species strain-resolved (1 strain calls), 9 detected-not-resolvable, 8 absent
coverage of sample: strain calls account for 3.4% of 5690319 tag observations (96.6% unclassified — unresolved species, no reference, host, error)
predictions -> /lustre1/g/aos_shihuang/Strain2bScan/work/lim_orpi/preds/SF027.pred.tsv
RUN SF028
cross-species filter: 356204/415597 markers usable for quantification (14.3% shared with another species in the panel, excluded)
sample: 47319 distinct tag markers; 30 species DBs; resolve-gate≥max(50, 0%×panel), detect-gate≥3 (threads: 16)
#species	cluster	abundance	coverage	support	depth	global_abundance	sample_fraction
  Streptococcus_parasanguinis_B.db	C0|C1|C2|C3|C4	1.000000	0.59	32	154.741	1.000000	0.018209
  Bosea_sp001556125.db	layer1=cst (auto — 0 cluster(s) below the support floor, 4 informative internal node(s), 4 fallback node(s))
  Bosea_sp001556125.db	[strain-resolved, no cluster above threshold]	markers=14/83397 (depth 0.01x)
  Cutibacterium_acnes.db	layer1=cst (auto — 1 cluster(s) below the support floor, 7 informative internal node(s), 5 fallback node(s))
  Cutibacterium_acnes.db	[strain-resolved, no cluster above threshold]	markers=16/5083 (depth 0.16x)
  Granulicatella_adiacens.db	layer1=cst (auto — 0 cluster(s) below the support floor, 1 informative internal node(s), 1 fallback node(s))
  Granulicatella_adiacens.db	[strain-resolved, no cluster above threshold]	markers=195/771 (depth 64.91x)
  Haemophilus_D_parainfluenzae.db	layer1=cst (auto — 0 cluster(s) below the support floor, 7 informative internal node(s), 7 fallback node(s))
  Haemophilus_D_parainfluenzae.db	[strain-resolved, no cluster above threshold]	markers=14/5861 (depth 0.02x)
  Klebsiella_variicola.db	[detected, not strain-resolvable]	markers=7/24929 (0.0%, depth 0.00x)
  Methylobacterium_aquaticum.db	[detected, not strain-resolvable]	markers=3/16433 (0.0%, depth 0.00x)
  Neisseria_elongata.db	layer1=cst (auto — 0 cluster(s) below the support floor, 2 informative internal node(s), 2 fallback node(s))
  Neisseria_elongata.db	[strain-resolved, no cluster above threshold]	markers=63/3776 (depth 1.45x)
  Neisseria_sp000186165.db	layer1=cst (auto — 0 cluster(s) below the support floor, 5 informative internal node(s), 5 fallback node(s))
  Neisseria_sp000186165.db	[strain-resolved, no cluster above threshold]	markers=359/18235 (depth 5.04x)
  Pseudomonas_E_fluorescens_AN.db	[detected, not strain-resolvable]	markers=3/140286 (0.0%, depth 0.00x)
  Ralstonia_mannitolilytica.db	[detected, not strain-resolvable]	markers=4/14996 (0.0%, depth 0.00x)
  Rothia_aeria.db	layer1=cst (auto — 0 cluster(s) below the support floor, 2 informative internal node(s), 2 fallback node(s))
  Rothia_aeria.db	[strain-resolved, no cluster above threshold]	markers=155/2497 (depth 4.51x)
  Rothia_dentocariosa.db	layer1=cst (auto — 0 cluster(s) below the support floor, 4 informative internal node(s), 4 fallback node(s))
  Rothia_dentocariosa.db	[strain-resolved, no cluster above threshold]	markers=774/4230 (depth 42.14x)
  Streptococcus_anginosus_C.db	layer1=cst (auto — 7 cluster(s) below the support floor, 7 informative internal node(s), 3 fallback node(s))
  Streptococcus_anginosus_C.db	[strain-resolved, no cluster above threshold]	markers=26/2130 (depth 0.02x)
  Streptococcus_gordonii.db	layer1=cst (auto — 0 cluster(s) below the support floor, 3 informative internal node(s), 2 fallback node(s))
  Streptococcus_gordonii.db	[strain-resolved, no cluster above threshold]	markers=391/1656 (depth 162.92x)
  Streptococcus_mutans.db	layer1=cst (auto — 3 cluster(s) below the support floor, 1 informative internal node(s), 0 fallback node(s))
  Streptococcus_mutans.db	[strain-resolved, no cluster above threshold]	markers=131/790 (depth 20.33x)
  Streptococcus_parasanguinis_B.db	layer1=cst (auto — 0 cluster(s) below the support floor, 4 informative internal node(s), 4 fallback node(s))
  Streptococcus_salivarius.db	layer1=unique (auto — 0 cluster(s) below the support floor, 0 informative internal node(s), 0 fallback node(s))
  Streptococcus_salivarius.db	[strain-resolved, no cluster above threshold]	markers=60/3119 (depth 0.61x)
  Streptococcus_sobrinus.db	layer1=cst (auto — 0 cluster(s) below the support floor, 2 informative internal node(s), 2 fallback node(s))
  Streptococcus_sobrinus.db	[strain-resolved, no cluster above threshold]	markers=282/732 (depth 77.10x)
  Veillonella_parvula_A.db	layer1=cst (auto — 0 cluster(s) below the support floor, 4 informative internal node(s), 3 fallback node(s))
  Veillonella_parvula_A.db	[strain-resolved, no cluster above threshold]	markers=66/1933 (depth 1.81x)
summary: 15/30 species strain-resolved (1 strain calls), 4 detected-not-resolvable, 11 absent
coverage of sample: strain calls account for 1.8% of 5821181 tag observations (98.2% unclassified — unresolved species, no reference, host, error)
predictions -> /lustre1/g/aos_shihuang/Strain2bScan/work/lim_orpi/preds/SF028.pred.tsv
RUN SF029
cross-species filter: 356204/415597 markers usable for quantification (14.3% shared with another species in the panel, excluded)
sample: 10250 distinct tag markers; 30 species DBs; resolve-gate≥max(50, 0%×panel), detect-gate≥3 (threads: 16)
#species	cluster	abundance	coverage	support	depth	global_abundance	sample_fraction
  Bosea_sp001556125.db	layer1=cst (auto — 0 cluster(s) below the support floor, 4 informative internal node(s), 4 fallback node(s))
  Bosea_sp001556125.db	[strain-resolved, no cluster above threshold]	markers=44/83397 (depth 0.00x)
  Cutibacterium_acnes.db	layer1=cst (auto — 1 cluster(s) below the support floor, 7 informative internal node(s), 5 fallback node(s))
  Cutibacterium_acnes.db	[strain-resolved, no cluster above threshold]	markers=131/5083 (depth 0.84x)
  Methylobacterium_aquaticum.db	[detected, not strain-resolvable]	markers=11/16433 (0.1%, depth 0.00x)
  Neisseria_elongata.db	layer1=cst (auto — 0 cluster(s) below the support floor, 2 informative internal node(s), 2 fallback node(s))
  Neisseria_elongata.db	[strain-resolved, no cluster above threshold]	markers=13/3776 (depth 0.01x)
  Neisseria_sp000186165.db	layer1=cst (auto — 0 cluster(s) below the support floor, 5 informative internal node(s), 5 fallback node(s))
  Neisseria_sp000186165.db	[strain-resolved, no cluster above threshold]	markers=95/18235 (depth 0.47x)
  Porphyromonas_gingivalis.db	[detected, not strain-resolvable]	markers=3/5779 (0.1%, depth 1.22x)
  Pseudomonas_E_fluorescens_AN.db	[detected, not strain-resolvable]	markers=10/140286 (0.0%, depth 0.00x)
  Ralstonia_mannitolilytica.db	layer1=cst (auto — 0 cluster(s) below the support floor, 3 informative internal node(s), 3 fallback node(s))
  Ralstonia_mannitolilytica.db	[strain-resolved, no cluster above threshold]	markers=14/14996 (depth 0.17x)
  Rothia_aeria.db	[detected, not strain-resolvable]	markers=37/2497 (1.5%, depth 2.34x)
  Rothia_dentocariosa.db	[detected, not strain-resolvable]	markers=34/4230 (0.8%, depth 17.36x)
  Streptococcus_gordonii.db	[detected, not strain-resolvable]	markers=14/1656 (0.8%, depth 8.63x)
  Streptococcus_parasanguinis_B.db	[detected, not strain-resolvable]	markers=7/1865 (0.4%, depth 2.33x)
  Streptococcus_salivarius.db	[detected, not strain-resolvable]	markers=3/3119 (0.1%, depth 1.27x)
  Streptococcus_sobrinus.db	[detected, not strain-resolvable]	markers=3/732 (0.4%, depth 11.00x)
  Veillonella_parvula_A.db	[detected, not strain-resolvable]	markers=15/1933 (0.8%, depth 1.63x)
summary: 5/30 species strain-resolved (0 strain calls), 10 detected-not-resolvable, 15 absent
coverage of sample: strain calls account for -0.0% of 848477 tag observations (100.0% unclassified — unresolved species, no reference, host, error)
predictions -> /lustre1/g/aos_shihuang/Strain2bScan/work/lim_orpi/preds/SF029.pred.tsv
RUN SF030
cross-species filter: 356204/415597 markers usable for quantification (14.3% shared with another species in the panel, excluded)
sample: 54639 distinct tag markers; 30 species DBs; resolve-gate≥max(50, 0%×panel), detect-gate≥3 (threads: 16)
#species	cluster	abundance	coverage	support	depth	global_abundance	sample_fraction
  Rothia_dentocariosa.db	C0|C1|C2|C3|C4	1.000000	0.57	199	232.559	1.000000	0.083569
  Bosea_sp001556125.db	layer1=cst (auto — 0 cluster(s) below the support floor, 4 informative internal node(s), 4 fallback node(s))
  Bosea_sp001556125.db	[strain-resolved, no cluster above threshold]	markers=91/83397 (depth 0.08x)
  Cutibacterium_acnes.db	layer1=cst (auto — 1 cluster(s) below the support floor, 7 informative internal node(s), 5 fallback node(s))
  Cutibacterium_acnes.db	[strain-resolved, no cluster above threshold]	markers=14/5083 (depth 0.09x)
  Granulicatella_adiacens.db	[detected, not strain-resolvable]	markers=39/771 (5.1%, depth 3.39x)
  Haemophilus_D_parainfluenzae.db	layer1=cst (auto — 0 cluster(s) below the support floor, 7 informative internal node(s), 7 fallback node(s))
  Haemophilus_D_parainfluenzae.db	[strain-resolved, no cluster above threshold]	markers=105/5861 (depth 0.80x)
  Klebsiella_variicola.db	layer1=cst (auto — 0 cluster(s) below the support floor, 8 informative internal node(s), 5 fallback node(s))
  Klebsiella_variicola.db	[strain-resolved, no cluster above threshold]	markers=42/24929 (depth 0.12x)
  Neisseria_elongata.db	layer1=cst (auto — 0 cluster(s) below the support floor, 2 informative internal node(s), 2 fallback node(s))
  Neisseria_elongata.db	[strain-resolved, no cluster above threshold]	markers=43/3776 (depth 0.74x)
  Neisseria_sp000186165.db	layer1=cst (auto — 0 cluster(s) below the support floor, 5 informative internal node(s), 5 fallback node(s))
  Neisseria_sp000186165.db	[strain-resolved, no cluster above threshold]	markers=569/18235 (depth 5.94x)
  Rothia_aeria.db	layer1=cst (auto — 0 cluster(s) below the support floor, 2 informative internal node(s), 2 fallback node(s))
  Rothia_aeria.db	[strain-resolved, no cluster above threshold]	markers=219/2497 (depth 7.42x)
  Rothia_dentocariosa.db	layer1=cst (auto — 0 cluster(s) below the support floor, 4 informative internal node(s), 4 fallback node(s))
  Rothia_kristinae.db	layer1=cst (auto — 0 cluster(s) below the support floor, 2 informative internal node(s), 2 fallback node(s))
  Rothia_kristinae.db	[strain-resolved, no cluster above threshold]	markers=333/3041 (depth 11.33x)
  Streptococcus_gordonii.db	layer1=cst (auto — 0 cluster(s) below the support floor, 3 informative internal node(s), 2 fallback node(s))
  Streptococcus_gordonii.db	[strain-resolved, no cluster above threshold]	markers=187/1656 (depth 20.93x)
  Streptococcus_mutans.db	layer1=cst (auto — 3 cluster(s) below the support floor, 1 informative internal node(s), 0 fallback node(s))
  Streptococcus_mutans.db	[strain-resolved, no cluster above threshold]	markers=17/790 (depth 0.02x)
  Streptococcus_parasanguinis_B.db	layer1=cst (auto — 0 cluster(s) below the support floor, 4 informative internal node(s), 4 fallback node(s))
  Streptococcus_parasanguinis_B.db	[strain-resolved, no cluster above threshold]	markers=105/1865 (depth 5.15x)
  Streptococcus_salivarius.db	layer1=unique (auto — 0 cluster(s) below the support floor, 0 informative internal node(s), 0 fallback node(s))
  Streptococcus_salivarius.db	[strain-resolved, no cluster above threshold]	markers=287/3119 (depth 14.93x)
  Streptococcus_sobrinus.db	layer1=cst (auto — 0 cluster(s) below the support floor, 2 informative internal node(s), 2 fallback node(s))
  Streptococcus_sobrinus.db	[strain-resolved, no cluster above threshold]	markers=14/732 (depth 0.02x)
  Veillonella_parvula_A.db	layer1=cst (auto — 0 cluster(s) below the support floor, 4 informative internal node(s), 3 fallback node(s))
  Veillonella_parvula_A.db	[strain-resolved, no cluster above threshold]	markers=50/1933 (depth 0.36x)
summary: 15/30 species strain-resolved (1 strain calls), 1 detected-not-resolvable, 14 absent
coverage of sample: strain calls account for 8.4% of 5351406 tag observations (91.6% unclassified — unresolved species, no reference, host, error)
predictions -> /lustre1/g/aos_shihuang/Strain2bScan/work/lim_orpi/preds/SF030.pred.tsv
RUN SF031
cross-species filter: 356204/415597 markers usable for quantification (14.3% shared with another species in the panel, excluded)
sample: 22664 distinct tag markers; 30 species DBs; resolve-gate≥max(50, 0%×panel), detect-gate≥3 (threads: 16)
#species	cluster	abundance	coverage	support	depth	global_abundance	sample_fraction
  Bosea_sp001556125.db	layer1=cst (auto — 0 cluster(s) below the support floor, 4 informative internal node(s), 4 fallback node(s))
  Bosea_sp001556125.db	[strain-resolved, no cluster above threshold]	markers=37/83397 (depth 0.00x)
  Cutibacterium_acnes.db	layer1=cst (auto — 1 cluster(s) below the support floor, 7 informative internal node(s), 5 fallback node(s))
  Cutibacterium_acnes.db	[strain-resolved, no cluster above threshold]	markers=49/5083 (depth 1.71x)
  Haemophilus_D_parainfluenzae.db	[detected, not strain-resolvable]	markers=6/5861 (0.1%, depth 1.04x)
  Methylobacterium_aquaticum.db	[detected, not strain-resolvable]	markers=7/16433 (0.0%, depth 0.00x)
  Neisseria_elongata.db	[detected, not strain-resolvable]	markers=16/3776 (0.4%, depth 8.36x)
  Neisseria_sp000186165.db	layer1=cst (auto — 0 cluster(s) below the support floor, 5 informative internal node(s), 5 fallback node(s))
  Neisseria_sp000186165.db	[strain-resolved, no cluster above threshold]	markers=104/18235 (depth 22.76x)
  Porphyromonas_gingivalis.db	[detected, not strain-resolvable]	markers=4/5779 (0.1%, depth 0.20x)
  Pseudomonas_E_fluorescens_AN.db	[detected, not strain-resolvable]	markers=11/140286 (0.0%, depth 0.00x)
  Ralstonia_mannitolilytica.db	[detected, not strain-resolvable]	markers=8/14996 (0.1%, depth 0.00x)
  Rothia_aeria.db	[detected, not strain-resolvable]	markers=40/2497 (1.6%, depth 69.99x)
  Rothia_dentocariosa.db	[detected, not strain-resolvable]	markers=18/4230 (0.4%, depth 8.68x)
  Streptococcus_gordonii.db	[detected, not strain-resolvable]	markers=20/1656 (1.2%, depth 33.96x)
  Veillonella_parvula_A.db	[detected, not strain-resolvable]	markers=14/1933 (0.7%, depth 18.18x)
summary: 3/30 species strain-resolved (0 strain calls), 10 detected-not-resolvable, 17 absent
coverage of sample: strain calls account for -0.0% of 4199281 tag observations (100.0% unclassified — unresolved species, no reference, host, error)
predictions -> /lustre1/g/aos_shihuang/Strain2bScan/work/lim_orpi/preds/SF031.pred.tsv
RUN SF032
cross-species filter: 356204/415597 markers usable for quantification (14.3% shared with another species in the panel, excluded)
sample: 13947 distinct tag markers; 30 species DBs; resolve-gate≥max(50, 0%×panel), detect-gate≥3 (threads: 16)
#species	cluster	abundance	coverage	support	depth	global_abundance	sample_fraction
  Cutibacterium_acnes.db	layer1=cst (auto — 1 cluster(s) below the support floor, 7 informative internal node(s), 5 fallback node(s))
  Cutibacterium_acnes.db	[strain-resolved, no cluster above threshold]	markers=23/5083 (depth 0.01x)
  Klebsiella_variicola.db	[detected, not strain-resolvable]	markers=4/24929 (0.0%, depth 0.00x)
  Methylobacterium_aquaticum.db	[detected, not strain-resolvable]	markers=5/16433 (0.0%, depth 0.00x)
  Neisseria_elongata.db	[detected, not strain-resolvable]	markers=3/3776 (0.1%, depth 0.00x)
  Neisseria_sp000186165.db	layer1=cst (auto — 0 cluster(s) below the support floor, 5 informative internal node(s), 5 fallback node(s))
  Neisseria_sp000186165.db	[strain-resolved, no cluster above threshold]	markers=65/18235 (depth 0.60x)
  Pseudomonas_E_fluorescens_AN.db	[detected, not strain-resolvable]	markers=13/140286 (0.0%, depth 0.39x)
  Ralstonia_mannitolilytica.db	layer1=cst (auto — 0 cluster(s) below the support floor, 3 informative internal node(s), 3 fallback node(s))
  Ralstonia_mannitolilytica.db	[strain-resolved, no cluster above threshold]	markers=41/14996 (depth 1.26x)
  Rothia_aeria.db	[detected, not strain-resolvable]	markers=6/2497 (0.2%, depth 0.00x)
  Rothia_dentocariosa.db	[detected, not strain-resolvable]	markers=10/4230 (0.2%, depth 0.00x)
  Streptococcus_gordonii.db	layer1=cst (auto — 0 cluster(s) below the support floor, 3 informative internal node(s), 2 fallback node(s))
  Streptococcus_gordonii.db	[strain-resolved, no cluster above threshold]	markers=16/1656 (depth 0.01x)
  Streptococcus_parasanguinis_B.db	[detected, not strain-resolvable]	markers=13/1865 (0.7%, depth 0.95x)
  Streptococcus_salivarius.db	[detected, not strain-resolvable]	markers=7/3119 (0.2%, depth 0.00x)
  Veillonella_parvula_A.db	[detected, not strain-resolvable]	markers=4/1933 (0.2%, depth 0.00x)
summary: 4/30 species strain-resolved (0 strain calls), 9 detected-not-resolvable, 17 absent
coverage of sample: strain calls account for -0.0% of 2382635 tag observations (100.0% unclassified — unresolved species, no reference, host, error)
predictions -> /lustre1/g/aos_shihuang/Strain2bScan/work/lim_orpi/preds/SF032.pred.tsv
RUN SF033
cross-species filter: 356204/415597 markers usable for quantification (14.3% shared with another species in the panel, excluded)
sample: 27966 distinct tag markers; 30 species DBs; resolve-gate≥max(50, 0%×panel), detect-gate≥3 (threads: 16)
#species	cluster	abundance	coverage	support	depth	global_abundance	sample_fraction
  Bosea_sp001556125.db	[detected, not strain-resolvable]	markers=10/83397 (0.0%, depth 0.04x)
  Cutibacterium_acnes.db	layer1=cst (auto — 1 cluster(s) below the support floor, 7 informative internal node(s), 5 fallback node(s))
  Cutibacterium_acnes.db	[strain-resolved, no cluster above threshold]	markers=66/5083 (depth 9.74x)
  Granulicatella_adiacens.db	[detected, not strain-resolvable]	markers=4/771 (0.5%, depth 0.02x)
  Haemophilus_D_parainfluenzae.db	[detected, not strain-resolvable]	markers=13/5861 (0.2%, depth 5.18x)
  Methylobacterium_aquaticum.db	[detected, not strain-resolvable]	markers=4/16433 (0.0%, depth 0.20x)
  Neisseria_elongata.db	[detected, not strain-resolvable]	markers=9/3776 (0.2%, depth 0.79x)
  Neisseria_sp000186165.db	layer1=cst (auto — 0 cluster(s) below the support floor, 5 informative internal node(s), 5 fallback node(s))
  Neisseria_sp000186165.db	[strain-resolved, no cluster above threshold]	markers=215/18235 (depth 31.90x)
  Pseudomonas_E_fluorescens_AN.db	layer1=cst (auto — 0 cluster(s) below the support floor, 17 informative internal node(s), 17 fallback node(s))
  Pseudomonas_E_fluorescens_AN.db	[strain-resolved, no cluster above threshold]	markers=26/140286 (depth 0.02x)
  Ralstonia_mannitolilytica.db	layer1=cst (auto — 0 cluster(s) below the support floor, 3 informative internal node(s), 3 fallback node(s))
  Ralstonia_mannitolilytica.db	[strain-resolved, no cluster above threshold]	markers=193/14996 (depth 0.05x)
  Rothia_aeria.db	layer1=cst (auto — 0 cluster(s) below the support floor, 2 informative internal node(s), 2 fallback node(s))
  Rothia_aeria.db	[strain-resolved, no cluster above threshold]	markers=17/2497 (depth 0.02x)
  Rothia_dentocariosa.db	layer1=cst (auto — 0 cluster(s) below the support floor, 4 informative internal node(s), 4 fallback node(s))
  Rothia_dentocariosa.db	[strain-resolved, no cluster above threshold]	markers=31/4230 (depth 0.25x)
  Streptococcus_gordonii.db	[detected, not strain-resolvable]	markers=26/1656 (1.6%, depth 1.31x)
  Streptococcus_parasanguinis_B.db	[detected, not strain-resolvable]	markers=13/1865 (0.7%, depth 8.71x)
  Streptococcus_salivarius.db	[detected, not strain-resolvable]	markers=5/3119 (0.2%, depth 0.70x)
  Veillonella_parvula_A.db	[detected, not strain-resolvable]	markers=12/1933 (0.6%, depth 1.46x)
summary: 6/30 species strain-resolved (0 strain calls), 9 detected-not-resolvable, 15 absent
coverage of sample: strain calls account for -0.0% of 3918202 tag observations (100.0% unclassified — unresolved species, no reference, host, error)
predictions -> /lustre1/g/aos_shihuang/Strain2bScan/work/lim_orpi/preds/SF033.pred.tsv
RUN SF034
cross-species filter: 356204/415597 markers usable for quantification (14.3% shared with another species in the panel, excluded)
sample: 25626 distinct tag markers; 30 species DBs; resolve-gate≥max(50, 0%×panel), detect-gate≥3 (threads: 16)
#species	cluster	abundance	coverage	support	depth	global_abundance	sample_fraction
  Bosea_sp001556125.db	[detected, not strain-resolvable]	markers=8/83397 (0.0%, depth 0.02x)
  Cutibacterium_acnes.db	layer1=cst (auto — 1 cluster(s) below the support floor, 7 informative internal node(s), 5 fallback node(s))
  Cutibacterium_acnes.db	[strain-resolved, no cluster above threshold]	markers=77/5083 (depth 5.25x)
  Granulicatella_adiacens.db	[detected, not strain-resolvable]	markers=3/771 (0.4%, depth 0.01x)
  Haemophilus_D_parainfluenzae.db	[detected, not strain-resolvable]	markers=12/5861 (0.2%, depth 0.02x)
  Klebsiella_variicola.db	[detected, not strain-resolvable]	markers=5/24929 (0.0%, depth 0.00x)
  Methylobacterium_aquaticum.db	[detected, not strain-resolvable]	markers=4/16433 (0.0%, depth 0.00x)
  Neisseria_elongata.db	[detected, not strain-resolvable]	markers=6/3776 (0.2%, depth 0.01x)
  Neisseria_sp000186165.db	layer1=cst (auto — 0 cluster(s) below the support floor, 5 informative internal node(s), 5 fallback node(s))
  Neisseria_sp000186165.db	[strain-resolved, no cluster above threshold]	markers=221/18235 (depth 0.85x)
  Pseudomonas_E_fluorescens_AN.db	layer1=cst (auto — 0 cluster(s) below the support floor, 17 informative internal node(s), 17 fallback node(s))
  Pseudomonas_E_fluorescens_AN.db	[strain-resolved, no cluster above threshold]	markers=27/140286 (depth 0.19x)
  Ralstonia_mannitolilytica.db	layer1=cst (auto — 0 cluster(s) below the support floor, 3 informative internal node(s), 3 fallback node(s))
  Ralstonia_mannitolilytica.db	[strain-resolved, no cluster above threshold]	markers=180/14996 (depth 4.14x)
  Rothia_aeria.db	layer1=cst (auto — 0 cluster(s) below the support floor, 2 informative internal node(s), 2 fallback node(s))
  Rothia_aeria.db	[strain-resolved, no cluster above threshold]	markers=20/2497 (depth 0.03x)
  Rothia_dentocariosa.db	layer1=cst (auto — 0 cluster(s) below the support floor, 4 informative internal node(s), 4 fallback node(s))
  Rothia_dentocariosa.db	[strain-resolved, no cluster above threshold]	markers=37/4230 (depth 0.02x)
  Streptococcus_gordonii.db	layer1=cst (auto — 0 cluster(s) below the support floor, 3 informative internal node(s), 2 fallback node(s))
  Streptococcus_gordonii.db	[strain-resolved, no cluster above threshold]	markers=30/1656 (depth 0.07x)
  Streptococcus_parasanguinis_B.db	layer1=cst (auto — 0 cluster(s) below the support floor, 4 informative internal node(s), 4 fallback node(s))
  Streptococcus_parasanguinis_B.db	[strain-resolved, no cluster above threshold]	markers=19/1865 (depth 0.04x)
  Streptococcus_salivarius.db	layer1=unique (auto — 0 cluster(s) below the support floor, 0 informative internal node(s), 0 fallback node(s))
  Streptococcus_salivarius.db	[strain-resolved, no cluster above threshold]	markers=13/3119 (depth 0.01x)
  Veillonella_parvula_A.db	[detected, not strain-resolvable]	markers=13/1933 (0.7%, depth 8.18x)
summary: 9/30 species strain-resolved (0 strain calls), 7 detected-not-resolvable, 14 absent
coverage of sample: strain calls account for -0.0% of 2273439 tag observations (100.0% unclassified — unresolved species, no reference, host, error)
predictions -> /lustre1/g/aos_shihuang/Strain2bScan/work/lim_orpi/preds/SF034.pred.tsv
RUN SF035
cross-species filter: 356204/415597 markers usable for quantification (14.3% shared with another species in the panel, excluded)
sample: 22210 distinct tag markers; 30 species DBs; resolve-gate≥max(50, 0%×panel), detect-gate≥3 (threads: 16)
#species	cluster	abundance	coverage	support	depth	global_abundance	sample_fraction
  Bosea_sp001556125.db	[detected, not strain-resolvable]	markers=3/83397 (0.0%, depth 0.03x)
  Cutibacterium_acnes.db	layer1=cst (auto — 1 cluster(s) below the support floor, 7 informative internal node(s), 5 fallback node(s))
  Cutibacterium_acnes.db	[strain-resolved, no cluster above threshold]	markers=60/5083 (depth 12.64x)
  Granulicatella_adiacens.db	[detected, not strain-resolvable]	markers=4/771 (0.5%, depth 5.84x)
  Haemophilus_D_parainfluenzae.db	[detected, not strain-resolvable]	markers=3/5861 (0.1%, depth 0.00x)
  Klebsiella_variicola.db	[detected, not strain-resolvable]	markers=6/24929 (0.0%, depth 0.00x)
  Neisseria_elongata.db	[detected, not strain-resolvable]	markers=6/3776 (0.2%, depth 2.35x)
  Neisseria_sp000186165.db	layer1=cst (auto — 0 cluster(s) below the support floor, 5 informative internal node(s), 5 fallback node(s))
  Neisseria_sp000186165.db	[strain-resolved, no cluster above threshold]	markers=87/18235 (depth 7.89x)
  Pseudomonas_E_fluorescens_AN.db	layer1=cst (auto — 0 cluster(s) below the support floor, 17 informative internal node(s), 17 fallback node(s))
  Pseudomonas_E_fluorescens_AN.db	[strain-resolved, no cluster above threshold]	markers=17/140286 (depth 0.01x)
  Ralstonia_mannitolilytica.db	layer1=cst (auto — 0 cluster(s) below the support floor, 3 informative internal node(s), 3 fallback node(s))
  Ralstonia_mannitolilytica.db	[strain-resolved, no cluster above threshold]	markers=224/14996 (depth 17.78x)
  Rothia_aeria.db	[detected, not strain-resolvable]	markers=15/2497 (0.6%, depth 8.41x)
  Rothia_dentocariosa.db	layer1=cst (auto — 0 cluster(s) below the support floor, 4 informative internal node(s), 4 fallback node(s))
  Rothia_dentocariosa.db	[strain-resolved, no cluster above threshold]	markers=56/4230 (depth 7.80x)
  Streptococcus_gordonii.db	[detected, not strain-resolvable]	markers=45/1656 (2.7%, depth 30.44x)
  Streptococcus_mutans.db	[detected, not strain-resolvable]	markers=3/790 (0.4%, depth 0.00x)
  Streptococcus_parasanguinis_B.db	[detected, not strain-resolvable]	markers=18/1865 (1.0%, depth 2.83x)
  Streptococcus_salivarius.db	layer1=unique (auto — 0 cluster(s) below the support floor, 0 informative internal node(s), 0 fallback node(s))
  Streptococcus_salivarius.db	[strain-resolved, no cluster above threshold]	markers=16/3119 (depth 0.31x)
  Veillonella_parvula_A.db	[detected, not strain-resolvable]	markers=10/1933 (0.5%, depth 1.62x)
summary: 6/30 species strain-resolved (0 strain calls), 10 detected-not-resolvable, 14 absent
coverage of sample: strain calls account for -0.0% of 3088889 tag observations (100.0% unclassified — unresolved species, no reference, host, error)
predictions -> /lustre1/g/aos_shihuang/Strain2bScan/work/lim_orpi/preds/SF035.pred.tsv
RUN SF036
cross-species filter: 356204/415597 markers usable for quantification (14.3% shared with another species in the panel, excluded)
sample: 37743 distinct tag markers; 30 species DBs; resolve-gate≥max(50, 0%×panel), detect-gate≥3 (threads: 16)
#species	cluster	abundance	coverage	support	depth	global_abundance	sample_fraction
  Bosea_sp001556125.db	[detected, not strain-resolvable]	markers=5/83397 (0.0%, depth 0.01x)
  Cutibacterium_acnes.db	layer1=cst (auto — 1 cluster(s) below the support floor, 7 informative internal node(s), 5 fallback node(s))
  Cutibacterium_acnes.db	[strain-resolved, no cluster above threshold]	markers=16/5083 (depth 0.19x)
  Granulicatella_adiacens.db	[detected, not strain-resolvable]	markers=31/771 (4.0%, depth 4.62x)
  Haemophilus_D_parainfluenzae.db	layer1=cst (auto — 0 cluster(s) below the support floor, 7 informative internal node(s), 7 fallback node(s))
  Haemophilus_D_parainfluenzae.db	[strain-resolved, no cluster above threshold]	markers=298/5861 (depth 10.61x)
  Klebsiella_variicola.db	layer1=cst (auto — 0 cluster(s) below the support floor, 8 informative internal node(s), 5 fallback node(s))
  Klebsiella_variicola.db	[strain-resolved, no cluster above threshold]	markers=269/24929 (depth 0.01x)
  Neisseria_elongata.db	[detected, not strain-resolvable]	markers=26/3776 (0.7%, depth 4.44x)
  Neisseria_sp000186165.db	layer1=cst (auto — 0 cluster(s) below the support floor, 5 informative internal node(s), 5 fallback node(s))
  Neisseria_sp000186165.db	[strain-resolved, no cluster above threshold]	markers=464/18235 (depth 15.09x)
  Prevotella_sp000257925.db	[detected, not strain-resolvable]	markers=4/14665 (0.0%, depth 0.03x)
  Rothia_aeria.db	[detected, not strain-resolvable]	markers=9/2497 (0.4%, depth 0.26x)
  Rothia_dentocariosa.db	layer1=cst (auto — 0 cluster(s) below the support floor, 4 informative internal node(s), 4 fallback node(s))
  Rothia_dentocariosa.db	[strain-resolved, no cluster above threshold]	markers=121/4230 (depth 2.54x)
  Streptococcus_gordonii.db	layer1=cst (auto — 0 cluster(s) below the support floor, 3 informative internal node(s), 2 fallback node(s))
  Streptococcus_gordonii.db	[strain-resolved, no cluster above threshold]	markers=314/1656 (depth 418.52x)
  Streptococcus_mutans.db	layer1=cst (auto — 3 cluster(s) below the support floor, 1 informative internal node(s), 0 fallback node(s))
  Streptococcus_mutans.db	[strain-resolved, no cluster above threshold]	markers=30/790 (depth 0.05x)
  Streptococcus_parasanguinis_B.db	layer1=cst (auto — 0 cluster(s) below the support floor, 4 informative internal node(s), 4 fallback node(s))
  Streptococcus_parasanguinis_B.db	[strain-resolved, no cluster above threshold]	markers=164/1865 (depth 19.59x)
  Streptococcus_salivarius.db	layer1=unique (auto — 0 cluster(s) below the support floor, 0 informative internal node(s), 0 fallback node(s))
  Streptococcus_salivarius.db	[strain-resolved, no cluster above threshold]	markers=240/3119 (depth 23.69x)
  Streptococcus_sobrinus.db	layer1=cst (auto — 0 cluster(s) below the support floor, 2 informative internal node(s), 2 fallback node(s))
  Streptococcus_sobrinus.db	[strain-resolved, no cluster above threshold]	markers=240/732 (depth 106.57x)
  Veillonella_parvula_A.db	layer1=cst (auto — 0 cluster(s) below the support floor, 4 informative internal node(s), 3 fallback node(s))
  Veillonella_parvula_A.db	[strain-resolved, no cluster above threshold]	markers=272/1933 (depth 29.36x)
summary: 11/30 species strain-resolved (0 strain calls), 5 detected-not-resolvable, 14 absent
coverage of sample: strain calls account for -0.0% of 4083985 tag observations (100.0% unclassified — unresolved species, no reference, host, error)
predictions -> /lustre1/g/aos_shihuang/Strain2bScan/work/lim_orpi/preds/SF036.pred.tsv
RUN SF037
cross-species filter: 356204/415597 markers usable for quantification (14.3% shared with another species in the panel, excluded)
sample: 17842 distinct tag markers; 30 species DBs; resolve-gate≥max(50, 0%×panel), detect-gate≥3 (threads: 16)
#species	cluster	abundance	coverage	support	depth	global_abundance	sample_fraction
  Bosea_sp001556125.db	[detected, not strain-resolvable]	markers=6/83397 (0.0%, depth 0.01x)
  Cutibacterium_acnes.db	layer1=cst (auto — 1 cluster(s) below the support floor, 7 informative internal node(s), 5 fallback node(s))
  Cutibacterium_acnes.db	[strain-resolved, no cluster above threshold]	markers=59/5083 (depth 0.67x)
  Granulicatella_adiacens.db	[detected, not strain-resolvable]	markers=3/771 (0.4%, depth 1.61x)
  Klebsiella_variicola.db	layer1=cst (auto — 0 cluster(s) below the support floor, 8 informative internal node(s), 5 fallback node(s))
  Klebsiella_variicola.db	[strain-resolved, no cluster above threshold]	markers=17/24929 (depth 0.00x)
  Neisseria_elongata.db	[detected, not strain-resolvable]	markers=3/3776 (0.1%, depth 0.00x)
  Neisseria_sp000186165.db	layer1=cst (auto — 0 cluster(s) below the support floor, 5 informative internal node(s), 5 fallback node(s))
  Neisseria_sp000186165.db	[strain-resolved, no cluster above threshold]	markers=69/18235 (depth 0.25x)
  Pseudomonas_E_fluorescens_AN.db	layer1=cst (auto — 0 cluster(s) below the support floor, 17 informative internal node(s), 17 fallback node(s))
  Pseudomonas_E_fluorescens_AN.db	[strain-resolved, no cluster above threshold]	markers=13/140286 (depth 0.03x)
  Ralstonia_mannitolilytica.db	layer1=cst (auto — 0 cluster(s) below the support floor, 3 informative internal node(s), 3 fallback node(s))
  Ralstonia_mannitolilytica.db	[strain-resolved, no cluster above threshold]	markers=170/14996 (depth 2.53x)
  Rothia_aeria.db	[detected, not strain-resolvable]	markers=18/2497 (0.7%, depth 2.14x)
  Rothia_dentocariosa.db	layer1=cst (auto — 0 cluster(s) below the support floor, 4 informative internal node(s), 4 fallback node(s))
  Rothia_dentocariosa.db	[strain-resolved, no cluster above threshold]	markers=60/4230 (depth 24.14x)
  Streptococcus_gordonii.db	[detected, not strain-resolvable]	markers=32/1656 (1.9%, depth 26.27x)
  Streptococcus_mutans.db	[detected, not strain-resolvable]	markers=3/790 (0.4%, depth 0.90x)
  Streptococcus_parasanguinis_B.db	[detected, not strain-resolvable]	markers=10/1865 (0.5%, depth 4.52x)
  Streptococcus_salivarius.db	[detected, not strain-resolvable]	markers=20/3119 (0.6%, depth 9.94x)
  Veillonella_parvula_A.db	[detected, not strain-resolvable]	markers=8/1933 (0.4%, depth 1.49x)
summary: 6/30 species strain-resolved (0 strain calls), 9 detected-not-resolvable, 15 absent
coverage of sample: strain calls account for -0.0% of 2260740 tag observations (100.0% unclassified — unresolved species, no reference, host, error)
predictions -> /lustre1/g/aos_shihuang/Strain2bScan/work/lim_orpi/preds/SF037.pred.tsv
RUN SF038
cross-species filter: 356204/415597 markers usable for quantification (14.3% shared with another species in the panel, excluded)
sample: 18243 distinct tag markers; 30 species DBs; resolve-gate≥max(50, 0%×panel), detect-gate≥3 (threads: 16)
#species	cluster	abundance	coverage	support	depth	global_abundance	sample_fraction
  Bosea_sp001556125.db	[detected, not strain-resolvable]	markers=6/83397 (0.0%, depth 0.06x)
  Cutibacterium_acnes.db	[detected, not strain-resolvable]	markers=41/5083 (0.8%, depth 8.08x)
  Haemophilus_D_parainfluenzae.db	[detected, not strain-resolvable]	markers=4/5861 (0.1%, depth 0.10x)
  Klebsiella_variicola.db	[detected, not strain-resolvable]	markers=33/24929 (0.1%, depth 2.21x)
  Neisseria_sp000186165.db	layer1=cst (auto — 0 cluster(s) below the support floor, 5 informative internal node(s), 5 fallback node(s))
  Neisseria_sp000186165.db	[strain-resolved, no cluster above threshold]	markers=35/18235 (depth 0.12x)
  Porphyromonas_gingivalis.db	[detected, not strain-resolvable]	markers=3/5779 (0.1%, depth 0.23x)
  Pseudomonas_E_fluorescens_AN.db	layer1=cst (auto — 0 cluster(s) below the support floor, 17 informative internal node(s), 17 fallback node(s))
  Pseudomonas_E_fluorescens_AN.db	[strain-resolved, no cluster above threshold]	markers=13/140286 (depth 0.06x)
  Ralstonia_mannitolilytica.db	layer1=cst (auto — 0 cluster(s) below the support floor, 3 informative internal node(s), 3 fallback node(s))
  Ralstonia_mannitolilytica.db	[strain-resolved, no cluster above threshold]	markers=117/14996 (depth 0.15x)
  Rothia_aeria.db	[detected, not strain-resolvable]	markers=5/2497 (0.2%, depth 0.53x)
  Rothia_dentocariosa.db	layer1=cst (auto — 0 cluster(s) below the support floor, 4 informative internal node(s), 4 fallback node(s))
  Rothia_dentocariosa.db	[strain-resolved, no cluster above threshold]	markers=46/4230 (depth 0.04x)
  Streptococcus_gordonii.db	layer1=cst (auto — 0 cluster(s) below the support floor, 3 informative internal node(s), 2 fallback node(s))
  Streptococcus_gordonii.db	[strain-resolved, no cluster above threshold]	markers=28/1656 (depth 0.75x)
  Streptococcus_parasanguinis_B.db	layer1=cst (auto — 0 cluster(s) below the support floor, 4 informative internal node(s), 4 fallback node(s))
  Streptococcus_parasanguinis_B.db	[strain-resolved, no cluster above threshold]	markers=22/1865 (depth 0.07x)
  Streptococcus_salivarius.db	layer1=unique (auto — 0 cluster(s) below the support floor, 0 informative internal node(s), 0 fallback node(s))
  Streptococcus_salivarius.db	[strain-resolved, no cluster above threshold]	markers=29/3119 (depth 0.03x)
  Veillonella_parvula_A.db	[detected, not strain-resolvable]	markers=6/1933 (0.3%, depth 0.50x)
summary: 7/30 species strain-resolved (0 strain calls), 7 detected-not-resolvable, 16 absent
coverage of sample: strain calls account for -0.0% of 2245913 tag observations (100.0% unclassified — unresolved species, no reference, host, error)
predictions -> /lustre1/g/aos_shihuang/Strain2bScan/work/lim_orpi/preds/SF038.pred.tsv
RUN SF039
cross-species filter: 356204/415597 markers usable for quantification (14.3% shared with another species in the panel, excluded)
sample: 73460 distinct tag markers; 30 species DBs; resolve-gate≥max(50, 0%×panel), detect-gate≥3 (threads: 16)
#species	cluster	abundance	coverage	support	depth	global_abundance	sample_fraction
  Streptococcus_parasanguinis_B.db	C0|C1|C2|C3|C4	1.000000	0.74	40	141.315	0.280463	0.020694
  Veillonella_parvula_A.db	C1|C2|C3|C4|C5	1.000000	0.77	24	362.548	0.719537	0.052006
  Bosea_sp001556125.db	[detected, not strain-resolvable]	markers=9/83397 (0.0%, depth 0.01x)
  Cutibacterium_acnes.db	layer1=cst (auto — 1 cluster(s) below the support floor, 7 informative internal node(s), 5 fallback node(s))
  Cutibacterium_acnes.db	[strain-resolved, no cluster above threshold]	markers=53/5083 (depth 1.37x)
  Granulicatella_adiacens.db	layer1=cst (auto — 0 cluster(s) below the support floor, 1 informative internal node(s), 1 fallback node(s))
  Granulicatella_adiacens.db	[strain-resolved, no cluster above threshold]	markers=55/771 (depth 0.35x)
  Haemophilus_D_parainfluenzae.db	layer1=cst (auto — 0 cluster(s) below the support floor, 7 informative internal node(s), 7 fallback node(s))
  Haemophilus_D_parainfluenzae.db	[strain-resolved, no cluster above threshold]	markers=118/5861 (depth 0.10x)
  Klebsiella_variicola.db	layer1=cst (auto — 0 cluster(s) below the support floor, 8 informative internal node(s), 5 fallback node(s))
  Klebsiella_variicola.db	[strain-resolved, no cluster above threshold]	markers=514/24929 (depth 0.18x)
  Neisseria_elongata.db	layer1=cst (auto — 0 cluster(s) below the support floor, 2 informative internal node(s), 2 fallback node(s))
  Neisseria_elongata.db	[strain-resolved, no cluster above threshold]	markers=78/3776 (depth 0.37x)
  Neisseria_sp000186165.db	layer1=cst (auto — 0 cluster(s) below the support floor, 5 informative internal node(s), 5 fallback node(s))
  Neisseria_sp000186165.db	[strain-resolved, no cluster above threshold]	markers=601/18235 (depth 0.98x)
  Pseudomonas_E_fluorescens_AN.db	[detected, not strain-resolvable]	markers=6/140286 (0.0%, depth 0.01x)
  Ralstonia_mannitolilytica.db	layer1=cst (auto — 0 cluster(s) below the support floor, 3 informative internal node(s), 3 fallback node(s))
  Ralstonia_mannitolilytica.db	[strain-resolved, no cluster above threshold]	markers=22/14996 (depth 0.01x)
  Rothia_aeria.db	layer1=cst (auto — 0 cluster(s) below the support floor, 2 informative internal node(s), 2 fallback node(s))
  Rothia_aeria.db	[strain-resolved, no cluster above threshold]	markers=159/2497 (depth 0.35x)
  Rothia_dentocariosa.db	layer1=cst (auto — 0 cluster(s) below the support floor, 4 informative internal node(s), 4 fallback node(s))
  Rothia_dentocariosa.db	[strain-resolved, no cluster above threshold]	markers=263/4230 (depth 0.42x)
  Rothia_kristinae.db	[detected, not strain-resolvable]	markers=10/3041 (0.3%, depth 0.02x)
  Streptococcus_anginosus_C.db	layer1=cst (auto — 7 cluster(s) below the support floor, 7 informative internal node(s), 3 fallback node(s))
  Streptococcus_anginosus_C.db	[strain-resolved, no cluster above threshold]	markers=42/2130 (depth 0.08x)
  Streptococcus_gordonii.db	layer1=cst (auto — 0 cluster(s) below the support floor, 3 informative internal node(s), 2 fallback node(s))
  Streptococcus_gordonii.db	[strain-resolved, no cluster above threshold]	markers=114/1656 (depth 0.29x)
  Streptococcus_mutans.db	layer1=cst (auto — 3 cluster(s) below the support floor, 1 informative internal node(s), 0 fallback node(s))
  Streptococcus_mutans.db	[strain-resolved, no cluster above threshold]	markers=294/790 (depth 394.47x)
  Streptococcus_parasanguinis_B.db	layer1=cst (auto — 0 cluster(s) below the support floor, 4 informative internal node(s), 4 fallback node(s))
  Streptococcus_salivarius.db	layer1=unique (auto — 0 cluster(s) below the support floor, 0 informative internal node(s), 0 fallback node(s))
  Streptococcus_salivarius.db	[strain-resolved, no cluster above threshold]	markers=278/3119 (depth 2.39x)
  Streptococcus_sobrinus.db	[detected, not strain-resolvable]	markers=11/732 (1.5%, depth 0.02x)
  Veillonella_parvula_A.db	layer1=cst (auto — 0 cluster(s) below the support floor, 4 informative internal node(s), 3 fallback node(s))
summary: 15/30 species strain-resolved (2 strain calls), 4 detected-not-resolvable, 11 absent
coverage of sample: strain calls account for 7.3% of 4677709 tag observations (92.7% unclassified — unresolved species, no reference, host, error)
predictions -> /lustre1/g/aos_shihuang/Strain2bScan/work/lim_orpi/preds/SF039.pred.tsv
RUN SF040
cross-species filter: 356204/415597 markers usable for quantification (14.3% shared with another species in the panel, excluded)
sample: 9066 distinct tag markers; 30 species DBs; resolve-gate≥max(50, 0%×panel), detect-gate≥3 (threads: 16)
#species	cluster	abundance	coverage	support	depth	global_abundance	sample_fraction
  Bosea_sp001556125.db	[detected, not strain-resolvable]	markers=5/83397 (0.0%, depth 0.00x)
  Cutibacterium_acnes.db	[detected, not strain-resolvable]	markers=39/5083 (0.8%, depth 1.69x)
  Klebsiella_variicola.db	layer1=cst (auto — 0 cluster(s) below the support floor, 8 informative internal node(s), 5 fallback node(s))
  Klebsiella_variicola.db	[strain-resolved, no cluster above threshold]	markers=15/24929 (depth 0.00x)
  Neisseria_sp000186165.db	layer1=cst (auto — 0 cluster(s) below the support floor, 5 informative internal node(s), 5 fallback node(s))
  Neisseria_sp000186165.db	[strain-resolved, no cluster above threshold]	markers=19/18235 (depth 0.21x)
  Pseudomonas_E_fluorescens_AN.db	[detected, not strain-resolvable]	markers=10/140286 (0.0%, depth 0.00x)
  Ralstonia_mannitolilytica.db	[detected, not strain-resolvable]	markers=30/14996 (0.2%, depth 2.18x)
  Rothia_dentocariosa.db	layer1=cst (auto — 0 cluster(s) below the support floor, 4 informative internal node(s), 4 fallback node(s))
  Rothia_dentocariosa.db	[strain-resolved, no cluster above threshold]	markers=16/4230 (depth 0.01x)
  Streptococcus_gordonii.db	[detected, not strain-resolvable]	markers=6/1656 (0.4%, depth 0.00x)
  Streptococcus_parasanguinis_B.db	[detected, not strain-resolvable]	markers=25/1865 (1.3%, depth 28.00x)
  Streptococcus_salivarius.db	[detected, not strain-resolvable]	markers=17/3119 (0.5%, depth 9.52x)
summary: 3/30 species strain-resolved (0 strain calls), 7 detected-not-resolvable, 20 absent
coverage of sample: strain calls account for -0.0% of 916330 tag observations (100.0% unclassified — unresolved species, no reference, host, error)
predictions -> /lustre1/g/aos_shihuang/Strain2bScan/work/lim_orpi/preds/SF040.pred.tsv
RUN SF041
cross-species filter: 356204/415597 markers usable for quantification (14.3% shared with another species in the panel, excluded)
sample: 8331 distinct tag markers; 30 species DBs; resolve-gate≥max(50, 0%×panel), detect-gate≥3 (threads: 16)
#species	cluster	abundance	coverage	support	depth	global_abundance	sample_fraction
  Bosea_sp001556125.db	[detected, not strain-resolvable]	markers=4/83397 (0.0%, depth 0.00x)
  Cutibacterium_acnes.db	layer1=cst (auto — 1 cluster(s) below the support floor, 7 informative internal node(s), 5 fallback node(s))
  Cutibacterium_acnes.db	[strain-resolved, no cluster above threshold]	markers=64/5083 (depth 0.02x)
  Haemophilus_D_parainfluenzae.db	[detected, not strain-resolvable]	markers=4/5861 (0.1%, depth 2.89x)
  Klebsiella_variicola.db	layer1=cst (auto — 0 cluster(s) below the support floor, 8 informative internal node(s), 5 fallback node(s))
  Klebsiella_variicola.db	[strain-resolved, no cluster above threshold]	markers=14/24929 (depth 0.00x)
  Methylobacterium_aquaticum.db	[detected, not strain-resolvable]	markers=6/16433 (0.0%, depth 0.00x)
  Neisseria_sp000186165.db	layer1=cst (auto — 0 cluster(s) below the support floor, 5 informative internal node(s), 5 fallback node(s))
  Neisseria_sp000186165.db	[strain-resolved, no cluster above threshold]	markers=32/18235 (depth 0.65x)
  Porphyromonas_gingivalis.db	[detected, not strain-resolvable]	markers=3/5779 (0.1%, depth 0.89x)
  Pseudomonas_E_fluorescens_AN.db	[detected, not strain-resolvable]	markers=9/140286 (0.0%, depth 0.00x)
  Ralstonia_mannitolilytica.db	layer1=cst (auto — 0 cluster(s) below the support floor, 3 informative internal node(s), 3 fallback node(s))
  Ralstonia_mannitolilytica.db	[strain-resolved, no cluster above threshold]	markers=53/14996 (depth 0.01x)
  Rothia_aeria.db	[detected, not strain-resolvable]	markers=3/2497 (0.1%, depth 0.00x)
  Rothia_dentocariosa.db	[detected, not strain-resolvable]	markers=12/4230 (0.3%, depth 2.31x)
  Streptococcus_gordonii.db	[detected, not strain-resolvable]	markers=10/1656 (0.6%, depth 0.01x)
  Streptococcus_parasanguinis_B.db	layer1=cst (auto — 0 cluster(s) below the support floor, 4 informative internal node(s), 4 fallback node(s))
  Streptococcus_parasanguinis_B.db	[strain-resolved, no cluster above threshold]	markers=21/1865 (depth 0.02x)
  Streptococcus_salivarius.db	layer1=unique (auto — 0 cluster(s) below the support floor, 0 informative internal node(s), 0 fallback node(s))
  Streptococcus_salivarius.db	[strain-resolved, no cluster above threshold]	markers=22/3119 (depth 0.01x)
summary: 6/30 species strain-resolved (0 strain calls), 8 detected-not-resolvable, 16 absent
coverage of sample: strain calls account for -0.0% of 564141 tag observations (100.0% unclassified — unresolved species, no reference, host, error)
predictions -> /lustre1/g/aos_shihuang/Strain2bScan/work/lim_orpi/preds/SF041.pred.tsv
RUN SF042
cross-species filter: 356204/415597 markers usable for quantification (14.3% shared with another species in the panel, excluded)
sample: 12899 distinct tag markers; 30 species DBs; resolve-gate≥max(50, 0%×panel), detect-gate≥3 (threads: 16)
#species	cluster	abundance	coverage	support	depth	global_abundance	sample_fraction
  Cutibacterium_acnes.db	[detected, not strain-resolvable]	markers=24/5083 (0.5%, depth 12.65x)
  Haemophilus_D_parainfluenzae.db	[detected, not strain-resolvable]	markers=3/5861 (0.1%, depth 0.00x)
  Klebsiella_variicola.db	[detected, not strain-resolvable]	markers=7/24929 (0.0%, depth 0.00x)
  Methylobacterium_aquaticum.db	[detected, not strain-resolvable]	markers=6/16433 (0.0%, depth 0.70x)
  Neisseria_sp000186165.db	layer1=cst (auto — 0 cluster(s) below the support floor, 5 informative internal node(s), 5 fallback node(s))
  Neisseria_sp000186165.db	[strain-resolved, no cluster above threshold]	markers=19/18235 (depth 0.25x)
  Pseudomonas_E_fluorescens_AN.db	[detected, not strain-resolvable]	markers=10/140286 (0.0%, depth 0.06x)
  Ralstonia_mannitolilytica.db	[detected, not strain-resolvable]	markers=7/14996 (0.0%, depth 0.00x)
  Rothia_dentocariosa.db	[detected, not strain-resolvable]	markers=8/4230 (0.2%, depth 0.00x)
  Streptococcus_gordonii.db	[detected, not strain-resolvable]	markers=3/1656 (0.2%, depth 0.00x)
  Streptococcus_mutans.db	[detected, not strain-resolvable]	markers=3/790 (0.4%, depth 0.38x)
  Streptococcus_parasanguinis_B.db	[detected, not strain-resolvable]	markers=7/1865 (0.4%, depth 0.00x)
  Streptococcus_salivarius.db	[detected, not strain-resolvable]	markers=6/3119 (0.2%, depth 1.40x)
summary: 1/30 species strain-resolved (0 strain calls), 11 detected-not-resolvable, 18 absent
coverage of sample: strain calls account for -0.0% of 1865757 tag observations (100.0% unclassified — unresolved species, no reference, host, error)
predictions -> /lustre1/g/aos_shihuang/Strain2bScan/work/lim_orpi/preds/SF042.pred.tsv
RUN SF043
cross-species filter: 356204/415597 markers usable for quantification (14.3% shared with another species in the panel, excluded)
sample: 13347 distinct tag markers; 30 species DBs; resolve-gate≥max(50, 0%×panel), detect-gate≥3 (threads: 16)
#species	cluster	abundance	coverage	support	depth	global_abundance	sample_fraction
  Bosea_sp001556125.db	layer1=cst (auto — 0 cluster(s) below the support floor, 4 informative internal node(s), 4 fallback node(s))
  Bosea_sp001556125.db	[strain-resolved, no cluster above threshold]	markers=20/83397 (depth 0.00x)
  Cutibacterium_acnes.db	[detected, not strain-resolvable]	markers=33/5083 (0.6%, depth 5.86x)
  Haemophilus_D_parainfluenzae.db	[detected, not strain-resolvable]	markers=4/5861 (0.1%, depth 0.00x)
  Klebsiella_variicola.db	[detected, not strain-resolvable]	markers=6/24929 (0.0%, depth 0.47x)
  Methylobacterium_aquaticum.db	layer1=cst (auto — 0 cluster(s) below the support floor, 1 informative internal node(s), 1 fallback node(s))
  Methylobacterium_aquaticum.db	[strain-resolved, no cluster above threshold]	markers=29/16433 (depth 0.00x)
  Neisseria_elongata.db	[detected, not strain-resolvable]	markers=10/3776 (0.3%, depth 2.24x)
  Neisseria_sp000186165.db	layer1=cst (auto — 0 cluster(s) below the support floor, 5 informative internal node(s), 5 fallback node(s))
  Neisseria_sp000186165.db	[strain-resolved, no cluster above threshold]	markers=33/18235 (depth 0.21x)
  Pseudomonas_E_fluorescens_AN.db	layer1=cst (auto — 0 cluster(s) below the support floor, 17 informative internal node(s), 17 fallback node(s))
  Pseudomonas_E_fluorescens_AN.db	[strain-resolved, no cluster above threshold]	markers=20/140286 (depth 0.07x)
  Ralstonia_mannitolilytica.db	[detected, not strain-resolvable]	markers=15/14996 (0.1%, depth 1.43x)
  Rothia_aeria.db	[detected, not strain-resolvable]	markers=5/2497 (0.2%, depth 0.00x)
  Streptococcus_gordonii.db	[detected, not strain-resolvable]	markers=3/1656 (0.2%, depth 0.00x)
  Streptococcus_mutans.db	[detected, not strain-resolvable]	markers=3/790 (0.4%, depth 0.01x)
  Streptococcus_salivarius.db	[detected, not strain-resolvable]	markers=12/3119 (0.4%, depth 1.43x)
summary: 4/30 species strain-resolved (0 strain calls), 9 detected-not-resolvable, 17 absent
coverage of sample: strain calls account for -0.0% of 1643739 tag observations (100.0% unclassified — unresolved species, no reference, host, error)
predictions -> /lustre1/g/aos_shihuang/Strain2bScan/work/lim_orpi/preds/SF043.pred.tsv
RUN SF044
cross-species filter: 356204/415597 markers usable for quantification (14.3% shared with another species in the panel, excluded)
sample: 16046 distinct tag markers; 30 species DBs; resolve-gate≥max(50, 0%×panel), detect-gate≥3 (threads: 16)
#species	cluster	abundance	coverage	support	depth	global_abundance	sample_fraction
  Bosea_sp001556125.db	layer1=cst (auto — 0 cluster(s) below the support floor, 4 informative internal node(s), 4 fallback node(s))
  Bosea_sp001556125.db	[strain-resolved, no cluster above threshold]	markers=22/83397 (depth 0.03x)
  Cutibacterium_acnes.db	layer1=cst (auto — 1 cluster(s) below the support floor, 7 informative internal node(s), 5 fallback node(s))
  Cutibacterium_acnes.db	[strain-resolved, no cluster above threshold]	markers=55/5083 (depth 17.99x)
  Klebsiella_variicola.db	[detected, not strain-resolvable]	markers=4/24929 (0.0%, depth 0.20x)
  Methylobacterium_aquaticum.db	layer1=cst (auto — 0 cluster(s) below the support floor, 1 informative internal node(s), 1 fallback node(s))
  Methylobacterium_aquaticum.db	[strain-resolved, no cluster above threshold]	markers=37/16433 (depth 0.00x)
  Neisseria_elongata.db	[detected, not strain-resolvable]	markers=3/3776 (0.1%, depth 0.00x)
  Neisseria_sp000186165.db	layer1=cst (auto — 0 cluster(s) below the support floor, 5 informative internal node(s), 5 fallback node(s))
  Neisseria_sp000186165.db	[strain-resolved, no cluster above threshold]	markers=28/18235 (depth 0.23x)
  Porphyromonas_gingivalis.db	[detected, not strain-resolvable]	markers=4/5779 (0.1%, depth 0.23x)
  Pseudomonas_E_fluorescens_AN.db	layer1=cst (auto — 0 cluster(s) below the support floor, 17 informative internal node(s), 17 fallback node(s))
  Pseudomonas_E_fluorescens_AN.db	[strain-resolved, no cluster above threshold]	markers=20/140286 (depth 0.05x)
  Ralstonia_mannitolilytica.db	[detected, not strain-resolvable]	markers=10/14996 (0.1%, depth 0.00x)
  Rothia_dentocariosa.db	[detected, not strain-resolvable]	markers=9/4230 (0.2%, depth 2.75x)
  Streptococcus_gordonii.db	[detected, not strain-resolvable]	markers=4/1656 (0.2%, depth 2.83x)
  Streptococcus_mutans.db	[detected, not strain-resolvable]	markers=4/790 (0.5%, depth 2.83x)
  Streptococcus_parasanguinis_B.db	[detected, not strain-resolvable]	markers=5/1865 (0.3%, depth 0.00x)
  Streptococcus_salivarius.db	[detected, not strain-resolvable]	markers=9/3119 (0.3%, depth 0.00x)
  Veillonella_parvula_A.db	[detected, not strain-resolvable]	markers=3/1933 (0.2%, depth 0.00x)
summary: 5/30 species strain-resolved (0 strain calls), 10 detected-not-resolvable, 15 absent
coverage of sample: strain calls account for -0.0% of 2060447 tag observations (100.0% unclassified — unresolved species, no reference, host, error)
predictions -> /lustre1/g/aos_shihuang/Strain2bScan/work/lim_orpi/preds/SF044.pred.tsv
RUN SF045
cross-species filter: 356204/415597 markers usable for quantification (14.3% shared with another species in the panel, excluded)
sample: 21456 distinct tag markers; 30 species DBs; resolve-gate≥max(50, 0%×panel), detect-gate≥3 (threads: 16)
#species	cluster	abundance	coverage	support	depth	global_abundance	sample_fraction
  Bosea_sp001556125.db	layer1=cst (auto — 0 cluster(s) below the support floor, 4 informative internal node(s), 4 fallback node(s))
  Bosea_sp001556125.db	[strain-resolved, no cluster above threshold]	markers=41/83397 (depth 0.51x)
  Cutibacterium_acnes.db	layer1=cst (auto — 1 cluster(s) below the support floor, 7 informative internal node(s), 5 fallback node(s))
  Cutibacterium_acnes.db	[strain-resolved, no cluster above threshold]	markers=52/5083 (depth 4.02x)
  Granulicatella_adiacens.db	[detected, not strain-resolvable]	markers=4/771 (0.5%, depth 0.01x)
  Haemophilus_D_parainfluenzae.db	[detected, not strain-resolvable]	markers=6/5861 (0.1%, depth 0.19x)
  Klebsiella_variicola.db	[detected, not strain-resolvable]	markers=6/24929 (0.0%, depth 0.10x)
  Methylobacterium_aquaticum.db	layer1=cst (auto — 0 cluster(s) below the support floor, 1 informative internal node(s), 1 fallback node(s))
  Methylobacterium_aquaticum.db	[strain-resolved, no cluster above threshold]	markers=73/16433 (depth 0.15x)
  Neisseria_elongata.db	[detected, not strain-resolvable]	markers=6/3776 (0.2%, depth 0.00x)
  Neisseria_sp000186165.db	layer1=cst (auto — 0 cluster(s) below the support floor, 5 informative internal node(s), 5 fallback node(s))
  Neisseria_sp000186165.db	[strain-resolved, no cluster above threshold]	markers=32/18235 (depth 0.34x)
  Porphyromonas_gingivalis.db	[detected, not strain-resolvable]	markers=4/5779 (0.1%, depth 0.00x)
  Pseudomonas_E_fluorescens_AN.db	layer1=cst (auto — 0 cluster(s) below the support floor, 17 informative internal node(s), 17 fallback node(s))
  Pseudomonas_E_fluorescens_AN.db	[strain-resolved, no cluster above threshold]	markers=40/140286 (depth 0.16x)
  Ralstonia_mannitolilytica.db	layer1=cst (auto — 0 cluster(s) below the support floor, 3 informative internal node(s), 3 fallback node(s))
  Ralstonia_mannitolilytica.db	[strain-resolved, no cluster above threshold]	markers=23/14996 (depth 0.46x)
  Rothia_aeria.db	[detected, not strain-resolvable]	markers=6/2497 (0.2%, depth 0.47x)
  Rothia_dentocariosa.db	[detected, not strain-resolvable]	markers=11/4230 (0.3%, depth 1.01x)
  Streptococcus_gordonii.db	layer1=cst (auto — 0 cluster(s) below the support floor, 3 informative internal node(s), 2 fallback node(s))
  Streptococcus_gordonii.db	[strain-resolved, no cluster above threshold]	markers=21/1656 (depth 0.02x)
  Streptococcus_mutans.db	[detected, not strain-resolvable]	markers=3/790 (0.4%, depth 0.01x)
  Streptococcus_parasanguinis_B.db	[detected, not strain-resolvable]	markers=9/1865 (0.5%, depth 2.23x)
  Streptococcus_salivarius.db	layer1=unique (auto — 0 cluster(s) below the support floor, 0 informative internal node(s), 0 fallback node(s))
  Streptococcus_salivarius.db	[strain-resolved, no cluster above threshold]	markers=23/3119 (depth 0.02x)
  Veillonella_parvula_A.db	[detected, not strain-resolvable]	markers=5/1933 (0.3%, depth 2.12x)
summary: 8/30 species strain-resolved (0 strain calls), 10 detected-not-resolvable, 12 absent
coverage of sample: strain calls account for -0.0% of 3122839 tag observations (100.0% unclassified — unresolved species, no reference, host, error)
predictions -> /lustre1/g/aos_shihuang/Strain2bScan/work/lim_orpi/preds/SF045.pred.tsv
RUN SF046
cross-species filter: 356204/415597 markers usable for quantification (14.3% shared with another species in the panel, excluded)
sample: 32574 distinct tag markers; 30 species DBs; resolve-gate≥max(50, 0%×panel), detect-gate≥3 (threads: 16)
#species	cluster	abundance	coverage	support	depth	global_abundance	sample_fraction
  Bosea_sp001556125.db	layer1=cst (auto — 0 cluster(s) below the support floor, 4 informative internal node(s), 4 fallback node(s))
  Bosea_sp001556125.db	[strain-resolved, no cluster above threshold]	markers=78/83397 (depth 0.09x)
  Cutibacterium_acnes.db	[detected, not strain-resolvable]	markers=7/5083 (0.1%, depth 0.05x)
  Granulicatella_adiacens.db	layer1=cst (auto — 0 cluster(s) below the support floor, 1 informative internal node(s), 1 fallback node(s))
  Granulicatella_adiacens.db	[strain-resolved, no cluster above threshold]	markers=84/771 (depth 24.10x)
  Haemophilus_D_parainfluenzae.db	layer1=cst (auto — 0 cluster(s) below the support floor, 7 informative internal node(s), 7 fallback node(s))
  Haemophilus_D_parainfluenzae.db	[strain-resolved, no cluster above threshold]	markers=85/5861 (depth 0.09x)
  Klebsiella_variicola.db	[detected, not strain-resolvable]	markers=5/24929 (0.0%, depth 0.01x)
  Methylobacterium_aquaticum.db	[detected, not strain-resolvable]	markers=4/16433 (0.0%, depth 0.02x)
  Neisseria_elongata.db	layer1=cst (auto — 0 cluster(s) below the support floor, 2 informative internal node(s), 2 fallback node(s))
  Neisseria_elongata.db	[strain-resolved, no cluster above threshold]	markers=28/3776 (depth 0.23x)
  Neisseria_sp000186165.db	layer1=cst (auto — 0 cluster(s) below the support floor, 5 informative internal node(s), 5 fallback node(s))
  Neisseria_sp000186165.db	[strain-resolved, no cluster above threshold]	markers=64/18235 (depth 0.06x)
  Rothia_aeria.db	layer1=cst (auto — 0 cluster(s) below the support floor, 2 informative internal node(s), 2 fallback node(s))
  Rothia_aeria.db	[strain-resolved, no cluster above threshold]	markers=78/2497 (depth 3.62x)
  Rothia_dentocariosa.db	layer1=cst (auto — 0 cluster(s) below the support floor, 4 informative internal node(s), 4 fallback node(s))
  Rothia_dentocariosa.db	[strain-resolved, no cluster above threshold]	markers=183/4230 (depth 6.80x)
  Rothia_kristinae.db	[detected, not strain-resolvable]	markers=3/3041 (0.1%, depth 0.02x)
  Streptococcus_gordonii.db	layer1=cst (auto — 0 cluster(s) below the support floor, 3 informative internal node(s), 2 fallback node(s))
  Streptococcus_gordonii.db	[strain-resolved, no cluster above threshold]	markers=273/1656 (depth 173.39x)
  Streptococcus_mutans.db	[detected, not strain-resolvable]	markers=12/790 (1.5%, depth 0.02x)
  Streptococcus_parasanguinis_B.db	layer1=cst (auto — 0 cluster(s) below the support floor, 4 informative internal node(s), 4 fallback node(s))
  Streptococcus_parasanguinis_B.db	[strain-resolved, no cluster above threshold]	markers=98/1865 (depth 8.94x)
  Streptococcus_salivarius.db	layer1=unique (auto — 0 cluster(s) below the support floor, 0 informative internal node(s), 0 fallback node(s))
  Streptococcus_salivarius.db	[strain-resolved, no cluster above threshold]	markers=243/3119 (depth 22.17x)
  Streptococcus_sobrinus.db	[detected, not strain-resolvable]	markers=7/732 (1.0%, depth 0.01x)
  Veillonella_parvula_A.db	[detected, not strain-resolvable]	markers=6/1933 (0.3%, depth 0.00x)
summary: 10/30 species strain-resolved (0 strain calls), 7 detected-not-resolvable, 13 absent
coverage of sample: strain calls account for -0.0% of 4437204 tag observations (100.0% unclassified — unresolved species, no reference, host, error)
predictions -> /lustre1/g/aos_shihuang/Strain2bScan/work/lim_orpi/preds/SF046.pred.tsv
RUN SF047
cross-species filter: 356204/415597 markers usable for quantification (14.3% shared with another species in the panel, excluded)
sample: 41459 distinct tag markers; 30 species DBs; resolve-gate≥max(50, 0%×panel), detect-gate≥3 (threads: 16)
#species	cluster	abundance	coverage	support	depth	global_abundance	sample_fraction
  Bosea_sp001556125.db	layer1=cst (auto — 0 cluster(s) below the support floor, 4 informative internal node(s), 4 fallback node(s))
  Bosea_sp001556125.db	[strain-resolved, no cluster above threshold]	markers=14/83397 (depth 0.00x)
  Cutibacterium_acnes.db	layer1=cst (auto — 1 cluster(s) below the support floor, 7 informative internal node(s), 5 fallback node(s))
  Cutibacterium_acnes.db	[strain-resolved, no cluster above threshold]	markers=36/5083 (depth 0.67x)
  Granulicatella_adiacens.db	layer1=cst (auto — 0 cluster(s) below the support floor, 1 informative internal node(s), 1 fallback node(s))
  Granulicatella_adiacens.db	[strain-resolved, no cluster above threshold]	markers=41/771 (depth 1.28x)
  Haemophilus_D_parainfluenzae.db	layer1=cst (auto — 0 cluster(s) below the support floor, 7 informative internal node(s), 7 fallback node(s))
  Haemophilus_D_parainfluenzae.db	[strain-resolved, no cluster above threshold]	markers=56/5861 (depth 0.88x)
  Neisseria_elongata.db	layer1=cst (auto — 0 cluster(s) below the support floor, 2 informative internal node(s), 2 fallback node(s))
  Neisseria_elongata.db	[strain-resolved, no cluster above threshold]	markers=13/3776 (depth 0.01x)
  Neisseria_sp000186165.db	layer1=cst (auto — 0 cluster(s) below the support floor, 5 informative internal node(s), 5 fallback node(s))
  Neisseria_sp000186165.db	[strain-resolved, no cluster above threshold]	markers=214/18235 (depth 1.32x)
  Rothia_aeria.db	layer1=cst (auto — 0 cluster(s) below the support floor, 2 informative internal node(s), 2 fallback node(s))
  Rothia_aeria.db	[strain-resolved, no cluster above threshold]	markers=16/2497 (depth 0.01x)
  Rothia_dentocariosa.db	layer1=cst (auto — 0 cluster(s) below the support floor, 4 informative internal node(s), 4 fallback node(s))
  Rothia_dentocariosa.db	[strain-resolved, no cluster above threshold]	markers=66/4230 (depth 0.10x)
  Rothia_kristinae.db	layer1=cst (auto — 0 cluster(s) below the support floor, 2 informative internal node(s), 2 fallback node(s))
  Rothia_kristinae.db	[strain-resolved, no cluster above threshold]	markers=24/3041 (depth 0.01x)
  Streptococcus_gordonii.db	layer1=cst (auto — 0 cluster(s) below the support floor, 3 informative internal node(s), 2 fallback node(s))
  Streptococcus_gordonii.db	[strain-resolved, no cluster above threshold]	markers=200/1656 (depth 2.22x)
  Streptococcus_mutans.db	[detected, not strain-resolvable]	markers=11/790 (1.4%, depth 0.02x)
  Streptococcus_parasanguinis_B.db	layer1=cst (auto — 0 cluster(s) below the support floor, 4 informative internal node(s), 4 fallback node(s))
  Streptococcus_parasanguinis_B.db	[strain-resolved, no cluster above threshold]	markers=288/1865 (depth 53.37x)
  Streptococcus_salivarius.db	layer1=unique (auto — 0 cluster(s) below the support floor, 0 informative internal node(s), 0 fallback node(s))
  Streptococcus_salivarius.db	[strain-resolved, no cluster above threshold]	markers=775/3119 (depth 241.72x)
  Streptococcus_sobrinus.db	layer1=cst (auto — 0 cluster(s) below the support floor, 2 informative internal node(s), 2 fallback node(s))
  Streptococcus_sobrinus.db	[strain-resolved, no cluster above threshold]	markers=13/732 (depth 0.02x)
  Veillonella_parvula_A.db	[detected, not strain-resolvable]	markers=36/1933 (1.9%, depth 1.89x)
summary: 13/30 species strain-resolved (0 strain calls), 2 detected-not-resolvable, 15 absent
coverage of sample: strain calls account for -0.0% of 4843237 tag observations (100.0% unclassified — unresolved species, no reference, host, error)
predictions -> /lustre1/g/aos_shihuang/Strain2bScan/work/lim_orpi/preds/SF047.pred.tsv
RUN SF048
cross-species filter: 356204/415597 markers usable for quantification (14.3% shared with another species in the panel, excluded)
sample: 35160 distinct tag markers; 30 species DBs; resolve-gate≥max(50, 0%×panel), detect-gate≥3 (threads: 16)
#species	cluster	abundance	coverage	support	depth	global_abundance	sample_fraction
  Bosea_sp001556125.db	layer1=cst (auto — 0 cluster(s) below the support floor, 4 informative internal node(s), 4 fallback node(s))
  Bosea_sp001556125.db	[strain-resolved, no cluster above threshold]	markers=46/83397 (depth 0.44x)
  Cutibacterium_acnes.db	[detected, not strain-resolvable]	markers=20/5083 (0.4%, depth 3.53x)
  Methylobacterium_aquaticum.db	layer1=cst (auto — 0 cluster(s) below the support floor, 1 informative internal node(s), 1 fallback node(s))
  Methylobacterium_aquaticum.db	[strain-resolved, no cluster above threshold]	markers=104/16433 (depth 11.67x)
  Neisseria_sp000186165.db	layer1=cst (auto — 0 cluster(s) below the support floor, 5 informative internal node(s), 5 fallback node(s))
  Neisseria_sp000186165.db	[strain-resolved, no cluster above threshold]	markers=27/18235 (depth 0.77x)
  Porphyromonas_gingivalis.db	[detected, not strain-resolvable]	markers=5/5779 (0.1%, depth 0.00x)
  Pseudomonas_E_fluorescens_AN.db	layer1=cst (auto — 0 cluster(s) below the support floor, 17 informative internal node(s), 17 fallback node(s))
  Pseudomonas_E_fluorescens_AN.db	[strain-resolved, no cluster above threshold]	markers=23/140286 (depth 0.15x)
  Ralstonia_mannitolilytica.db	[detected, not strain-resolvable]	markers=14/14996 (0.1%, depth 0.68x)
  Rothia_dentocariosa.db	layer1=cst (auto — 0 cluster(s) below the support floor, 4 informative internal node(s), 4 fallback node(s))
  Rothia_dentocariosa.db	[strain-resolved, no cluster above threshold]	markers=46/4230 (depth 0.02x)
  Streptococcus_parasanguinis_B.db	[detected, not strain-resolvable]	markers=10/1865 (0.5%, depth 0.01x)
  Streptococcus_salivarius.db	layer1=unique (auto — 0 cluster(s) below the support floor, 0 informative internal node(s), 0 fallback node(s))
  Streptococcus_salivarius.db	[strain-resolved, no cluster above threshold]	markers=31/3119 (depth 0.03x)
summary: 6/30 species strain-resolved (0 strain calls), 4 detected-not-resolvable, 20 absent
coverage of sample: strain calls account for -0.0% of 6071910 tag observations (100.0% unclassified — unresolved species, no reference, host, error)
predictions -> /lustre1/g/aos_shihuang/Strain2bScan/work/lim_orpi/preds/SF048.pred.tsv
RUN SF049
cross-species filter: 356204/415597 markers usable for quantification (14.3% shared with another species in the panel, excluded)
sample: 14128 distinct tag markers; 30 species DBs; resolve-gate≥max(50, 0%×panel), detect-gate≥3 (threads: 16)
#species	cluster	abundance	coverage	support	depth	global_abundance	sample_fraction
  Bosea_sp001556125.db	layer1=cst (auto — 0 cluster(s) below the support floor, 4 informative internal node(s), 4 fallback node(s))
  Bosea_sp001556125.db	[strain-resolved, no cluster above threshold]	markers=24/83397 (depth 0.07x)
  Cutibacterium_acnes.db	layer1=cst (auto — 1 cluster(s) below the support floor, 7 informative internal node(s), 5 fallback node(s))
  Cutibacterium_acnes.db	[strain-resolved, no cluster above threshold]	markers=90/5083 (depth 2.45x)
  Haemophilus_D_parainfluenzae.db	[detected, not strain-resolvable]	markers=3/5861 (0.1%, depth 0.00x)
  Methylobacterium_aquaticum.db	layer1=cst (auto — 0 cluster(s) below the support floor, 1 informative internal node(s), 1 fallback node(s))
  Methylobacterium_aquaticum.db	[strain-resolved, no cluster above threshold]	markers=73/16433 (depth 0.02x)
  Neisseria_sp000186165.db	layer1=cst (auto — 0 cluster(s) below the support floor, 5 informative internal node(s), 5 fallback node(s))
  Neisseria_sp000186165.db	[strain-resolved, no cluster above threshold]	markers=35/18235 (depth 0.38x)
  Porphyromonas_gingivalis.db	[detected, not strain-resolvable]	markers=8/5779 (0.1%, depth 0.40x)
  Pseudomonas_E_fluorescens_AN.db	layer1=cst (auto — 0 cluster(s) below the support floor, 17 informative internal node(s), 17 fallback node(s))
  Pseudomonas_E_fluorescens_AN.db	[strain-resolved, no cluster above threshold]	markers=30/140286 (depth 0.01x)
  Ralstonia_mannitolilytica.db	layer1=cst (auto — 0 cluster(s) below the support floor, 3 informative internal node(s), 3 fallback node(s))
  Ralstonia_mannitolilytica.db	[strain-resolved, no cluster above threshold]	markers=32/14996 (depth 0.00x)
  Rothia_dentocariosa.db	[detected, not strain-resolvable]	markers=9/4230 (0.2%, depth 3.39x)
  Streptococcus_gordonii.db	[detected, not strain-resolvable]	markers=6/1656 (0.4%, depth 7.11x)
  Streptococcus_mutans.db	[detected, not strain-resolvable]	markers=4/790 (0.5%, depth 0.01x)
  Streptococcus_parasanguinis_B.db	[detected, not strain-resolvable]	markers=10/1865 (0.5%, depth 12.20x)
  Streptococcus_salivarius.db	[detected, not strain-resolvable]	markers=47/3119 (1.5%, depth 69.00x)
summary: 6/30 species strain-resolved (0 strain calls), 7 detected-not-resolvable, 17 absent
coverage of sample: strain calls account for -0.0% of 1578309 tag observations (100.0% unclassified — unresolved species, no reference, host, error)
predictions -> /lustre1/g/aos_shihuang/Strain2bScan/work/lim_orpi/preds/SF049.pred.tsv
RUN SF050
cross-species filter: 356204/415597 markers usable for quantification (14.3% shared with another species in the panel, excluded)
sample: 10962 distinct tag markers; 30 species DBs; resolve-gate≥max(50, 0%×panel), detect-gate≥3 (threads: 16)
#species	cluster	abundance	coverage	support	depth	global_abundance	sample_fraction
  Bosea_sp001556125.db	layer1=cst (auto — 0 cluster(s) below the support floor, 4 informative internal node(s), 4 fallback node(s))
  Bosea_sp001556125.db	[strain-resolved, no cluster above threshold]	markers=13/83397 (depth 0.00x)
  Cutibacterium_acnes.db	layer1=cst (auto — 1 cluster(s) below the support floor, 7 informative internal node(s), 5 fallback node(s))
  Cutibacterium_acnes.db	[strain-resolved, no cluster above threshold]	markers=109/5083 (depth 1.72x)
  Granulicatella_adiacens.db	[detected, not strain-resolvable]	markers=8/771 (1.0%, depth 0.02x)
  Klebsiella_variicola.db	[detected, not strain-resolvable]	markers=3/24929 (0.0%, depth 0.00x)
  Methylobacterium_aquaticum.db	layer1=cst (auto — 0 cluster(s) below the support floor, 1 informative internal node(s), 1 fallback node(s))
  Methylobacterium_aquaticum.db	[strain-resolved, no cluster above threshold]	markers=38/16433 (depth 0.01x)
  Neisseria_elongata.db	[detected, not strain-resolvable]	markers=8/3776 (0.2%, depth 0.00x)
  Neisseria_sp000186165.db	layer1=cst (auto — 0 cluster(s) below the support floor, 5 informative internal node(s), 5 fallback node(s))
  Neisseria_sp000186165.db	[strain-resolved, no cluster above threshold]	markers=30/18235 (depth 0.32x)
  Porphyromonas_gingivalis.db	[detected, not strain-resolvable]	markers=6/5779 (0.1%, depth 1.17x)
  Pseudomonas_E_fluorescens_AN.db	layer1=cst (auto — 0 cluster(s) below the support floor, 17 informative internal node(s), 17 fallback node(s))
  Pseudomonas_E_fluorescens_AN.db	[strain-resolved, no cluster above threshold]	markers=21/140286 (depth 0.00x)
  Ralstonia_mannitolilytica.db	[detected, not strain-resolvable]	markers=19/14996 (0.1%, depth 2.06x)
  Rothia_aeria.db	[detected, not strain-resolvable]	markers=10/2497 (0.4%, depth 0.01x)
  Rothia_dentocariosa.db	[detected, not strain-resolvable]	markers=7/4230 (0.2%, depth 0.00x)
  Streptococcus_gordonii.db	layer1=cst (auto — 0 cluster(s) below the support floor, 3 informative internal node(s), 2 fallback node(s))
  Streptococcus_gordonii.db	[strain-resolved, no cluster above threshold]	markers=19/1656 (depth 0.01x)
  Streptococcus_parasanguinis_B.db	[detected, not strain-resolvable]	markers=10/1865 (0.5%, depth 0.01x)
  Streptococcus_salivarius.db	layer1=unique (auto — 0 cluster(s) below the support floor, 0 informative internal node(s), 0 fallback node(s))
  Streptococcus_salivarius.db	[strain-resolved, no cluster above threshold]	markers=38/3119 (depth 0.03x)
  Veillonella_parvula_A.db	[detected, not strain-resolvable]	markers=13/1933 (0.7%, depth 1.98x)
summary: 7/30 species strain-resolved (0 strain calls), 9 detected-not-resolvable, 14 absent
coverage of sample: strain calls account for -0.0% of 758489 tag observations (100.0% unclassified — unresolved species, no reference, host, error)
predictions -> /lustre1/g/aos_shihuang/Strain2bScan/work/lim_orpi/preds/SF050.pred.tsv
RUN SF051
cross-species filter: 356204/415597 markers usable for quantification (14.3% shared with another species in the panel, excluded)
sample: 9357 distinct tag markers; 30 species DBs; resolve-gate≥max(50, 0%×panel), detect-gate≥3 (threads: 16)
#species	cluster	abundance	coverage	support	depth	global_abundance	sample_fraction
  Bosea_sp001556125.db	[detected, not strain-resolvable]	markers=6/83397 (0.0%, depth 0.00x)
  Cutibacterium_acnes.db	layer1=cst (auto — 1 cluster(s) below the support floor, 7 informative internal node(s), 5 fallback node(s))
  Cutibacterium_acnes.db	[strain-resolved, no cluster above threshold]	markers=90/5083 (depth 0.03x)
  Granulicatella_adiacens.db	[detected, not strain-resolvable]	markers=4/771 (0.5%, depth 25.18x)
  Klebsiella_variicola.db	[detected, not strain-resolvable]	markers=5/24929 (0.0%, depth 0.00x)
  Methylobacterium_aquaticum.db	layer1=cst (auto — 0 cluster(s) below the support floor, 1 informative internal node(s), 1 fallback node(s))
  Methylobacterium_aquaticum.db	[strain-resolved, no cluster above threshold]	markers=19/16433 (depth 0.00x)
  Neisseria_elongata.db	[detected, not strain-resolvable]	markers=3/3776 (0.1%, depth 0.00x)
  Neisseria_sp000186165.db	[detected, not strain-resolvable]	markers=28/18235 (0.2%, depth 1.66x)
  Porphyromonas_gingivalis.db	[detected, not strain-resolvable]	markers=8/5779 (0.1%, depth 1.03x)
  Pseudomonas_E_fluorescens_AN.db	[detected, not strain-resolvable]	markers=8/140286 (0.0%, depth 0.00x)
  Ralstonia_mannitolilytica.db	layer1=cst (auto — 0 cluster(s) below the support floor, 3 informative internal node(s), 3 fallback node(s))
  Ralstonia_mannitolilytica.db	[strain-resolved, no cluster above threshold]	markers=32/14996 (depth 0.19x)
  Rothia_dentocariosa.db	[detected, not strain-resolvable]	markers=5/4230 (0.1%, depth 0.20x)
  Streptococcus_gordonii.db	[detected, not strain-resolvable]	markers=12/1656 (0.7%, depth 2.35x)
  Streptococcus_mutans.db	[detected, not strain-resolvable]	markers=4/790 (0.5%, depth 0.01x)
  Streptococcus_parasanguinis_B.db	layer1=cst (auto — 0 cluster(s) below the support floor, 4 informative internal node(s), 4 fallback node(s))
  Streptococcus_parasanguinis_B.db	[strain-resolved, no cluster above threshold]	markers=14/1865 (depth 0.01x)
  Streptococcus_salivarius.db	layer1=unique (auto — 0 cluster(s) below the support floor, 0 informative internal node(s), 0 fallback node(s))
  Streptococcus_salivarius.db	[strain-resolved, no cluster above threshold]	markers=30/3119 (depth 0.02x)
  Veillonella_parvula_A.db	[detected, not strain-resolvable]	markers=3/1933 (0.2%, depth 1.63x)
summary: 5/30 species strain-resolved (0 strain calls), 11 detected-not-resolvable, 14 absent
coverage of sample: strain calls account for -0.0% of 913823 tag observations (100.0% unclassified — unresolved species, no reference, host, error)
predictions -> /lustre1/g/aos_shihuang/Strain2bScan/work/lim_orpi/preds/SF051.pred.tsv
RUN SF052
cross-species filter: 356204/415597 markers usable for quantification (14.3% shared with another species in the panel, excluded)
sample: 16918 distinct tag markers; 30 species DBs; resolve-gate≥max(50, 0%×panel), detect-gate≥3 (threads: 16)
#species	cluster	abundance	coverage	support	depth	global_abundance	sample_fraction
  Bosea_sp001556125.db	[detected, not strain-resolvable]	markers=5/83397 (0.0%, depth 0.00x)
  Cutibacterium_acnes.db	[detected, not strain-resolvable]	markers=29/5083 (0.6%, depth 3.79x)
  Granulicatella_adiacens.db	[detected, not strain-resolvable]	markers=5/771 (0.6%, depth 3.57x)
  Haemophilus_D_parainfluenzae.db	[detected, not strain-resolvable]	markers=4/5861 (0.1%, depth 0.00x)
  Methylobacterium_aquaticum.db	layer1=cst (auto — 0 cluster(s) below the support floor, 1 informative internal node(s), 1 fallback node(s))
  Methylobacterium_aquaticum.db	[strain-resolved, no cluster above threshold]	markers=21/16433 (depth 0.00x)
  Neisseria_elongata.db	[detected, not strain-resolvable]	markers=8/3776 (0.2%, depth 0.00x)
  Neisseria_sp000186165.db	layer1=cst (auto — 0 cluster(s) below the support floor, 5 informative internal node(s), 5 fallback node(s))
  Neisseria_sp000186165.db	[strain-resolved, no cluster above threshold]	markers=45/18235 (depth 0.05x)
  Porphyromonas_gingivalis.db	[detected, not strain-resolvable]	markers=8/5779 (0.1%, depth 0.78x)
  Pseudomonas_E_fluorescens_AN.db	[detected, not strain-resolvable]	markers=11/140286 (0.0%, depth 0.01x)
  Ralstonia_mannitolilytica.db	layer1=cst (auto — 0 cluster(s) below the support floor, 3 informative internal node(s), 3 fallback node(s))
  Ralstonia_mannitolilytica.db	[strain-resolved, no cluster above threshold]	markers=30/14996 (depth 0.78x)
  Rothia_aeria.db	[detected, not strain-resolvable]	markers=10/2497 (0.4%, depth 0.01x)
  Rothia_dentocariosa.db	[detected, not strain-resolvable]	markers=10/4230 (0.2%, depth 0.00x)
  Streptococcus_gordonii.db	[detected, not strain-resolvable]	markers=7/1656 (0.4%, depth 0.65x)
  Streptococcus_mutans.db	[detected, not strain-resolvable]	markers=4/790 (0.5%, depth 7.44x)
  Streptococcus_parasanguinis_B.db	[detected, not strain-resolvable]	markers=8/1865 (0.4%, depth 2.01x)
  Streptococcus_salivarius.db	layer1=unique (auto — 0 cluster(s) below the support floor, 0 informative internal node(s), 0 fallback node(s))
  Streptococcus_salivarius.db	[strain-resolved, no cluster above threshold]	markers=26/3119 (depth 0.02x)
  Veillonella_parvula_A.db	[detected, not strain-resolvable]	markers=3/1933 (0.2%, depth 0.00x)
summary: 4/30 species strain-resolved (0 strain calls), 13 detected-not-resolvable, 13 absent
coverage of sample: strain calls account for -0.0% of 2182552 tag observations (100.0% unclassified — unresolved species, no reference, host, error)
predictions -> /lustre1/g/aos_shihuang/Strain2bScan/work/lim_orpi/preds/SF052.pred.tsv
RUN SF053
cross-species filter: 356204/415597 markers usable for quantification (14.3% shared with another species in the panel, excluded)
sample: 17419 distinct tag markers; 30 species DBs; resolve-gate≥max(50, 0%×panel), detect-gate≥3 (threads: 16)
#species	cluster	abundance	coverage	support	depth	global_abundance	sample_fraction
  Bosea_sp001556125.db	[detected, not strain-resolvable]	markers=8/83397 (0.0%, depth 0.03x)
  Cutibacterium_acnes.db	layer1=cst (auto — 1 cluster(s) below the support floor, 7 informative internal node(s), 5 fallback node(s))
  Cutibacterium_acnes.db	[strain-resolved, no cluster above threshold]	markers=94/5083 (depth 2.42x)
  Granulicatella_adiacens.db	[detected, not strain-resolvable]	markers=5/771 (0.6%, depth 1.57x)
  Haemophilus_D_parainfluenzae.db	[detected, not strain-resolvable]	markers=8/5861 (0.1%, depth 1.95x)
  Methylobacterium_aquaticum.db	[detected, not strain-resolvable]	markers=11/16433 (0.1%, depth 0.08x)
  Neisseria_elongata.db	[detected, not strain-resolvable]	markers=7/3776 (0.2%, depth 5.51x)
  Neisseria_sp000186165.db	layer1=cst (auto — 0 cluster(s) below the support floor, 5 informative internal node(s), 5 fallback node(s))
  Neisseria_sp000186165.db	[strain-resolved, no cluster above threshold]	markers=69/18235 (depth 2.27x)
  Porphyromonas_gingivalis.db	[detected, not strain-resolvable]	markers=11/5779 (0.2%, depth 0.63x)
  Pseudomonas_E_fluorescens_AN.db	layer1=cst (auto — 0 cluster(s) below the support floor, 17 informative internal node(s), 17 fallback node(s))
  Pseudomonas_E_fluorescens_AN.db	[strain-resolved, no cluster above threshold]	markers=21/140286 (depth 0.04x)
  Ralstonia_mannitolilytica.db	layer1=cst (auto — 0 cluster(s) below the support floor, 3 informative internal node(s), 3 fallback node(s))
  Ralstonia_mannitolilytica.db	[strain-resolved, no cluster above threshold]	markers=53/14996 (depth 0.73x)
  Rothia_aeria.db	[detected, not strain-resolvable]	markers=11/2497 (0.4%, depth 7.46x)
  Rothia_dentocariosa.db	[detected, not strain-resolvable]	markers=11/4230 (0.3%, depth 0.53x)
  Streptococcus_gordonii.db	[detected, not strain-resolvable]	markers=9/1656 (0.5%, depth 5.62x)
  Streptococcus_mutans.db	[detected, not strain-resolvable]	markers=6/790 (0.8%, depth 2.84x)
  Streptococcus_parasanguinis_B.db	layer1=cst (auto — 0 cluster(s) below the support floor, 4 informative internal node(s), 4 fallback node(s))
  Streptococcus_parasanguinis_B.db	[strain-resolved, no cluster above threshold]	markers=14/1865 (depth 0.05x)
  Streptococcus_salivarius.db	[detected, not strain-resolvable]	markers=22/3119 (0.7%, depth 5.35x)
  Veillonella_parvula_A.db	[detected, not strain-resolvable]	markers=3/1933 (0.2%, depth 0.00x)
summary: 5/30 species strain-resolved (0 strain calls), 12 detected-not-resolvable, 13 absent
coverage of sample: strain calls account for -0.0% of 2730621 tag observations (100.0% unclassified — unresolved species, no reference, host, error)
predictions -> /lustre1/g/aos_shihuang/Strain2bScan/work/lim_orpi/preds/SF053.pred.tsv
RUN SF054
cross-species filter: 356204/415597 markers usable for quantification (14.3% shared with another species in the panel, excluded)
sample: 44439 distinct tag markers; 30 species DBs; resolve-gate≥max(50, 0%×panel), detect-gate≥3 (threads: 16)
#species	cluster	abundance	coverage	support	depth	global_abundance	sample_fraction
  Bosea_sp001556125.db	layer1=cst (auto — 0 cluster(s) below the support floor, 4 informative internal node(s), 4 fallback node(s))
  Bosea_sp001556125.db	[strain-resolved, no cluster above threshold]	markers=80/83397 (depth 0.04x)
  Cutibacterium_acnes.db	[detected, not strain-resolvable]	markers=10/5083 (0.2%, depth 0.03x)
  Granulicatella_adiacens.db	[detected, not strain-resolvable]	markers=6/771 (0.8%, depth 0.13x)
  Haemophilus_D_parainfluenzae.db	layer1=cst (auto — 0 cluster(s) below the support floor, 7 informative internal node(s), 7 fallback node(s))
  Haemophilus_D_parainfluenzae.db	[strain-resolved, no cluster above threshold]	markers=15/5861 (depth 0.03x)
  Klebsiella_variicola.db	layer1=cst (auto — 0 cluster(s) below the support floor, 8 informative internal node(s), 5 fallback node(s))
  Klebsiella_variicola.db	[strain-resolved, no cluster above threshold]	markers=23/24929 (depth 0.01x)
  Neisseria_elongata.db	layer1=cst (auto — 0 cluster(s) below the support floor, 2 informative internal node(s), 2 fallback node(s))
  Neisseria_elongata.db	[strain-resolved, no cluster above threshold]	markers=18/3776 (depth 0.08x)
  Neisseria_sp000186165.db	layer1=cst (auto — 0 cluster(s) below the support floor, 5 informative internal node(s), 5 fallback node(s))
  Neisseria_sp000186165.db	[strain-resolved, no cluster above threshold]	markers=101/18235 (depth 0.11x)
  Porphyromonas_gingivalis.db	[detected, not strain-resolvable]	markers=3/5779 (0.1%, depth 0.01x)
  Prevotella_sp000257925.db	[detected, not strain-resolvable]	markers=6/14665 (0.0%, depth 0.00x)
  Pseudomonas_E_fluorescens_AN.db	[detected, not strain-resolvable]	markers=10/140286 (0.0%, depth 0.00x)
  Ralstonia_mannitolilytica.db	[detected, not strain-resolvable]	markers=10/14996 (0.1%, depth 0.02x)
  Rothia_aeria.db	[detected, not strain-resolvable]	markers=9/2497 (0.4%, depth 0.05x)
  Rothia_dentocariosa.db	layer1=cst (auto — 0 cluster(s) below the support floor, 4 informative internal node(s), 4 fallback node(s))
  Rothia_dentocariosa.db	[strain-resolved, no cluster above threshold]	markers=51/4230 (depth 0.23x)
  Rothia_kristinae.db	[detected, not strain-resolvable]	markers=3/3041 (0.1%, depth 0.21x)
  Streptococcus_anginosus_C.db	[detected, not strain-resolvable]	markers=7/2130 (0.3%, depth 0.02x)
  Streptococcus_gordonii.db	layer1=cst (auto — 0 cluster(s) below the support floor, 3 informative internal node(s), 2 fallback node(s))
  Streptococcus_gordonii.db	[strain-resolved, no cluster above threshold]	markers=92/1656 (depth 1.43x)
  Streptococcus_mutans.db	layer1=cst (auto — 3 cluster(s) below the support floor, 1 informative internal node(s), 0 fallback node(s))
  Streptococcus_mutans.db	[strain-resolved, no cluster above threshold]	markers=36/790 (depth 0.89x)
  Streptococcus_parasanguinis_B.db	layer1=cst (auto — 0 cluster(s) below the support floor, 4 informative internal node(s), 4 fallback node(s))
  Streptococcus_parasanguinis_B.db	[strain-resolved, no cluster above threshold]	markers=29/1865 (depth 0.28x)
  Streptococcus_salivarius.db	layer1=unique (auto — 0 cluster(s) below the support floor, 0 informative internal node(s), 0 fallback node(s))
  Streptococcus_salivarius.db	[strain-resolved, no cluster above threshold]	markers=523/3119 (depth 92.55x)
  Veillonella_parvula_A.db	layer1=cst (auto — 0 cluster(s) below the support floor, 4 informative internal node(s), 3 fallback node(s))
  Veillonella_parvula_A.db	[strain-resolved, no cluster above threshold]	markers=24/1933 (depth 0.15x)
summary: 11/30 species strain-resolved (0 strain calls), 9 detected-not-resolvable, 10 absent
coverage of sample: strain calls account for -0.0% of 4790593 tag observations (100.0% unclassified — unresolved species, no reference, host, error)
predictions -> /lustre1/g/aos_shihuang/Strain2bScan/work/lim_orpi/preds/SF054.pred.tsv
RUN SF055
cross-species filter: 356204/415597 markers usable for quantification (14.3% shared with another species in the panel, excluded)
sample: 15935 distinct tag markers; 30 species DBs; resolve-gate≥max(50, 0%×panel), detect-gate≥3 (threads: 16)
#species	cluster	abundance	coverage	support	depth	global_abundance	sample_fraction
  Bosea_sp001556125.db	[detected, not strain-resolvable]	markers=8/83397 (0.0%, depth 0.07x)
  Cutibacterium_acnes.db	[detected, not strain-resolvable]	markers=45/5083 (0.9%, depth 12.78x)
  Granulicatella_adiacens.db	[detected, not strain-resolvable]	markers=3/771 (0.4%, depth 0.02x)
  Methylobacterium_aquaticum.db	[detected, not strain-resolvable]	markers=7/16433 (0.0%, depth 0.00x)
  Neisseria_sp000186165.db	layer1=cst (auto — 0 cluster(s) below the support floor, 5 informative internal node(s), 5 fallback node(s))
  Neisseria_sp000186165.db	[strain-resolved, no cluster above threshold]	markers=20/18235 (depth 0.18x)
  Porphyromonas_gingivalis.db	[detected, not strain-resolvable]	markers=7/5779 (0.1%, depth 0.28x)
  Pseudomonas_E_fluorescens_AN.db	layer1=cst (auto — 0 cluster(s) below the support floor, 17 informative internal node(s), 17 fallback node(s))
  Pseudomonas_E_fluorescens_AN.db	[strain-resolved, no cluster above threshold]	markers=17/140286 (depth 0.04x)
  Ralstonia_mannitolilytica.db	layer1=cst (auto — 0 cluster(s) below the support floor, 3 informative internal node(s), 3 fallback node(s))
  Ralstonia_mannitolilytica.db	[strain-resolved, no cluster above threshold]	markers=25/14996 (depth 0.01x)
  Rothia_aeria.db	[detected, not strain-resolvable]	markers=4/2497 (0.2%, depth 1.50x)
  Rothia_dentocariosa.db	layer1=cst (auto — 0 cluster(s) below the support floor, 4 informative internal node(s), 4 fallback node(s))
  Rothia_dentocariosa.db	[strain-resolved, no cluster above threshold]	markers=49/4230 (depth 0.03x)
  Streptococcus_gordonii.db	[detected, not strain-resolvable]	markers=5/1656 (0.3%, depth 0.00x)
  Streptococcus_mutans.db	[detected, not strain-resolvable]	markers=7/790 (0.9%, depth 0.02x)
  Streptococcus_parasanguinis_B.db	layer1=cst (auto — 0 cluster(s) below the support floor, 4 informative internal node(s), 4 fallback node(s))
  Streptococcus_parasanguinis_B.db	[strain-resolved, no cluster above threshold]	markers=18/1865 (depth 0.04x)
  Streptococcus_salivarius.db	[detected, not strain-resolvable]	markers=36/3119 (1.2%, depth 2.92x)
summary: 5/30 species strain-resolved (0 strain calls), 9 detected-not-resolvable, 16 absent
coverage of sample: strain calls account for -0.0% of 1065026 tag observations (100.0% unclassified — unresolved species, no reference, host, error)
predictions -> /lustre1/g/aos_shihuang/Strain2bScan/work/lim_orpi/preds/SF055.pred.tsv
RUN SF056
cross-species filter: 356204/415597 markers usable for quantification (14.3% shared with another species in the panel, excluded)
sample: 23187 distinct tag markers; 30 species DBs; resolve-gate≥max(50, 0%×panel), detect-gate≥3 (threads: 16)
#species	cluster	abundance	coverage	support	depth	global_abundance	sample_fraction
  Bosea_sp001556125.db	[detected, not strain-resolvable]	markers=9/83397 (0.0%, depth 0.06x)
  Cutibacterium_acnes.db	layer1=cst (auto — 1 cluster(s) below the support floor, 7 informative internal node(s), 5 fallback node(s))
  Cutibacterium_acnes.db	[strain-resolved, no cluster above threshold]	markers=63/5083 (depth 17.38x)
  Granulicatella_adiacens.db	[detected, not strain-resolvable]	markers=3/771 (0.4%, depth 11.57x)
  Haemophilus_D_parainfluenzae.db	[detected, not strain-resolvable]	markers=16/5861 (0.3%, depth 0.67x)
  Methylobacterium_aquaticum.db	[detected, not strain-resolvable]	markers=4/16433 (0.0%, depth 0.00x)
  Neisseria_elongata.db	[detected, not strain-resolvable]	markers=6/3776 (0.2%, depth 0.00x)
  Neisseria_sp000186165.db	layer1=cst (auto — 0 cluster(s) below the support floor, 5 informative internal node(s), 5 fallback node(s))
  Neisseria_sp000186165.db	[strain-resolved, no cluster above threshold]	markers=41/18235 (depth 1.61x)
  Porphyromonas_gingivalis.db	[detected, not strain-resolvable]	markers=8/5779 (0.1%, depth 3.86x)
  Pseudomonas_E_fluorescens_AN.db	layer1=cst (auto — 0 cluster(s) below the support floor, 17 informative internal node(s), 17 fallback node(s))
  Pseudomonas_E_fluorescens_AN.db	[strain-resolved, no cluster above threshold]	markers=20/140286 (depth 0.27x)
  Ralstonia_mannitolilytica.db	[detected, not strain-resolvable]	markers=18/14996 (0.1%, depth 4.35x)
  Rothia_aeria.db	[detected, not strain-resolvable]	markers=4/2497 (0.2%, depth 4.92x)
  Rothia_dentocariosa.db	[detected, not strain-resolvable]	markers=34/4230 (0.8%, depth 6.06x)
  Streptococcus_gordonii.db	layer1=cst (auto — 0 cluster(s) below the support floor, 3 informative internal node(s), 2 fallback node(s))
  Streptococcus_gordonii.db	[strain-resolved, no cluster above threshold]	markers=67/1656 (depth 2.79x)
  Streptococcus_mutans.db	[detected, not strain-resolvable]	markers=3/790 (0.4%, depth 10.18x)
  Streptococcus_parasanguinis_B.db	[detected, not strain-resolvable]	markers=15/1865 (0.8%, depth 25.68x)
  Streptococcus_salivarius.db	[detected, not strain-resolvable]	markers=26/3119 (0.8%, depth 28.76x)
  Veillonella_parvula_A.db	[detected, not strain-resolvable]	markers=6/1933 (0.3%, depth 0.01x)
summary: 4/30 species strain-resolved (0 strain calls), 13 detected-not-resolvable, 13 absent
coverage of sample: strain calls account for -0.0% of 3672191 tag observations (100.0% unclassified — unresolved species, no reference, host, error)
predictions -> /lustre1/g/aos_shihuang/Strain2bScan/work/lim_orpi/preds/SF056.pred.tsv
RUN SF057
cross-species filter: 356204/415597 markers usable for quantification (14.3% shared with another species in the panel, excluded)
sample: 26537 distinct tag markers; 30 species DBs; resolve-gate≥max(50, 0%×panel), detect-gate≥3 (threads: 16)
#species	cluster	abundance	coverage	support	depth	global_abundance	sample_fraction
  Bosea_sp001556125.db	[detected, not strain-resolvable]	markers=6/83397 (0.0%, depth 0.00x)
  Cutibacterium_acnes.db	layer1=cst (auto — 1 cluster(s) below the support floor, 7 informative internal node(s), 5 fallback node(s))
  Cutibacterium_acnes.db	[strain-resolved, no cluster above threshold]	markers=67/5083 (depth 2.37x)
  Granulicatella_adiacens.db	[detected, not strain-resolvable]	markers=8/771 (1.0%, depth 3.07x)
  Haemophilus_D_parainfluenzae.db	[detected, not strain-resolvable]	markers=6/5861 (0.1%, depth 0.50x)
  Methylobacterium_aquaticum.db	[detected, not strain-resolvable]	markers=11/16433 (0.1%, depth 0.54x)
  Neisseria_elongata.db	[detected, not strain-resolvable]	markers=7/3776 (0.2%, depth 0.37x)
  Neisseria_sp000186165.db	layer1=cst (auto — 0 cluster(s) below the support floor, 5 informative internal node(s), 5 fallback node(s))
  Neisseria_sp000186165.db	[strain-resolved, no cluster above threshold]	markers=29/18235 (depth 0.13x)
  Porphyromonas_gingivalis.db	[detected, not strain-resolvable]	markers=7/5779 (0.1%, depth 0.32x)
  Pseudomonas_E_fluorescens_AN.db	layer1=cst (auto — 0 cluster(s) below the support floor, 17 informative internal node(s), 17 fallback node(s))
  Pseudomonas_E_fluorescens_AN.db	[strain-resolved, no cluster above threshold]	markers=38/140286 (depth 0.11x)
  Ralstonia_mannitolilytica.db	layer1=cst (auto — 0 cluster(s) below the support floor, 3 informative internal node(s), 3 fallback node(s))
  Ralstonia_mannitolilytica.db	[strain-resolved, no cluster above threshold]	markers=31/14996 (depth 0.04x)
  Rothia_aeria.db	[detected, not strain-resolvable]	markers=10/2497 (0.4%, depth 0.62x)
  Rothia_dentocariosa.db	layer1=cst (auto — 0 cluster(s) below the support floor, 4 informative internal node(s), 4 fallback node(s))
  Rothia_dentocariosa.db	[strain-resolved, no cluster above threshold]	markers=121/4230 (depth 74.57x)
  Streptococcus_gordonii.db	[detected, not strain-resolvable]	markers=26/1656 (1.6%, depth 1.00x)
  Streptococcus_mutans.db	[detected, not strain-resolvable]	markers=8/790 (1.0%, depth 15.29x)
  Streptococcus_parasanguinis_B.db	[detected, not strain-resolvable]	markers=13/1865 (0.7%, depth 11.78x)
  Streptococcus_salivarius.db	[detected, not strain-resolvable]	markers=34/3119 (1.1%, depth 17.07x)
  Streptococcus_sobrinus.db	[detected, not strain-resolvable]	markers=5/732 (0.7%, depth 0.01x)
  Veillonella_parvula_A.db	[detected, not strain-resolvable]	markers=7/1933 (0.4%, depth 6.39x)
summary: 5/30 species strain-resolved (0 strain calls), 13 detected-not-resolvable, 12 absent
coverage of sample: strain calls account for -0.0% of 3645979 tag observations (100.0% unclassified — unresolved species, no reference, host, error)
predictions -> /lustre1/g/aos_shihuang/Strain2bScan/work/lim_orpi/preds/SF057.pred.tsv
RUN SF058
cross-species filter: 356204/415597 markers usable for quantification (14.3% shared with another species in the panel, excluded)
sample: 23825 distinct tag markers; 30 species DBs; resolve-gate≥max(50, 0%×panel), detect-gate≥3 (threads: 16)
#species	cluster	abundance	coverage	support	depth	global_abundance	sample_fraction
  Bosea_sp001556125.db	[detected, not strain-resolvable]	markers=3/83397 (0.0%, depth 0.05x)
  Cutibacterium_acnes.db	[detected, not strain-resolvable]	markers=41/5083 (0.8%, depth 3.55x)
  Granulicatella_adiacens.db	[detected, not strain-resolvable]	markers=12/771 (1.6%, depth 0.02x)
  Haemophilus_D_parainfluenzae.db	[detected, not strain-resolvable]	markers=7/5861 (0.1%, depth 0.44x)
  Methylobacterium_aquaticum.db	[detected, not strain-resolvable]	markers=4/16433 (0.0%, depth 0.00x)
  Neisseria_elongata.db	layer1=cst (auto — 0 cluster(s) below the support floor, 2 informative internal node(s), 2 fallback node(s))
  Neisseria_elongata.db	[strain-resolved, no cluster above threshold]	markers=16/3776 (depth 0.01x)
  Neisseria_sp000186165.db	layer1=cst (auto — 0 cluster(s) below the support floor, 5 informative internal node(s), 5 fallback node(s))
  Neisseria_sp000186165.db	[strain-resolved, no cluster above threshold]	markers=52/18235 (depth 0.63x)
  Porphyromonas_gingivalis.db	[detected, not strain-resolvable]	markers=3/5779 (0.1%, depth 0.00x)
  Pseudomonas_E_fluorescens_AN.db	layer1=cst (auto — 0 cluster(s) below the support floor, 17 informative internal node(s), 17 fallback node(s))
  Pseudomonas_E_fluorescens_AN.db	[strain-resolved, no cluster above threshold]	markers=29/140286 (depth 0.37x)
  Ralstonia_mannitolilytica.db	[detected, not strain-resolvable]	markers=28/14996 (0.2%, depth 2.74x)
  Rothia_aeria.db	layer1=cst (auto — 0 cluster(s) below the support floor, 2 informative internal node(s), 2 fallback node(s))
  Rothia_aeria.db	[strain-resolved, no cluster above threshold]	markers=22/2497 (depth 0.01x)
  Rothia_dentocariosa.db	layer1=cst (auto — 0 cluster(s) below the support floor, 4 informative internal node(s), 4 fallback node(s))
  Rothia_dentocariosa.db	[strain-resolved, no cluster above threshold]	markers=63/4230 (depth 0.03x)
  Streptococcus_gordonii.db	layer1=cst (auto — 0 cluster(s) below the support floor, 3 informative internal node(s), 2 fallback node(s))
  Streptococcus_gordonii.db	[strain-resolved, no cluster above threshold]	markers=57/1656 (depth 0.07x)
  Streptococcus_mutans.db	[detected, not strain-resolvable]	markers=5/790 (0.6%, depth 2.86x)
  Streptococcus_parasanguinis_B.db	[detected, not strain-resolvable]	markers=7/1865 (0.4%, depth 0.01x)
  Streptococcus_salivarius.db	[detected, not strain-resolvable]	markers=30/3119 (1.0%, depth 1.26x)
  Veillonella_parvula_A.db	[detected, not strain-resolvable]	markers=5/1933 (0.3%, depth 0.00x)
summary: 6/30 species strain-resolved (0 strain calls), 11 detected-not-resolvable, 13 absent
coverage of sample: strain calls account for -0.0% of 3566726 tag observations (100.0% unclassified — unresolved species, no reference, host, error)
predictions -> /lustre1/g/aos_shihuang/Strain2bScan/work/lim_orpi/preds/SF058.pred.tsv
RUN SF059
cross-species filter: 356204/415597 markers usable for quantification (14.3% shared with another species in the panel, excluded)
sample: 26831 distinct tag markers; 30 species DBs; resolve-gate≥max(50, 0%×panel), detect-gate≥3 (threads: 16)
#species	cluster	abundance	coverage	support	depth	global_abundance	sample_fraction
  Bosea_sp001556125.db	[detected, not strain-resolvable]	markers=5/83397 (0.0%, depth 0.06x)
  Cutibacterium_acnes.db	[detected, not strain-resolvable]	markers=22/5083 (0.4%, depth 5.84x)
  Granulicatella_adiacens.db	[detected, not strain-resolvable]	markers=14/771 (1.8%, depth 43.26x)
  Haemophilus_D_parainfluenzae.db	[detected, not strain-resolvable]	markers=5/5861 (0.1%, depth 0.26x)
  Klebsiella_variicola.db	[detected, not strain-resolvable]	markers=6/24929 (0.0%, depth 0.05x)
  Neisseria_elongata.db	[detected, not strain-resolvable]	markers=13/3776 (0.3%, depth 5.73x)
  Neisseria_sp000186165.db	layer1=cst (auto — 0 cluster(s) below the support floor, 5 informative internal node(s), 5 fallback node(s))
  Neisseria_sp000186165.db	[strain-resolved, no cluster above threshold]	markers=56/18235 (depth 6.46x)
  Porphyromonas_gingivalis.db	[detected, not strain-resolvable]	markers=3/5779 (0.1%, depth 0.57x)
  Pseudomonas_E_fluorescens_AN.db	layer1=cst (auto — 0 cluster(s) below the support floor, 17 informative internal node(s), 17 fallback node(s))
  Pseudomonas_E_fluorescens_AN.db	[strain-resolved, no cluster above threshold]	markers=27/140286 (depth 0.06x)
  Ralstonia_mannitolilytica.db	layer1=cst (auto — 0 cluster(s) below the support floor, 3 informative internal node(s), 3 fallback node(s))
  Ralstonia_mannitolilytica.db	[strain-resolved, no cluster above threshold]	markers=36/14996 (depth 0.44x)
  Rothia_aeria.db	[detected, not strain-resolvable]	markers=36/2497 (1.4%, depth 27.02x)
  Rothia_dentocariosa.db	[detected, not strain-resolvable]	markers=31/4230 (0.7%, depth 13.01x)
  Streptococcus_gordonii.db	[detected, not strain-resolvable]	markers=32/1656 (1.9%, depth 36.56x)
  Streptococcus_parasanguinis_B.db	[detected, not strain-resolvable]	markers=4/1865 (0.2%, depth 0.47x)
  Streptococcus_salivarius.db	[detected, not strain-resolvable]	markers=9/3119 (0.3%, depth 5.06x)
  Veillonella_parvula_A.db	[detected, not strain-resolvable]	markers=11/1933 (0.6%, depth 11.24x)
summary: 3/30 species strain-resolved (0 strain calls), 13 detected-not-resolvable, 14 absent
coverage of sample: strain calls account for -0.0% of 4759317 tag observations (100.0% unclassified — unresolved species, no reference, host, error)
predictions -> /lustre1/g/aos_shihuang/Strain2bScan/work/lim_orpi/preds/SF059.pred.tsv
RUN SF060
cross-species filter: 356204/415597 markers usable for quantification (14.3% shared with another species in the panel, excluded)
sample: 21056 distinct tag markers; 30 species DBs; resolve-gate≥max(50, 0%×panel), detect-gate≥3 (threads: 16)
#species	cluster	abundance	coverage	support	depth	global_abundance	sample_fraction
  Bosea_sp001556125.db	[detected, not strain-resolvable]	markers=10/83397 (0.0%, depth 0.12x)
  Cutibacterium_acnes.db	layer1=cst (auto — 1 cluster(s) below the support floor, 7 informative internal node(s), 5 fallback node(s))
  Cutibacterium_acnes.db	[strain-resolved, no cluster above threshold]	markers=52/5083 (depth 18.83x)
  Granulicatella_adiacens.db	layer1=cst (auto — 0 cluster(s) below the support floor, 1 informative internal node(s), 1 fallback node(s))
  Granulicatella_adiacens.db	[strain-resolved, no cluster above threshold]	markers=13/771 (depth 0.04x)
  Haemophilus_D_parainfluenzae.db	[detected, not strain-resolvable]	markers=3/5861 (0.1%, depth 0.00x)
  Klebsiella_variicola.db	[detected, not strain-resolvable]	markers=12/24929 (0.0%, depth 1.13x)
  Neisseria_elongata.db	[detected, not strain-resolvable]	markers=10/3776 (0.3%, depth 2.28x)
  Neisseria_sp000186165.db	layer1=cst (auto — 0 cluster(s) below the support floor, 5 informative internal node(s), 5 fallback node(s))
  Neisseria_sp000186165.db	[strain-resolved, no cluster above threshold]	markers=53/18235 (depth 0.80x)
  Porphyromonas_gingivalis.db	[detected, not strain-resolvable]	markers=3/5779 (0.1%, depth 0.00x)
  Pseudomonas_E_fluorescens_AN.db	layer1=cst (auto — 0 cluster(s) below the support floor, 17 informative internal node(s), 17 fallback node(s))
  Pseudomonas_E_fluorescens_AN.db	[strain-resolved, no cluster above threshold]	markers=21/140286 (depth 0.12x)
  Ralstonia_mannitolilytica.db	[detected, not strain-resolvable]	markers=34/14996 (0.2%, depth 5.58x)
  Rothia_aeria.db	layer1=cst (auto — 0 cluster(s) below the support floor, 2 informative internal node(s), 2 fallback node(s))
  Rothia_aeria.db	[strain-resolved, no cluster above threshold]	markers=32/2497 (depth 0.03x)
  Rothia_dentocariosa.db	layer1=cst (auto — 0 cluster(s) below the support floor, 4 informative internal node(s), 4 fallback node(s))
  Rothia_dentocariosa.db	[strain-resolved, no cluster above threshold]	markers=45/4230 (depth 0.02x)
  Streptococcus_gordonii.db	[detected, not strain-resolvable]	markers=34/1656 (2.1%, depth 1.20x)
  Streptococcus_mutans.db	[detected, not strain-resolvable]	markers=3/790 (0.4%, depth 0.36x)
  Streptococcus_parasanguinis_B.db	layer1=cst (auto — 0 cluster(s) below the support floor, 4 informative internal node(s), 4 fallback node(s))
  Streptococcus_parasanguinis_B.db	[strain-resolved, no cluster above threshold]	markers=24/1865 (depth 0.02x)
  Streptococcus_salivarius.db	layer1=unique (auto — 0 cluster(s) below the support floor, 0 informative internal node(s), 0 fallback node(s))
  Streptococcus_salivarius.db	[strain-resolved, no cluster above threshold]	markers=49/3119 (depth 2.05x)
  Veillonella_parvula_A.db	[detected, not strain-resolvable]	markers=7/1933 (0.4%, depth 0.79x)
summary: 8/30 species strain-resolved (0 strain calls), 9 detected-not-resolvable, 13 absent
coverage of sample: strain calls account for -0.0% of 2821664 tag observations (100.0% unclassified — unresolved species, no reference, host, error)
predictions -> /lustre1/g/aos_shihuang/Strain2bScan/work/lim_orpi/preds/SF060.pred.tsv
RUN SF061
cross-species filter: 356204/415597 markers usable for quantification (14.3% shared with another species in the panel, excluded)
sample: 138849 distinct tag markers; 30 species DBs; resolve-gate≥max(50, 0%×panel), detect-gate≥3 (threads: 16)
#species	cluster	abundance	coverage	support	depth	global_abundance	sample_fraction
  Bosea_sp001556125.db	layer1=cst (auto — 0 cluster(s) below the support floor, 4 informative internal node(s), 4 fallback node(s))
  Bosea_sp001556125.db	[strain-resolved, no cluster above threshold]	markers=510/83397 (depth 0.21x)
  Cutibacterium_acnes.db	layer1=cst (auto — 1 cluster(s) below the support floor, 7 informative internal node(s), 5 fallback node(s))
  Cutibacterium_acnes.db	[strain-resolved, no cluster above threshold]	markers=23/5083 (depth 0.07x)
  Granulicatella_adiacens.db	[detected, not strain-resolvable]	markers=11/771 (1.4%, depth 0.02x)
  Haemophilus_D_parainfluenzae.db	layer1=cst (auto — 0 cluster(s) below the support floor, 7 informative internal node(s), 7 fallback node(s))
  Haemophilus_D_parainfluenzae.db	[strain-resolved, no cluster above threshold]	markers=31/5861 (depth 0.01x)
  Klebsiella_variicola.db	layer1=cst (auto — 0 cluster(s) below the support floor, 8 informative internal node(s), 5 fallback node(s))
  Klebsiella_variicola.db	[strain-resolved, no cluster above threshold]	markers=177/24929 (depth 1.21x)
  Methylobacterium_aquaticum.db	layer1=cst (auto — 0 cluster(s) below the support floor, 1 informative internal node(s), 1 fallback node(s))
  Methylobacterium_aquaticum.db	[strain-resolved, no cluster above threshold]	markers=980/16433 (depth 1.48x)
  Neisseria_elongata.db	layer1=cst (auto — 0 cluster(s) below the support floor, 2 informative internal node(s), 2 fallback node(s))
  Neisseria_elongata.db	[strain-resolved, no cluster above threshold]	markers=14/3776 (depth 0.01x)
  Neisseria_sp000186165.db	layer1=cst (auto — 0 cluster(s) below the support floor, 5 informative internal node(s), 5 fallback node(s))
  Neisseria_sp000186165.db	[strain-resolved, no cluster above threshold]	markers=105/18235 (depth 0.05x)
  Pseudomonas_E_fluorescens_AN.db	layer1=cst (auto — 0 cluster(s) below the support floor, 17 informative internal node(s), 17 fallback node(s))
  Pseudomonas_E_fluorescens_AN.db	[strain-resolved, no cluster above threshold]	markers=181/140286 (depth 0.03x)
  Ralstonia_mannitolilytica.db	layer1=cst (auto — 0 cluster(s) below the support floor, 3 informative internal node(s), 3 fallback node(s))
  Ralstonia_mannitolilytica.db	[strain-resolved, no cluster above threshold]	markers=34/14996 (depth 0.09x)
  Rothia_dentocariosa.db	layer1=cst (auto — 0 cluster(s) below the support floor, 4 informative internal node(s), 4 fallback node(s))
  Rothia_dentocariosa.db	[strain-resolved, no cluster above threshold]	markers=13/4230 (depth 0.00x)
  Rothia_kristinae.db	[detected, not strain-resolvable]	markers=5/3041 (0.2%, depth 0.05x)
  Streptococcus_anginosus_C.db	layer1=cst (auto — 7 cluster(s) below the support floor, 7 informative internal node(s), 3 fallback node(s))
  Streptococcus_anginosus_C.db	[strain-resolved, no cluster above threshold]	markers=24/2130 (depth 0.02x)
  Streptococcus_gordonii.db	layer1=cst (auto — 0 cluster(s) below the support floor, 3 informative internal node(s), 2 fallback node(s))
  Streptococcus_gordonii.db	[strain-resolved, no cluster above threshold]	markers=50/1656 (depth 0.13x)
  Streptococcus_mutans.db	layer1=cst (auto — 3 cluster(s) below the support floor, 1 informative internal node(s), 0 fallback node(s))
  Streptococcus_mutans.db	[strain-resolved, no cluster above threshold]	markers=13/790 (depth 0.25x)
  Streptococcus_parasanguinis_B.db	layer1=cst (auto — 0 cluster(s) below the support floor, 4 informative internal node(s), 4 fallback node(s))
  Streptococcus_parasanguinis_B.db	[strain-resolved, no cluster above threshold]	markers=28/1865 (depth 0.20x)
  Streptococcus_salivarius.db	layer1=unique (auto — 0 cluster(s) below the support floor, 0 informative internal node(s), 0 fallback node(s))
  Streptococcus_salivarius.db	[strain-resolved, no cluster above threshold]	markers=23/3119 (depth 0.06x)
  Veillonella_parvula_A.db	layer1=cst (auto — 0 cluster(s) below the support floor, 4 informative internal node(s), 3 fallback node(s))
  Veillonella_parvula_A.db	[strain-resolved, no cluster above threshold]	markers=17/1933 (depth 0.01x)
summary: 16/30 species strain-resolved (0 strain calls), 2 detected-not-resolvable, 12 absent
coverage of sample: strain calls account for -0.0% of 5952848 tag observations (100.0% unclassified — unresolved species, no reference, host, error)
predictions -> /lustre1/g/aos_shihuang/Strain2bScan/work/lim_orpi/preds/SF061.pred.tsv
RUN SF062
cross-species filter: 356204/415597 markers usable for quantification (14.3% shared with another species in the panel, excluded)
sample: 28595 distinct tag markers; 30 species DBs; resolve-gate≥max(50, 0%×panel), detect-gate≥3 (threads: 16)
#species	cluster	abundance	coverage	support	depth	global_abundance	sample_fraction
  Bosea_sp001556125.db	[detected, not strain-resolvable]	markers=5/83397 (0.0%, depth 0.00x)
  Cutibacterium_acnes.db	[detected, not strain-resolvable]	markers=25/5083 (0.5%, depth 3.43x)
  Granulicatella_adiacens.db	[detected, not strain-resolvable]	markers=6/771 (0.8%, depth 0.01x)
  Klebsiella_variicola.db	[detected, not strain-resolvable]	markers=9/24929 (0.0%, depth 0.00x)
  Methylobacterium_aquaticum.db	[detected, not strain-resolvable]	markers=3/16433 (0.0%, depth 0.00x)
  Neisseria_elongata.db	[detected, not strain-resolvable]	markers=4/3776 (0.1%, depth 0.00x)
  Neisseria_sp000186165.db	layer1=cst (auto — 0 cluster(s) below the support floor, 5 informative internal node(s), 5 fallback node(s))
  Neisseria_sp000186165.db	[strain-resolved, no cluster above threshold]	markers=24/18235 (depth 0.30x)
  Porphyromonas_gingivalis.db	[detected, not strain-resolvable]	markers=4/5779 (0.1%, depth 0.00x)
  Pseudomonas_E_fluorescens_AN.db	[detected, not strain-resolvable]	markers=10/140286 (0.0%, depth 0.02x)
  Ralstonia_mannitolilytica.db	layer1=cst (auto — 0 cluster(s) below the support floor, 3 informative internal node(s), 3 fallback node(s))
  Ralstonia_mannitolilytica.db	[strain-resolved, no cluster above threshold]	markers=31/14996 (depth 0.00x)
  Rothia_aeria.db	[detected, not strain-resolvable]	markers=10/2497 (0.4%, depth 0.55x)
  Rothia_dentocariosa.db	layer1=cst (auto — 0 cluster(s) below the support floor, 4 informative internal node(s), 4 fallback node(s))
  Rothia_dentocariosa.db	[strain-resolved, no cluster above threshold]	markers=17/4230 (depth 0.01x)
  Streptococcus_gordonii.db	layer1=cst (auto — 0 cluster(s) below the support floor, 3 informative internal node(s), 2 fallback node(s))
  Streptococcus_gordonii.db	[strain-resolved, no cluster above threshold]	markers=18/1656 (depth 0.01x)
  Streptococcus_salivarius.db	[detected, not strain-resolvable]	markers=10/3119 (0.3%, depth 1.04x)
summary: 4/30 species strain-resolved (0 strain calls), 10 detected-not-resolvable, 16 absent
coverage of sample: strain calls account for -0.0% of 5543621 tag observations (100.0% unclassified — unresolved species, no reference, host, error)
predictions -> /lustre1/g/aos_shihuang/Strain2bScan/work/lim_orpi/preds/SF062.pred.tsv
RUN SF063
cross-species filter: 356204/415597 markers usable for quantification (14.3% shared with another species in the panel, excluded)
sample: 98301 distinct tag markers; 30 species DBs; resolve-gate≥max(50, 0%×panel), detect-gate≥3 (threads: 16)
#species	cluster	abundance	coverage	support	depth	global_abundance	sample_fraction
  Streptococcus_parasanguinis_B.db	C0|C1|C2|C3|C4	1.000000	0.17	9	0.222	1.000000	0.000028
  Bosea_sp001556125.db	layer1=cst (auto — 0 cluster(s) below the support floor, 4 informative internal node(s), 4 fallback node(s))
  Bosea_sp001556125.db	[strain-resolved, no cluster above threshold]	markers=646/83397 (depth 0.24x)
  Cutibacterium_acnes.db	layer1=cst (auto — 1 cluster(s) below the support floor, 7 informative internal node(s), 5 fallback node(s))
  Cutibacterium_acnes.db	[strain-resolved, no cluster above threshold]	markers=85/5083 (depth 0.53x)
  Granulicatella_adiacens.db	[detected, not strain-resolvable]	markers=8/771 (1.0%, depth 0.01x)
  Haemophilus_D_parainfluenzae.db	layer1=cst (auto — 0 cluster(s) below the support floor, 7 informative internal node(s), 7 fallback node(s))
  Haemophilus_D_parainfluenzae.db	[strain-resolved, no cluster above threshold]	markers=33/5861 (depth 0.01x)
  Klebsiella_variicola.db	layer1=cst (auto — 0 cluster(s) below the support floor, 8 informative internal node(s), 5 fallback node(s))
  Klebsiella_variicola.db	[strain-resolved, no cluster above threshold]	markers=505/24929 (depth 0.69x)
  Methylobacterium_aquaticum.db	layer1=cst (auto — 0 cluster(s) below the support floor, 1 informative internal node(s), 1 fallback node(s))
  Methylobacterium_aquaticum.db	[strain-resolved, no cluster above threshold]	markers=310/16433 (depth 0.67x)
  Neisseria_elongata.db	[detected, not strain-resolvable]	markers=10/3776 (0.3%, depth 0.00x)
  Neisseria_sp000186165.db	layer1=cst (auto — 0 cluster(s) below the support floor, 5 informative internal node(s), 5 fallback node(s))
  Neisseria_sp000186165.db	[strain-resolved, no cluster above threshold]	markers=81/18235 (depth 0.02x)
  Pseudomonas_E_fluorescens_AN.db	layer1=cst (auto — 0 cluster(s) below the support floor, 17 informative internal node(s), 17 fallback node(s))
  Pseudomonas_E_fluorescens_AN.db	[strain-resolved, no cluster above threshold]	markers=84/140286 (depth 0.03x)
  Ralstonia_mannitolilytica.db	layer1=cst (auto — 0 cluster(s) below the support floor, 3 informative internal node(s), 3 fallback node(s))
  Ralstonia_mannitolilytica.db	[strain-resolved, no cluster above threshold]	markers=44/14996 (depth 0.32x)
  Rothia_aeria.db	[detected, not strain-resolvable]	markers=10/2497 (0.4%, depth 0.10x)
  Rothia_dentocariosa.db	layer1=cst (auto — 0 cluster(s) below the support floor, 4 informative internal node(s), 4 fallback node(s))
  Rothia_dentocariosa.db	[strain-resolved, no cluster above threshold]	markers=569/4230 (depth 7.85x)
  Rothia_kristinae.db	layer1=cst (auto — 0 cluster(s) below the support floor, 2 informative internal node(s), 2 fallback node(s))
  Rothia_kristinae.db	[strain-resolved, no cluster above threshold]	markers=73/3041 (depth 0.39x)
  Streptococcus_anginosus_C.db	layer1=cst (auto — 7 cluster(s) below the support floor, 7 informative internal node(s), 3 fallback node(s))
  Streptococcus_anginosus_C.db	[strain-resolved, no cluster above threshold]	markers=324/2130 (depth 103.92x)
  Streptococcus_gordonii.db	layer1=cst (auto — 0 cluster(s) below the support floor, 3 informative internal node(s), 2 fallback node(s))
  Streptococcus_gordonii.db	[strain-resolved, no cluster above threshold]	markers=233/1656 (depth 18.36x)
  Streptococcus_mutans.db	[detected, not strain-resolvable]	markers=9/790 (1.1%, depth 1.36x)
  Streptococcus_parasanguinis_B.db	layer1=cst (auto — 0 cluster(s) below the support floor, 4 informative internal node(s), 4 fallback node(s))
  Streptococcus_salivarius.db	layer1=unique (auto — 0 cluster(s) below the support floor, 0 informative internal node(s), 0 fallback node(s))
  Streptococcus_salivarius.db	[strain-resolved, no cluster above threshold]	markers=49/3119 (depth 0.30x)
  Streptococcus_sobrinus.db	[detected, not strain-resolvable]	markers=3/732 (0.4%, depth 0.00x)
  Veillonella_parvula_A.db	layer1=cst (auto — 0 cluster(s) below the support floor, 4 informative internal node(s), 3 fallback node(s))
  Veillonella_parvula_A.db	[strain-resolved, no cluster above threshold]	markers=208/1933 (depth 4.78x)
summary: 15/30 species strain-resolved (1 strain calls), 5 detected-not-resolvable, 10 absent
coverage of sample: strain calls account for 0.0% of 5405989 tag observations (100.0% unclassified — unresolved species, no reference, host, error)
predictions -> /lustre1/g/aos_shihuang/Strain2bScan/work/lim_orpi/preds/SF063.pred.tsv
RUN SF064
cross-species filter: 356204/415597 markers usable for quantification (14.3% shared with another species in the panel, excluded)
sample: 16383 distinct tag markers; 30 species DBs; resolve-gate≥max(50, 0%×panel), detect-gate≥3 (threads: 16)
#species	cluster	abundance	coverage	support	depth	global_abundance	sample_fraction
  Bosea_sp001556125.db	[detected, not strain-resolvable]	markers=5/83397 (0.0%, depth 0.08x)
  Cutibacterium_acnes.db	layer1=cst (auto — 1 cluster(s) below the support floor, 7 informative internal node(s), 5 fallback node(s))
  Cutibacterium_acnes.db	[strain-resolved, no cluster above threshold]	markers=253/5083 (depth 0.38x)
  Granulicatella_adiacens.db	[detected, not strain-resolvable]	markers=9/771 (1.2%, depth 10.14x)
  Haemophilus_D_parainfluenzae.db	layer1=cst (auto — 0 cluster(s) below the support floor, 7 informative internal node(s), 7 fallback node(s))
  Haemophilus_D_parainfluenzae.db	[strain-resolved, no cluster above threshold]	markers=35/5861 (depth 0.02x)
  Klebsiella_variicola.db	[detected, not strain-resolvable]	markers=6/24929 (0.0%, depth 0.00x)
  Methylobacterium_aquaticum.db	[detected, not strain-resolvable]	markers=4/16433 (0.0%, depth 0.00x)
  Neisseria_elongata.db	layer1=cst (auto — 0 cluster(s) below the support floor, 2 informative internal node(s), 2 fallback node(s))
  Neisseria_elongata.db	[strain-resolved, no cluster above threshold]	markers=33/3776 (depth 0.02x)
  Neisseria_sp000186165.db	layer1=cst (auto — 0 cluster(s) below the support floor, 5 informative internal node(s), 5 fallback node(s))
  Neisseria_sp000186165.db	[strain-resolved, no cluster above threshold]	markers=100/18235 (depth 1.63x)
  Porphyromonas_gingivalis.db	[detected, not strain-resolvable]	markers=4/5779 (0.1%, depth 1.38x)
  Pseudomonas_E_fluorescens_AN.db	[detected, not strain-resolvable]	markers=10/140286 (0.0%, depth 0.00x)
  Ralstonia_mannitolilytica.db	layer1=cst (auto — 0 cluster(s) below the support floor, 3 informative internal node(s), 3 fallback node(s))
  Ralstonia_mannitolilytica.db	[strain-resolved, no cluster above threshold]	markers=44/14996 (depth 1.78x)
  Rothia_aeria.db	layer1=cst (auto — 0 cluster(s) below the support floor, 2 informative internal node(s), 2 fallback node(s))
  Rothia_aeria.db	[strain-resolved, no cluster above threshold]	markers=21/2497 (depth 0.02x)
  Rothia_dentocariosa.db	layer1=cst (auto — 0 cluster(s) below the support floor, 4 informative internal node(s), 4 fallback node(s))
  Rothia_dentocariosa.db	[strain-resolved, no cluster above threshold]	markers=49/4230 (depth 0.03x)
  Streptococcus_gordonii.db	layer1=cst (auto — 0 cluster(s) below the support floor, 3 informative internal node(s), 2 fallback node(s))
  Streptococcus_gordonii.db	[strain-resolved, no cluster above threshold]	markers=152/1656 (depth 0.58x)
  Streptococcus_mutans.db	[detected, not strain-resolvable]	markers=5/790 (0.6%, depth 0.01x)
  Streptococcus_parasanguinis_B.db	[detected, not strain-resolvable]	markers=9/1865 (0.5%, depth 0.01x)
  Streptococcus_salivarius.db	layer1=unique (auto — 0 cluster(s) below the support floor, 0 informative internal node(s), 0 fallback node(s))
  Streptococcus_salivarius.db	[strain-resolved, no cluster above threshold]	markers=22/3119 (depth 0.01x)
  Veillonella_parvula_A.db	layer1=cst (auto — 0 cluster(s) below the support floor, 4 informative internal node(s), 3 fallback node(s))
  Veillonella_parvula_A.db	[strain-resolved, no cluster above threshold]	markers=24/1933 (depth 0.03x)
summary: 10/30 species strain-resolved (0 strain calls), 8 detected-not-resolvable, 12 absent
coverage of sample: strain calls account for -0.0% of 1434571 tag observations (100.0% unclassified — unresolved species, no reference, host, error)
predictions -> /lustre1/g/aos_shihuang/Strain2bScan/work/lim_orpi/preds/SF064.pred.tsv
RUN SF065
cross-species filter: 356204/415597 markers usable for quantification (14.3% shared with another species in the panel, excluded)
sample: 10865 distinct tag markers; 30 species DBs; resolve-gate≥max(50, 0%×panel), detect-gate≥3 (threads: 16)
#species	cluster	abundance	coverage	support	depth	global_abundance	sample_fraction
  Bosea_sp001556125.db	[detected, not strain-resolvable]	markers=11/83397 (0.0%, depth 0.00x)
  Cutibacterium_acnes.db	[detected, not strain-resolvable]	markers=10/5083 (0.2%, depth 3.05x)
  Granulicatella_adiacens.db	[detected, not strain-resolvable]	markers=4/771 (0.5%, depth 0.01x)
  Neisseria_elongata.db	[detected, not strain-resolvable]	markers=5/3776 (0.1%, depth 0.31x)
  Neisseria_sp000186165.db	layer1=cst (auto — 0 cluster(s) below the support floor, 5 informative internal node(s), 5 fallback node(s))
  Neisseria_sp000186165.db	[strain-resolved, no cluster above threshold]	markers=35/18235 (depth 0.36x)
  Pseudomonas_E_fluorescens_AN.db	[detected, not strain-resolvable]	markers=11/140286 (0.0%, depth 0.06x)
  Ralstonia_mannitolilytica.db	[detected, not strain-resolvable]	markers=17/14996 (0.1%, depth 2.47x)
  Rothia_aeria.db	[detected, not strain-resolvable]	markers=6/2497 (0.2%, depth 0.00x)
  Rothia_dentocariosa.db	layer1=cst (auto — 0 cluster(s) below the support floor, 4 informative internal node(s), 4 fallback node(s))
  Rothia_dentocariosa.db	[strain-resolved, no cluster above threshold]	markers=14/4230 (depth 0.00x)
  Streptococcus_gordonii.db	layer1=cst (auto — 0 cluster(s) below the support floor, 3 informative internal node(s), 2 fallback node(s))
  Streptococcus_gordonii.db	[strain-resolved, no cluster above threshold]	markers=15/1656 (depth 0.01x)
  Streptococcus_parasanguinis_B.db	[detected, not strain-resolvable]	markers=7/1865 (0.4%, depth 0.01x)
  Streptococcus_salivarius.db	layer1=unique (auto — 0 cluster(s) below the support floor, 0 informative internal node(s), 0 fallback node(s))
  Streptococcus_salivarius.db	[strain-resolved, no cluster above threshold]	markers=21/3119 (depth 0.01x)
  Veillonella_parvula_A.db	[detected, not strain-resolvable]	markers=3/1933 (0.2%, depth 0.00x)
summary: 4/30 species strain-resolved (0 strain calls), 9 detected-not-resolvable, 17 absent
coverage of sample: strain calls account for -0.0% of 1396738 tag observations (100.0% unclassified — unresolved species, no reference, host, error)
predictions -> /lustre1/g/aos_shihuang/Strain2bScan/work/lim_orpi/preds/SF065.pred.tsv
RUN SF066
cross-species filter: 356204/415597 markers usable for quantification (14.3% shared with another species in the panel, excluded)
sample: 40579 distinct tag markers; 30 species DBs; resolve-gate≥max(50, 0%×panel), detect-gate≥3 (threads: 16)
#species	cluster	abundance	coverage	support	depth	global_abundance	sample_fraction
  Cutibacterium_acnes.db	layer1=cst (auto — 1 cluster(s) below the support floor, 7 informative internal node(s), 5 fallback node(s))
  Cutibacterium_acnes.db	[strain-resolved, no cluster above threshold]	markers=310/5083 (depth 96.56x)
  Granulicatella_adiacens.db	[detected, not strain-resolvable]	markers=22/771 (2.9%, depth 34.56x)
  Haemophilus_D_parainfluenzae.db	[detected, not strain-resolvable]	markers=42/5861 (0.7%, depth 8.91x)
  Neisseria_elongata.db	[detected, not strain-resolvable]	markers=37/3776 (1.0%, depth 13.09x)
  Neisseria_sp000186165.db	layer1=cst (auto — 0 cluster(s) below the support floor, 5 informative internal node(s), 5 fallback node(s))
  Neisseria_sp000186165.db	[strain-resolved, no cluster above threshold]	markers=120/18235 (depth 16.30x)
  Pseudomonas_E_fluorescens_AN.db	[detected, not strain-resolvable]	markers=11/140286 (0.0%, depth 0.01x)
  Ralstonia_mannitolilytica.db	[detected, not strain-resolvable]	markers=32/14996 (0.2%, depth 1.18x)
  Rothia_aeria.db	[detected, not strain-resolvable]	markers=15/2497 (0.6%, depth 5.55x)
  Rothia_dentocariosa.db	[detected, not strain-resolvable]	markers=17/4230 (0.4%, depth 3.49x)
  Streptococcus_gordonii.db	layer1=cst (auto — 0 cluster(s) below the support floor, 3 informative internal node(s), 2 fallback node(s))
  Streptococcus_gordonii.db	[strain-resolved, no cluster above threshold]	markers=190/1656 (depth 361.96x)
  Streptococcus_parasanguinis_B.db	[detected, not strain-resolvable]	markers=9/1865 (0.5%, depth 0.46x)
  Streptococcus_salivarius.db	[detected, not strain-resolvable]	markers=18/3119 (0.6%, depth 1.30x)
  Streptococcus_sobrinus.db	[detected, not strain-resolvable]	markers=4/732 (0.5%, depth 0.01x)
  Veillonella_parvula_A.db	[detected, not strain-resolvable]	markers=24/1933 (1.2%, depth 12.08x)
summary: 3/30 species strain-resolved (0 strain calls), 11 detected-not-resolvable, 16 absent
coverage of sample: strain calls account for -0.0% of 7625650 tag observations (100.0% unclassified — unresolved species, no reference, host, error)
predictions -> /lustre1/g/aos_shihuang/Strain2bScan/work/lim_orpi/preds/SF066.pred.tsv
RUN SF067
cross-species filter: 356204/415597 markers usable for quantification (14.3% shared with another species in the panel, excluded)
sample: 16042 distinct tag markers; 30 species DBs; resolve-gate≥max(50, 0%×panel), detect-gate≥3 (threads: 16)
#species	cluster	abundance	coverage	support	depth	global_abundance	sample_fraction
  Cutibacterium_acnes.db	layer1=cst (auto — 1 cluster(s) below the support floor, 7 informative internal node(s), 5 fallback node(s))
  Cutibacterium_acnes.db	[strain-resolved, no cluster above threshold]	markers=137/5083 (depth 7.94x)
  Granulicatella_adiacens.db	[detected, not strain-resolvable]	markers=11/771 (1.4%, depth 10.03x)
  Haemophilus_D_parainfluenzae.db	[detected, not strain-resolvable]	markers=29/5861 (0.5%, depth 0.92x)
  Methylobacterium_aquaticum.db	[detected, not strain-resolvable]	markers=7/16433 (0.0%, depth 0.00x)
  Neisseria_elongata.db	layer1=cst (auto — 0 cluster(s) below the support floor, 2 informative internal node(s), 2 fallback node(s))
  Neisseria_elongata.db	[strain-resolved, no cluster above threshold]	markers=22/3776 (depth 0.01x)
  Neisseria_sp000186165.db	layer1=cst (auto — 0 cluster(s) below the support floor, 5 informative internal node(s), 5 fallback node(s))
  Neisseria_sp000186165.db	[strain-resolved, no cluster above threshold]	markers=80/18235 (depth 0.82x)
  Porphyromonas_gingivalis.db	[detected, not strain-resolvable]	markers=4/5779 (0.1%, depth 0.40x)
  Pseudomonas_E_fluorescens_AN.db	[detected, not strain-resolvable]	markers=10/140286 (0.0%, depth 0.05x)
  Ralstonia_mannitolilytica.db	[detected, not strain-resolvable]	markers=18/14996 (0.1%, depth 1.07x)
  Rothia_aeria.db	[detected, not strain-resolvable]	markers=12/2497 (0.5%, depth 2.96x)
  Rothia_dentocariosa.db	[detected, not strain-resolvable]	markers=25/4230 (0.6%, depth 2.54x)
  Streptococcus_gordonii.db	layer1=cst (auto — 0 cluster(s) below the support floor, 3 informative internal node(s), 2 fallback node(s))
  Streptococcus_gordonii.db	[strain-resolved, no cluster above threshold]	markers=100/1656 (depth 3.32x)
  Streptococcus_parasanguinis_B.db	[detected, not strain-resolvable]	markers=16/1865 (0.9%, depth 1.38x)
  Streptococcus_salivarius.db	[detected, not strain-resolvable]	markers=32/3119 (1.0%, depth 1.20x)
  Streptococcus_sobrinus.db	[detected, not strain-resolvable]	markers=9/732 (1.2%, depth 41.79x)
  Veillonella_parvula_A.db	[detected, not strain-resolvable]	markers=11/1933 (0.6%, depth 7.16x)
summary: 4/30 species strain-resolved (0 strain calls), 12 detected-not-resolvable, 14 absent
coverage of sample: strain calls account for -0.0% of 2031493 tag observations (100.0% unclassified — unresolved species, no reference, host, error)
predictions -> /lustre1/g/aos_shihuang/Strain2bScan/work/lim_orpi/preds/SF067.pred.tsv
RUN SF068
cross-species filter: 356204/415597 markers usable for quantification (14.3% shared with another species in the panel, excluded)
sample: 21777 distinct tag markers; 30 species DBs; resolve-gate≥max(50, 0%×panel), detect-gate≥3 (threads: 16)
#species	cluster	abundance	coverage	support	depth	global_abundance	sample_fraction
  Cutibacterium_acnes.db	layer1=cst (auto — 1 cluster(s) below the support floor, 7 informative internal node(s), 5 fallback node(s))
  Cutibacterium_acnes.db	[strain-resolved, no cluster above threshold]	markers=83/5083 (depth 3.71x)
  Granulicatella_adiacens.db	[detected, not strain-resolvable]	markers=11/771 (1.4%, depth 0.02x)
  Haemophilus_D_parainfluenzae.db	layer1=cst (auto — 0 cluster(s) below the support floor, 7 informative internal node(s), 7 fallback node(s))
  Haemophilus_D_parainfluenzae.db	[strain-resolved, no cluster above threshold]	markers=13/5861 (depth 0.00x)
  Neisseria_elongata.db	[detected, not strain-resolvable]	markers=15/3776 (0.4%, depth 1.04x)
  Neisseria_sp000186165.db	layer1=cst (auto — 0 cluster(s) below the support floor, 5 informative internal node(s), 5 fallback node(s))
  Neisseria_sp000186165.db	[strain-resolved, no cluster above threshold]	markers=66/18235 (depth 0.88x)
  Pseudomonas_E_fluorescens_AN.db	[detected, not strain-resolvable]	markers=8/140286 (0.0%, depth 0.02x)
  Ralstonia_mannitolilytica.db	layer1=cst (auto — 0 cluster(s) below the support floor, 3 informative internal node(s), 3 fallback node(s))
  Ralstonia_mannitolilytica.db	[strain-resolved, no cluster above threshold]	markers=17/14996 (depth 0.20x)
  Rothia_aeria.db	[detected, not strain-resolvable]	markers=8/2497 (0.3%, depth 1.88x)
  Rothia_dentocariosa.db	layer1=cst (auto — 0 cluster(s) below the support floor, 4 informative internal node(s), 4 fallback node(s))
  Rothia_dentocariosa.db	[strain-resolved, no cluster above threshold]	markers=16/4230 (depth 0.04x)
  Streptococcus_gordonii.db	layer1=cst (auto — 0 cluster(s) below the support floor, 3 informative internal node(s), 2 fallback node(s))
  Streptococcus_gordonii.db	[strain-resolved, no cluster above threshold]	markers=81/1656 (depth 0.14x)
  Streptococcus_parasanguinis_B.db	layer1=cst (auto — 0 cluster(s) below the support floor, 4 informative internal node(s), 4 fallback node(s))
  Streptococcus_parasanguinis_B.db	[strain-resolved, no cluster above threshold]	markers=23/1865 (depth 0.03x)
  Streptococcus_salivarius.db	layer1=unique (auto — 0 cluster(s) below the support floor, 0 informative internal node(s), 0 fallback node(s))
  Streptococcus_salivarius.db	[strain-resolved, no cluster above threshold]	markers=32/3119 (depth 0.02x)
  Streptococcus_sobrinus.db	[detected, not strain-resolvable]	markers=6/732 (0.8%, depth 0.03x)
  Veillonella_parvula_A.db	[detected, not strain-resolvable]	markers=8/1933 (0.4%, depth 0.01x)
summary: 8/30 species strain-resolved (0 strain calls), 6 detected-not-resolvable, 16 absent
coverage of sample: strain calls account for -0.0% of 3209255 tag observations (100.0% unclassified — unresolved species, no reference, host, error)
predictions -> /lustre1/g/aos_shihuang/Strain2bScan/work/lim_orpi/preds/SF068.pred.tsv
RUN SF069
cross-species filter: 356204/415597 markers usable for quantification (14.3% shared with another species in the panel, excluded)
sample: 17968 distinct tag markers; 30 species DBs; resolve-gate≥max(50, 0%×panel), detect-gate≥3 (threads: 16)
#species	cluster	abundance	coverage	support	depth	global_abundance	sample_fraction
  Bosea_sp001556125.db	[detected, not strain-resolvable]	markers=3/83397 (0.0%, depth 0.00x)
  Cutibacterium_acnes.db	layer1=cst (auto — 1 cluster(s) below the support floor, 7 informative internal node(s), 5 fallback node(s))
  Cutibacterium_acnes.db	[strain-resolved, no cluster above threshold]	markers=80/5083 (depth 1.67x)
  Granulicatella_adiacens.db	[detected, not strain-resolvable]	markers=4/771 (0.5%, depth 0.01x)
  Haemophilus_D_parainfluenzae.db	[detected, not strain-resolvable]	markers=7/5861 (0.1%, depth 1.82x)
  Klebsiella_variicola.db	[detected, not strain-resolvable]	markers=3/24929 (0.0%, depth 0.00x)
  Neisseria_elongata.db	[detected, not strain-resolvable]	markers=8/3776 (0.2%, depth 0.89x)
  Neisseria_sp000186165.db	layer1=cst (auto — 0 cluster(s) below the support floor, 5 informative internal node(s), 5 fallback node(s))
  Neisseria_sp000186165.db	[strain-resolved, no cluster above threshold]	markers=24/18235 (depth 0.34x)
  Porphyromonas_gingivalis.db	[detected, not strain-resolvable]	markers=5/5779 (0.1%, depth 1.62x)
  Pseudomonas_E_fluorescens_AN.db	layer1=cst (auto — 0 cluster(s) below the support floor, 17 informative internal node(s), 17 fallback node(s))
  Pseudomonas_E_fluorescens_AN.db	[strain-resolved, no cluster above threshold]	markers=20/140286 (depth 0.24x)
  Ralstonia_mannitolilytica.db	[detected, not strain-resolvable]	markers=6/14996 (0.0%, depth 0.62x)
  Rothia_aeria.db	[detected, not strain-resolvable]	markers=3/2497 (0.1%, depth 0.00x)
  Rothia_dentocariosa.db	[detected, not strain-resolvable]	markers=9/4230 (0.2%, depth 0.00x)
  Streptococcus_gordonii.db	layer1=cst (auto — 0 cluster(s) below the support floor, 3 informative internal node(s), 2 fallback node(s))
  Streptococcus_gordonii.db	[strain-resolved, no cluster above threshold]	markers=23/1656 (depth 0.02x)
  Streptococcus_mutans.db	[detected, not strain-resolvable]	markers=3/790 (0.4%, depth 0.01x)
  Streptococcus_parasanguinis_B.db	layer1=cst (auto — 0 cluster(s) below the support floor, 4 informative internal node(s), 4 fallback node(s))
  Streptococcus_parasanguinis_B.db	[strain-resolved, no cluster above threshold]	markers=26/1865 (depth 0.03x)
  Streptococcus_salivarius.db	layer1=unique (auto — 0 cluster(s) below the support floor, 0 informative internal node(s), 0 fallback node(s))
  Streptococcus_salivarius.db	[strain-resolved, no cluster above threshold]	markers=36/3119 (depth 0.02x)
summary: 6/30 species strain-resolved (0 strain calls), 10 detected-not-resolvable, 14 absent
coverage of sample: strain calls account for -0.0% of 3381526 tag observations (100.0% unclassified — unresolved species, no reference, host, error)
predictions -> /lustre1/g/aos_shihuang/Strain2bScan/work/lim_orpi/preds/SF069.pred.tsv
RUN SF070
cross-species filter: 356204/415597 markers usable for quantification (14.3% shared with another species in the panel, excluded)
sample: 109761 distinct tag markers; 30 species DBs; resolve-gate≥max(50, 0%×panel), detect-gate≥3 (threads: 16)
#species	cluster	abundance	coverage	support	depth	global_abundance	sample_fraction
  Granulicatella_adiacens.db	C1	1.000000	0.60	175	32.526	0.028441	0.002899
  Haemophilus_D_parainfluenzae.db	C14|C15	1.000000	0.53	39	301.176	0.263355	0.040480
  Neisseria_sp000186165.db	C1|C6	1.000000	0.60	81	111.148	0.097191	0.047413
  Streptococcus_parasanguinis_B.db	C3|C4	1.000000	0.56	57	30.178	0.026389	0.003394
  Veillonella_parvula_A.db	C1|C2|C3|C4|C5	0.562625	0.84	26	376.161	0.328924	0.044993
  Veillonella_parvula_A.db	C2|C3	0.437375	0.66	25	292.421	0.255700	0.034664
  Bosea_sp001556125.db	[detected, not strain-resolvable]	markers=9/83397 (0.0%, depth 0.00x)
  Cutibacterium_acnes.db	layer1=cst (auto — 1 cluster(s) below the support floor, 7 informative internal node(s), 5 fallback node(s))
  Cutibacterium_acnes.db	[strain-resolved, no cluster above threshold]	markers=36/5083 (depth 0.01x)
  Granulicatella_adiacens.db	layer1=cst (auto — 0 cluster(s) below the support floor, 1 informative internal node(s), 1 fallback node(s))
  Haemophilus_D_parainfluenzae.db	layer1=cst (auto — 0 cluster(s) below the support floor, 7 informative internal node(s), 7 fallback node(s))
  Klebsiella_variicola.db	layer1=cst (auto — 0 cluster(s) below the support floor, 8 informative internal node(s), 5 fallback node(s))
  Klebsiella_variicola.db	[strain-resolved, no cluster above threshold]	markers=33/24929 (depth 0.01x)
  Methylobacterium_aquaticum.db	[detected, not strain-resolvable]	markers=8/16433 (0.0%, depth 0.00x)
  Neisseria_elongata.db	layer1=cst (auto — 0 cluster(s) below the support floor, 2 informative internal node(s), 2 fallback node(s))
  Neisseria_elongata.db	[strain-resolved, no cluster above threshold]	markers=484/3776 (depth 1.90x)
  Neisseria_sp000186165.db	layer1=cst (auto — 0 cluster(s) below the support floor, 5 informative internal node(s), 5 fallback node(s))
  Porphyromonas_gingivalis.db	[detected, not strain-resolvable]	markers=5/5779 (0.1%, depth 0.01x)
  Prevotella_sp000257925.db	layer1=unique (auto — 0 cluster(s) below the support floor, 0 informative internal node(s), 0 fallback node(s))
  Prevotella_sp000257925.db	[strain-resolved, no cluster above threshold]	markers=37/14665 (depth 0.01x)
  Pseudomonas_E_fluorescens_AN.db	[detected, not strain-resolvable]	markers=6/140286 (0.0%, depth 0.00x)
  Ralstonia_mannitolilytica.db	[detected, not strain-resolvable]	markers=7/14996 (0.0%, depth 0.03x)
  Rothia_aeria.db	layer1=cst (auto — 0 cluster(s) below the support floor, 2 informative internal node(s), 2 fallback node(s))
  Rothia_aeria.db	[strain-resolved, no cluster above threshold]	markers=457/2497 (depth 4.96x)
  Rothia_dentocariosa.db	layer1=cst (auto — 0 cluster(s) below the support floor, 4 informative internal node(s), 4 fallback node(s))
  Rothia_dentocariosa.db	[strain-resolved, no cluster above threshold]	markers=567/4230 (depth 1.15x)
  Rothia_kristinae.db	[detected, not strain-resolvable]	markers=9/3041 (0.3%, depth 0.00x)
  Streptococcus_anginosus_C.db	layer1=cst (auto — 7 cluster(s) below the support floor, 7 informative internal node(s), 3 fallback node(s))
  Streptococcus_anginosus_C.db	[strain-resolved, no cluster above threshold]	markers=125/2130 (depth 0.15x)
  Streptococcus_gordonii.db	layer1=cst (auto — 0 cluster(s) below the support floor, 3 informative internal node(s), 2 fallback node(s))
  Streptococcus_gordonii.db	[strain-resolved, no cluster above threshold]	markers=540/1656 (depth 261.90x)
  Streptococcus_mutans.db	layer1=cst (auto — 3 cluster(s) below the support floor, 1 informative internal node(s), 0 fallback node(s))
  Streptococcus_mutans.db	[strain-resolved, no cluster above threshold]	markers=178/790 (depth 3.53x)
  Streptococcus_parasanguinis_B.db	layer1=cst (auto — 0 cluster(s) below the support floor, 4 informative internal node(s), 4 fallback node(s))
  Streptococcus_salivarius.db	layer1=unique (auto — 0 cluster(s) below the support floor, 0 informative internal node(s), 0 fallback node(s))
  Streptococcus_salivarius.db	[strain-resolved, no cluster above threshold]	markers=471/3119 (depth 3.84x)
  Streptococcus_sobrinus.db	[detected, not strain-resolvable]	markers=3/732 (0.4%, depth 0.07x)
  Veillonella_parvula_A.db	layer1=cst (auto — 0 cluster(s) below the support floor, 4 informative internal node(s), 3 fallback node(s))
summary: 15/30 species strain-resolved (6 strain calls), 7 detected-not-resolvable, 8 absent
coverage of sample: strain calls account for 17.4% of 5609856 tag observations (82.6% unclassified — unresolved species, no reference, host, error)
predictions -> /lustre1/g/aos_shihuang/Strain2bScan/work/lim_orpi/preds/SF070.pred.tsv
RUN SF071
cross-species filter: 356204/415597 markers usable for quantification (14.3% shared with another species in the panel, excluded)
sample: 23013 distinct tag markers; 30 species DBs; resolve-gate≥max(50, 0%×panel), detect-gate≥3 (threads: 16)
#species	cluster	abundance	coverage	support	depth	global_abundance	sample_fraction
  Bosea_sp001556125.db	[detected, not strain-resolvable]	markers=4/83397 (0.0%, depth 0.00x)
  Cutibacterium_acnes.db	layer1=cst (auto — 1 cluster(s) below the support floor, 7 informative internal node(s), 5 fallback node(s))
  Cutibacterium_acnes.db	[strain-resolved, no cluster above threshold]	markers=82/5083 (depth 18.85x)
  Granulicatella_adiacens.db	[detected, not strain-resolvable]	markers=11/771 (1.4%, depth 2.74x)
  Haemophilus_D_parainfluenzae.db	[detected, not strain-resolvable]	markers=7/5861 (0.1%, depth 0.87x)
  Klebsiella_variicola.db	[detected, not strain-resolvable]	markers=7/24929 (0.0%, depth 0.08x)
  Neisseria_elongata.db	[detected, not strain-resolvable]	markers=3/3776 (0.1%, depth 1.06x)
  Neisseria_sp000186165.db	[detected, not strain-resolvable]	markers=24/18235 (0.1%, depth 0.88x)
  Porphyromonas_gingivalis.db	[detected, not strain-resolvable]	markers=5/5779 (0.1%, depth 0.08x)
  Pseudomonas_E_fluorescens_AN.db	layer1=cst (auto — 0 cluster(s) below the support floor, 17 informative internal node(s), 17 fallback node(s))
  Pseudomonas_E_fluorescens_AN.db	[strain-resolved, no cluster above threshold]	markers=22/140286 (depth 0.06x)
  Ralstonia_mannitolilytica.db	[detected, not strain-resolvable]	markers=10/14996 (0.1%, depth 0.09x)
  Rothia_dentocariosa.db	[detected, not strain-resolvable]	markers=24/4230 (0.6%, depth 2.05x)
  Streptococcus_gordonii.db	[detected, not strain-resolvable]	markers=12/1656 (0.7%, depth 9.24x)
  Streptococcus_parasanguinis_B.db	[detected, not strain-resolvable]	markers=44/1865 (2.4%, depth 90.25x)
  Streptococcus_salivarius.db	layer1=unique (auto — 0 cluster(s) below the support floor, 0 informative internal node(s), 0 fallback node(s))
  Streptococcus_salivarius.db	[strain-resolved, no cluster above threshold]	markers=81/3119 (depth 79.84x)
  Streptococcus_sobrinus.db	[detected, not strain-resolvable]	markers=4/732 (0.5%, depth 2.32x)
summary: 3/30 species strain-resolved (0 strain calls), 12 detected-not-resolvable, 15 absent
coverage of sample: strain calls account for -0.0% of 3695062 tag observations (100.0% unclassified — unresolved species, no reference, host, error)
predictions -> /lustre1/g/aos_shihuang/Strain2bScan/work/lim_orpi/preds/SF071.pred.tsv
RUN SF072
cross-species filter: 356204/415597 markers usable for quantification (14.3% shared with another species in the panel, excluded)
sample: 18154 distinct tag markers; 30 species DBs; resolve-gate≥max(50, 0%×panel), detect-gate≥3 (threads: 16)
#species	cluster	abundance	coverage	support	depth	global_abundance	sample_fraction
  Cutibacterium_acnes.db	layer1=cst (auto — 1 cluster(s) below the support floor, 7 informative internal node(s), 5 fallback node(s))
  Cutibacterium_acnes.db	[strain-resolved, no cluster above threshold]	markers=83/5083 (depth 15.46x)
  Granulicatella_adiacens.db	[detected, not strain-resolvable]	markers=8/771 (1.0%, depth 10.99x)
  Haemophilus_D_parainfluenzae.db	[detected, not strain-resolvable]	markers=5/5861 (0.1%, depth 0.00x)
  Klebsiella_variicola.db	[detected, not strain-resolvable]	markers=4/24929 (0.0%, depth 0.42x)
  Methylobacterium_aquaticum.db	[detected, not strain-resolvable]	markers=3/16433 (0.0%, depth 0.00x)
  Neisseria_elongata.db	[detected, not strain-resolvable]	markers=3/3776 (0.1%, depth 0.00x)
  Neisseria_sp000186165.db	layer1=cst (auto — 0 cluster(s) below the support floor, 5 informative internal node(s), 5 fallback node(s))
  Neisseria_sp000186165.db	[strain-resolved, no cluster above threshold]	markers=21/18235 (depth 0.09x)
  Pseudomonas_E_fluorescens_AN.db	layer1=cst (auto — 0 cluster(s) below the support floor, 17 informative internal node(s), 17 fallback node(s))
  Pseudomonas_E_fluorescens_AN.db	[strain-resolved, no cluster above threshold]	markers=24/140286 (depth 0.08x)
  Ralstonia_mannitolilytica.db	[detected, not strain-resolvable]	markers=11/14996 (0.1%, depth 0.31x)
  Rothia_dentocariosa.db	[detected, not strain-resolvable]	markers=26/4230 (0.6%, depth 8.56x)
  Streptococcus_gordonii.db	[detected, not strain-resolvable]	markers=13/1656 (0.8%, depth 9.29x)
  Streptococcus_parasanguinis_B.db	layer1=cst (auto — 0 cluster(s) below the support floor, 4 informative internal node(s), 4 fallback node(s))
  Streptococcus_parasanguinis_B.db	[strain-resolved, no cluster above threshold]	markers=31/1865 (depth 0.06x)
  Streptococcus_salivarius.db	layer1=unique (auto — 0 cluster(s) below the support floor, 0 informative internal node(s), 0 fallback node(s))
  Streptococcus_salivarius.db	[strain-resolved, no cluster above threshold]	markers=50/3119 (depth 0.57x)
  Veillonella_parvula_A.db	[detected, not strain-resolvable]	markers=4/1933 (0.2%, depth 0.00x)
summary: 5/30 species strain-resolved (0 strain calls), 9 detected-not-resolvable, 16 absent
coverage of sample: strain calls account for -0.0% of 2438901 tag observations (100.0% unclassified — unresolved species, no reference, host, error)
predictions -> /lustre1/g/aos_shihuang/Strain2bScan/work/lim_orpi/preds/SF072.pred.tsv
RUN SF073
cross-species filter: 356204/415597 markers usable for quantification (14.3% shared with another species in the panel, excluded)
sample: 15210 distinct tag markers; 30 species DBs; resolve-gate≥max(50, 0%×panel), detect-gate≥3 (threads: 16)
#species	cluster	abundance	coverage	support	depth	global_abundance	sample_fraction
  Bosea_sp001556125.db	[detected, not strain-resolvable]	markers=12/83397 (0.0%, depth 0.00x)
  Cutibacterium_acnes.db	layer1=cst (auto — 1 cluster(s) below the support floor, 7 informative internal node(s), 5 fallback node(s))
  Cutibacterium_acnes.db	[strain-resolved, no cluster above threshold]	markers=81/5083 (depth 7.37x)
  Granulicatella_adiacens.db	[detected, not strain-resolvable]	markers=11/771 (1.4%, depth 0.03x)
  Haemophilus_D_parainfluenzae.db	[detected, not strain-resolvable]	markers=3/5861 (0.1%, depth 0.00x)
  Klebsiella_variicola.db	[detected, not strain-resolvable]	markers=3/24929 (0.0%, depth 0.00x)
  Methylobacterium_aquaticum.db	[detected, not strain-resolvable]	markers=3/16433 (0.0%, depth 0.00x)
  Neisseria_elongata.db	[detected, not strain-resolvable]	markers=3/3776 (0.1%, depth 0.00x)
  Neisseria_sp000186165.db	layer1=cst (auto — 0 cluster(s) below the support floor, 5 informative internal node(s), 5 fallback node(s))
  Neisseria_sp000186165.db	[strain-resolved, no cluster above threshold]	markers=30/18235 (depth 0.15x)
  Porphyromonas_gingivalis.db	[detected, not strain-resolvable]	markers=4/5779 (0.1%, depth 0.34x)
  Pseudomonas_E_fluorescens_AN.db	layer1=cst (auto — 0 cluster(s) below the support floor, 17 informative internal node(s), 17 fallback node(s))
  Pseudomonas_E_fluorescens_AN.db	[strain-resolved, no cluster above threshold]	markers=18/140286 (depth 0.00x)
  Ralstonia_mannitolilytica.db	[detected, not strain-resolvable]	markers=9/14996 (0.1%, depth 0.00x)
  Rothia_aeria.db	[detected, not strain-resolvable]	markers=3/2497 (0.1%, depth 0.00x)
  Rothia_dentocariosa.db	layer1=cst (auto — 0 cluster(s) below the support floor, 4 informative internal node(s), 4 fallback node(s))
  Rothia_dentocariosa.db	[strain-resolved, no cluster above threshold]	markers=33/4230 (depth 0.02x)
  Streptococcus_gordonii.db	layer1=cst (auto — 0 cluster(s) below the support floor, 3 informative internal node(s), 2 fallback node(s))
  Streptococcus_gordonii.db	[strain-resolved, no cluster above threshold]	markers=24/1656 (depth 0.03x)
  Streptococcus_mutans.db	[detected, not strain-resolvable]	markers=3/790 (0.4%, depth 0.01x)
  Streptococcus_parasanguinis_B.db	layer1=cst (auto — 0 cluster(s) below the support floor, 4 informative internal node(s), 4 fallback node(s))
  Streptococcus_parasanguinis_B.db	[strain-resolved, no cluster above threshold]	markers=33/1865 (depth 0.04x)
  Streptococcus_salivarius.db	layer1=unique (auto — 0 cluster(s) below the support floor, 0 informative internal node(s), 0 fallback node(s))
  Streptococcus_salivarius.db	[strain-resolved, no cluster above threshold]	markers=54/3119 (depth 0.04x)
  Veillonella_parvula_A.db	layer1=cst (auto — 0 cluster(s) below the support floor, 4 informative internal node(s), 3 fallback node(s))
  Veillonella_parvula_A.db	[strain-resolved, no cluster above threshold]	markers=30/1933 (depth 0.38x)
summary: 8/30 species strain-resolved (0 strain calls), 10 detected-not-resolvable, 12 absent
coverage of sample: strain calls account for -0.0% of 1407242 tag observations (100.0% unclassified — unresolved species, no reference, host, error)
predictions -> /lustre1/g/aos_shihuang/Strain2bScan/work/lim_orpi/preds/SF073.pred.tsv
RUN SF074
cross-species filter: 356204/415597 markers usable for quantification (14.3% shared with another species in the panel, excluded)
sample: 27230 distinct tag markers; 30 species DBs; resolve-gate≥max(50, 0%×panel), detect-gate≥3 (threads: 16)
#species	cluster	abundance	coverage	support	depth	global_abundance	sample_fraction
  Cutibacterium_acnes.db	layer1=cst (auto — 1 cluster(s) below the support floor, 7 informative internal node(s), 5 fallback node(s))
  Cutibacterium_acnes.db	[strain-resolved, no cluster above threshold]	markers=62/5083 (depth 1.74x)
  Granulicatella_adiacens.db	[detected, not strain-resolvable]	markers=8/771 (1.0%, depth 1.08x)
  Haemophilus_D_parainfluenzae.db	layer1=cst (auto — 0 cluster(s) below the support floor, 7 informative internal node(s), 7 fallback node(s))
  Haemophilus_D_parainfluenzae.db	[strain-resolved, no cluster above threshold]	markers=38/5861 (depth 0.41x)
  Klebsiella_variicola.db	layer1=cst (auto — 0 cluster(s) below the support floor, 8 informative internal node(s), 5 fallback node(s))
  Klebsiella_variicola.db	[strain-resolved, no cluster above threshold]	markers=2517/24929 (depth 84.66x)
  Neisseria_elongata.db	[detected, not strain-resolvable]	markers=9/3776 (0.2%, depth 0.41x)
  Neisseria_sp000186165.db	layer1=cst (auto — 0 cluster(s) below the support floor, 5 informative internal node(s), 5 fallback node(s))
  Neisseria_sp000186165.db	[strain-resolved, no cluster above threshold]	markers=44/18235 (depth 0.22x)
  Pseudomonas_E_fluorescens_AN.db	layer1=cst (auto — 0 cluster(s) below the support floor, 17 informative internal node(s), 17 fallback node(s))
  Pseudomonas_E_fluorescens_AN.db	[strain-resolved, no cluster above threshold]	markers=13/140286 (depth 0.02x)
  Ralstonia_mannitolilytica.db	[detected, not strain-resolvable]	markers=4/14996 (0.0%, depth 0.06x)
  Rothia_aeria.db	[detected, not strain-resolvable]	markers=3/2497 (0.1%, depth 0.00x)
  Rothia_dentocariosa.db	[detected, not strain-resolvable]	markers=7/4230 (0.2%, depth 0.11x)
  Streptococcus_anginosus_C.db	[detected, not strain-resolvable]	markers=6/2130 (0.3%, depth 0.00x)
  Streptococcus_gordonii.db	layer1=cst (auto — 0 cluster(s) below the support floor, 3 informative internal node(s), 2 fallback node(s))
  Streptococcus_gordonii.db	[strain-resolved, no cluster above threshold]	markers=41/1656 (depth 1.04x)
  Streptococcus_mutans.db	[detected, not strain-resolvable]	markers=7/790 (0.9%, depth 0.27x)
  Streptococcus_parasanguinis_B.db	[detected, not strain-resolvable]	markers=5/1865 (0.3%, depth 0.00x)
  Streptococcus_salivarius.db	[detected, not strain-resolvable]	markers=11/3119 (0.4%, depth 0.01x)
  Streptococcus_sobrinus.db	[detected, not strain-resolvable]	markers=3/732 (0.4%, depth 0.01x)
  Veillonella_parvula_A.db	layer1=cst (auto — 0 cluster(s) below the support floor, 4 informative internal node(s), 3 fallback node(s))
  Veillonella_parvula_A.db	[strain-resolved, no cluster above threshold]	markers=27/1933 (depth 0.37x)
summary: 7/30 species strain-resolved (0 strain calls), 10 detected-not-resolvable, 13 absent
coverage of sample: strain calls account for -0.0% of 3194100 tag observations (100.0% unclassified — unresolved species, no reference, host, error)
predictions -> /lustre1/g/aos_shihuang/Strain2bScan/work/lim_orpi/preds/SF074.pred.tsv
RUN SF075
cross-species filter: 356204/415597 markers usable for quantification (14.3% shared with another species in the panel, excluded)
sample: 23963 distinct tag markers; 30 species DBs; resolve-gate≥max(50, 0%×panel), detect-gate≥3 (threads: 16)
#species	cluster	abundance	coverage	support	depth	global_abundance	sample_fraction
  Bosea_sp001556125.db	layer1=cst (auto — 0 cluster(s) below the support floor, 4 informative internal node(s), 4 fallback node(s))
  Bosea_sp001556125.db	[strain-resolved, no cluster above threshold]	markers=38/83397 (depth 0.39x)
  Cutibacterium_acnes.db	[detected, not strain-resolvable]	markers=49/5083 (1.0%, depth 6.06x)
  Granulicatella_adiacens.db	[detected, not strain-resolvable]	markers=6/771 (0.8%, depth 10.40x)
  Neisseria_elongata.db	[detected, not strain-resolvable]	markers=3/3776 (0.1%, depth 0.00x)
  Neisseria_sp000186165.db	[detected, not strain-resolvable]	markers=30/18235 (0.2%, depth 1.50x)
  Porphyromonas_gingivalis.db	[detected, not strain-resolvable]	markers=3/5779 (0.1%, depth 0.00x)
  Pseudomonas_E_fluorescens_AN.db	[detected, not strain-resolvable]	markers=10/140286 (0.0%, depth 0.01x)
  Ralstonia_mannitolilytica.db	[detected, not strain-resolvable]	markers=8/14996 (0.1%, depth 0.14x)
  Rothia_aeria.db	[detected, not strain-resolvable]	markers=4/2497 (0.2%, depth 0.74x)
  Rothia_dentocariosa.db	[detected, not strain-resolvable]	markers=40/4230 (0.9%, depth 2.25x)
  Streptococcus_gordonii.db	[detected, not strain-resolvable]	markers=32/1656 (1.9%, depth 2.89x)
  Streptococcus_mutans.db	[detected, not strain-resolvable]	markers=8/790 (1.0%, depth 0.03x)
  Streptococcus_parasanguinis_B.db	[detected, not strain-resolvable]	markers=22/1865 (1.2%, depth 14.58x)
  Streptococcus_salivarius.db	[detected, not strain-resolvable]	markers=44/3119 (1.4%, depth 22.18x)
  Veillonella_parvula_A.db	layer1=cst (auto — 0 cluster(s) below the support floor, 4 informative internal node(s), 3 fallback node(s))
  Veillonella_parvula_A.db	[strain-resolved, no cluster above threshold]	markers=44/1933 (depth 0.92x)
summary: 2/30 species strain-resolved (0 strain calls), 13 detected-not-resolvable, 15 absent
coverage of sample: strain calls account for -0.0% of 3456106 tag observations (100.0% unclassified — unresolved species, no reference, host, error)
predictions -> /lustre1/g/aos_shihuang/Strain2bScan/work/lim_orpi/preds/SF075.pred.tsv
RUN SF076
cross-species filter: 356204/415597 markers usable for quantification (14.3% shared with another species in the panel, excluded)
sample: 26224 distinct tag markers; 30 species DBs; resolve-gate≥max(50, 0%×panel), detect-gate≥3 (threads: 16)
#species	cluster	abundance	coverage	support	depth	global_abundance	sample_fraction
  Bosea_sp001556125.db	[detected, not strain-resolvable]	markers=6/83397 (0.0%, depth 0.00x)
  Cutibacterium_acnes.db	layer1=cst (auto — 1 cluster(s) below the support floor, 7 informative internal node(s), 5 fallback node(s))
  Cutibacterium_acnes.db	[strain-resolved, no cluster above threshold]	markers=77/5083 (depth 2.87x)
  Granulicatella_adiacens.db	[detected, not strain-resolvable]	markers=3/771 (0.4%, depth 0.00x)
  Klebsiella_variicola.db	[detected, not strain-resolvable]	markers=5/24929 (0.0%, depth 0.23x)
  Neisseria_elongata.db	[detected, not strain-resolvable]	markers=5/3776 (0.1%, depth 0.20x)
  Neisseria_sp000186165.db	[detected, not strain-resolvable]	markers=13/18235 (0.1%, depth 0.33x)
  Porphyromonas_gingivalis.db	[detected, not strain-resolvable]	markers=6/5779 (0.1%, depth 1.57x)
  Pseudomonas_E_fluorescens_AN.db	[detected, not strain-resolvable]	markers=8/140286 (0.0%, depth 0.10x)
  Ralstonia_mannitolilytica.db	layer1=cst (auto — 0 cluster(s) below the support floor, 3 informative internal node(s), 3 fallback node(s))
  Ralstonia_mannitolilytica.db	[strain-resolved, no cluster above threshold]	markers=46/14996 (depth 0.91x)
  Rothia_aeria.db	[detected, not strain-resolvable]	markers=10/2497 (0.4%, depth 2.75x)
  Rothia_dentocariosa.db	[detected, not strain-resolvable]	markers=40/4230 (0.9%, depth 28.32x)
  Streptococcus_gordonii.db	[detected, not strain-resolvable]	markers=30/1656 (1.8%, depth 71.63x)
  Streptococcus_mutans.db	[detected, not strain-resolvable]	markers=10/790 (1.3%, depth 44.36x)
  Streptococcus_parasanguinis_B.db	[detected, not strain-resolvable]	markers=5/1865 (0.3%, depth 3.13x)
  Streptococcus_salivarius.db	[detected, not strain-resolvable]	markers=15/3119 (0.5%, depth 8.13x)
  Veillonella_parvula_A.db	layer1=cst (auto — 0 cluster(s) below the support floor, 4 informative internal node(s), 3 fallback node(s))
  Veillonella_parvula_A.db	[strain-resolved, no cluster above threshold]	markers=57/1933 (depth 166.60x)
summary: 3/30 species strain-resolved (0 strain calls), 13 detected-not-resolvable, 14 absent
coverage of sample: strain calls account for -0.0% of 5677209 tag observations (100.0% unclassified — unresolved species, no reference, host, error)
predictions -> /lustre1/g/aos_shihuang/Strain2bScan/work/lim_orpi/preds/SF076.pred.tsv
RUN SF077
cross-species filter: 356204/415597 markers usable for quantification (14.3% shared with another species in the panel, excluded)
sample: 8513 distinct tag markers; 30 species DBs; resolve-gate≥max(50, 0%×panel), detect-gate≥3 (threads: 16)
#species	cluster	abundance	coverage	support	depth	global_abundance	sample_fraction
  Cutibacterium_acnes.db	[detected, not strain-resolvable]	markers=29/5083 (0.6%, depth 3.12x)
  Granulicatella_adiacens.db	[detected, not strain-resolvable]	markers=6/771 (0.8%, depth 0.01x)
  Haemophilus_D_parainfluenzae.db	layer1=cst (auto — 0 cluster(s) below the support floor, 7 informative internal node(s), 7 fallback node(s))
  Haemophilus_D_parainfluenzae.db	[strain-resolved, no cluster above threshold]	markers=41/5861 (depth 0.02x)
  Neisseria_sp000186165.db	layer1=cst (auto — 0 cluster(s) below the support floor, 5 informative internal node(s), 5 fallback node(s))
  Neisseria_sp000186165.db	[strain-resolved, no cluster above threshold]	markers=30/18235 (depth 0.05x)
  Pseudomonas_E_fluorescens_AN.db	[detected, not strain-resolvable]	markers=4/140286 (0.0%, depth 0.00x)
  Ralstonia_mannitolilytica.db	layer1=cst (auto — 0 cluster(s) below the support floor, 3 informative internal node(s), 3 fallback node(s))
  Ralstonia_mannitolilytica.db	[strain-resolved, no cluster above threshold]	markers=38/14996 (depth 0.01x)
  Rothia_aeria.db	[detected, not strain-resolvable]	markers=4/2497 (0.2%, depth 1.10x)
  Rothia_dentocariosa.db	[detected, not strain-resolvable]	markers=41/4230 (1.0%, depth 2.17x)
  Streptococcus_gordonii.db	layer1=cst (auto — 0 cluster(s) below the support floor, 3 informative internal node(s), 2 fallback node(s))
  Streptococcus_gordonii.db	[strain-resolved, no cluster above threshold]	markers=20/1656 (depth 0.26x)
  Streptococcus_mutans.db	layer1=cst (auto — 3 cluster(s) below the support floor, 1 informative internal node(s), 0 fallback node(s))
  Streptococcus_mutans.db	[strain-resolved, no cluster above threshold]	markers=69/790 (depth 0.35x)
  Streptococcus_parasanguinis_B.db	layer1=cst (auto — 0 cluster(s) below the support floor, 4 informative internal node(s), 4 fallback node(s))
  Streptococcus_parasanguinis_B.db	[strain-resolved, no cluster above threshold]	markers=14/1865 (depth 0.01x)
  Streptococcus_salivarius.db	layer1=unique (auto — 0 cluster(s) below the support floor, 0 informative internal node(s), 0 fallback node(s))
  Streptococcus_salivarius.db	[strain-resolved, no cluster above threshold]	markers=31/3119 (depth 0.52x)
  Veillonella_parvula_A.db	layer1=cst (auto — 0 cluster(s) below the support floor, 4 informative internal node(s), 3 fallback node(s))
  Veillonella_parvula_A.db	[strain-resolved, no cluster above threshold]	markers=25/1933 (depth 0.02x)
summary: 8/30 species strain-resolved (0 strain calls), 5 detected-not-resolvable, 17 absent
coverage of sample: strain calls account for -0.0% of 397130 tag observations (100.0% unclassified — unresolved species, no reference, host, error)
predictions -> /lustre1/g/aos_shihuang/Strain2bScan/work/lim_orpi/preds/SF077.pred.tsv
RUN SF078
cross-species filter: 356204/415597 markers usable for quantification (14.3% shared with another species in the panel, excluded)
sample: 12723 distinct tag markers; 30 species DBs; resolve-gate≥max(50, 0%×panel), detect-gate≥3 (threads: 16)
#species	cluster	abundance	coverage	support	depth	global_abundance	sample_fraction
  Cutibacterium_acnes.db	layer1=cst (auto — 1 cluster(s) below the support floor, 7 informative internal node(s), 5 fallback node(s))
  Cutibacterium_acnes.db	[strain-resolved, no cluster above threshold]	markers=50/5083 (depth 1.14x)
  Granulicatella_adiacens.db	[detected, not strain-resolvable]	markers=3/771 (0.4%, depth 3.06x)
  Haemophilus_D_parainfluenzae.db	[detected, not strain-resolvable]	markers=48/5861 (0.8%, depth 14.68x)
  Klebsiella_variicola.db	[detected, not strain-resolvable]	markers=5/24929 (0.0%, depth 0.00x)
  Neisseria_sp000186165.db	layer1=cst (auto — 0 cluster(s) below the support floor, 5 informative internal node(s), 5 fallback node(s))
  Neisseria_sp000186165.db	[strain-resolved, no cluster above threshold]	markers=30/18235 (depth 0.49x)
  Pseudomonas_E_fluorescens_AN.db	[detected, not strain-resolvable]	markers=5/140286 (0.0%, depth 0.00x)
  Ralstonia_mannitolilytica.db	layer1=cst (auto — 0 cluster(s) below the support floor, 3 informative internal node(s), 3 fallback node(s))
  Ralstonia_mannitolilytica.db	[strain-resolved, no cluster above threshold]	markers=59/14996 (depth 0.12x)
  Rothia_aeria.db	[detected, not strain-resolvable]	markers=6/2497 (0.2%, depth 0.01x)
  Rothia_dentocariosa.db	layer1=cst (auto — 0 cluster(s) below the support floor, 4 informative internal node(s), 4 fallback node(s))
  Rothia_dentocariosa.db	[strain-resolved, no cluster above threshold]	markers=56/4230 (depth 2.48x)
  Streptococcus_gordonii.db	[detected, not strain-resolvable]	markers=14/1656 (0.8%, depth 7.68x)
  Streptococcus_mutans.db	layer1=cst (auto — 3 cluster(s) below the support floor, 1 informative internal node(s), 0 fallback node(s))
  Streptococcus_mutans.db	[strain-resolved, no cluster above threshold]	markers=58/790 (depth 1.60x)
  Streptococcus_parasanguinis_B.db	[detected, not strain-resolvable]	markers=12/1865 (0.6%, depth 5.03x)
  Streptococcus_salivarius.db	layer1=unique (auto — 0 cluster(s) below the support floor, 0 informative internal node(s), 0 fallback node(s))
  Streptococcus_salivarius.db	[strain-resolved, no cluster above threshold]	markers=34/3119 (depth 0.57x)
  Veillonella_parvula_A.db	[detected, not strain-resolvable]	markers=10/1933 (0.5%, depth 0.01x)
summary: 6/30 species strain-resolved (0 strain calls), 8 detected-not-resolvable, 16 absent
coverage of sample: strain calls account for -0.0% of 699163 tag observations (100.0% unclassified — unresolved species, no reference, host, error)
predictions -> /lustre1/g/aos_shihuang/Strain2bScan/work/lim_orpi/preds/SF078.pred.tsv
RUN SF079
cross-species filter: 356204/415597 markers usable for quantification (14.3% shared with another species in the panel, excluded)
sample: 27468 distinct tag markers; 30 species DBs; resolve-gate≥max(50, 0%×panel), detect-gate≥3 (threads: 16)
#species	cluster	abundance	coverage	support	depth	global_abundance	sample_fraction
  Bosea_sp001556125.db	[detected, not strain-resolvable]	markers=4/83397 (0.0%, depth 0.01x)
  Cutibacterium_acnes.db	layer1=cst (auto — 1 cluster(s) below the support floor, 7 informative internal node(s), 5 fallback node(s))
  Cutibacterium_acnes.db	[strain-resolved, no cluster above threshold]	markers=22/5083 (depth 0.47x)
  Granulicatella_adiacens.db	layer1=cst (auto — 0 cluster(s) below the support floor, 1 informative internal node(s), 1 fallback node(s))
  Granulicatella_adiacens.db	[strain-resolved, no cluster above threshold]	markers=55/771 (depth 10.68x)
  Haemophilus_D_parainfluenzae.db	layer1=cst (auto — 0 cluster(s) below the support floor, 7 informative internal node(s), 7 fallback node(s))
  Haemophilus_D_parainfluenzae.db	[strain-resolved, no cluster above threshold]	markers=63/5861 (depth 0.02x)
  Klebsiella_variicola.db	layer1=cst (auto — 0 cluster(s) below the support floor, 8 informative internal node(s), 5 fallback node(s))
  Klebsiella_variicola.db	[strain-resolved, no cluster above threshold]	markers=66/24929 (depth 0.01x)
  Methylobacterium_aquaticum.db	[detected, not strain-resolvable]	markers=5/16433 (0.0%, depth 0.03x)
  Neisseria_elongata.db	layer1=cst (auto — 0 cluster(s) below the support floor, 2 informative internal node(s), 2 fallback node(s))
  Neisseria_elongata.db	[strain-resolved, no cluster above threshold]	markers=18/3776 (depth 0.31x)
  Neisseria_sp000186165.db	layer1=cst (auto — 0 cluster(s) below the support floor, 5 informative internal node(s), 5 fallback node(s))
  Neisseria_sp000186165.db	[strain-resolved, no cluster above threshold]	markers=99/18235 (depth 0.56x)
  Pseudomonas_E_fluorescens_AN.db	[detected, not strain-resolvable]	markers=5/140286 (0.0%, depth 0.00x)
  Ralstonia_mannitolilytica.db	[detected, not strain-resolvable]	markers=3/14996 (0.0%, depth 0.01x)
  Rothia_aeria.db	[detected, not strain-resolvable]	markers=7/2497 (0.3%, depth 0.25x)
  Rothia_dentocariosa.db	layer1=cst (auto — 0 cluster(s) below the support floor, 4 informative internal node(s), 4 fallback node(s))
  Rothia_dentocariosa.db	[strain-resolved, no cluster above threshold]	markers=59/4230 (depth 1.65x)
  Streptococcus_anginosus_C.db	[detected, not strain-resolvable]	markers=8/2130 (0.4%, depth 0.00x)
  Streptococcus_gordonii.db	layer1=cst (auto — 0 cluster(s) below the support floor, 3 informative internal node(s), 2 fallback node(s))
  Streptococcus_gordonii.db	[strain-resolved, no cluster above threshold]	markers=136/1656 (depth 24.07x)
  Streptococcus_mutans.db	layer1=cst (auto — 3 cluster(s) below the support floor, 1 informative internal node(s), 0 fallback node(s))
  Streptococcus_mutans.db	[strain-resolved, no cluster above threshold]	markers=76/790 (depth 15.17x)
  Streptococcus_parasanguinis_B.db	[detected, not strain-resolvable]	markers=10/1865 (0.5%, depth 0.60x)
  Streptococcus_salivarius.db	[detected, not strain-resolvable]	markers=9/3119 (0.3%, depth 0.11x)
  Streptococcus_sobrinus.db	layer1=cst (auto — 0 cluster(s) below the support floor, 2 informative internal node(s), 2 fallback node(s))
  Streptococcus_sobrinus.db	[strain-resolved, no cluster above threshold]	markers=191/732 (depth 65.75x)
  Veillonella_parvula_A.db	layer1=cst (auto — 0 cluster(s) below the support floor, 4 informative internal node(s), 3 fallback node(s))
  Veillonella_parvula_A.db	[strain-resolved, no cluster above threshold]	markers=231/1933 (depth 41.60x)
summary: 11/30 species strain-resolved (0 strain calls), 8 detected-not-resolvable, 11 absent
coverage of sample: strain calls account for -0.0% of 4059152 tag observations (100.0% unclassified — unresolved species, no reference, host, error)
predictions -> /lustre1/g/aos_shihuang/Strain2bScan/work/lim_orpi/preds/SF079.pred.tsv
RUN SF080
cross-species filter: 356204/415597 markers usable for quantification (14.3% shared with another species in the panel, excluded)
sample: 17996 distinct tag markers; 30 species DBs; resolve-gate≥max(50, 0%×panel), detect-gate≥3 (threads: 16)
#species	cluster	abundance	coverage	support	depth	global_abundance	sample_fraction
  Cutibacterium_acnes.db	[detected, not strain-resolvable]	markers=26/5083 (0.5%, depth 5.17x)
  Granulicatella_adiacens.db	[detected, not strain-resolvable]	markers=5/771 (0.6%, depth 8.64x)
  Haemophilus_D_parainfluenzae.db	[detected, not strain-resolvable]	markers=26/5861 (0.4%, depth 2.84x)
  Klebsiella_variicola.db	[detected, not strain-resolvable]	markers=9/24929 (0.0%, depth 0.00x)
  Neisseria_sp000186165.db	[detected, not strain-resolvable]	markers=43/18235 (0.2%, depth 2.18x)
  Pseudomonas_E_fluorescens_AN.db	[detected, not strain-resolvable]	markers=5/140286 (0.0%, depth 0.02x)
  Ralstonia_mannitolilytica.db	[detected, not strain-resolvable]	markers=26/14996 (0.2%, depth 2.73x)
  Rothia_aeria.db	[detected, not strain-resolvable]	markers=5/2497 (0.2%, depth 3.65x)
  Rothia_dentocariosa.db	layer1=cst (auto — 0 cluster(s) below the support floor, 4 informative internal node(s), 4 fallback node(s))
  Rothia_dentocariosa.db	[strain-resolved, no cluster above threshold]	markers=41/4230 (depth 1.10x)
  Streptococcus_gordonii.db	[detected, not strain-resolvable]	markers=10/1656 (0.6%, depth 7.66x)
  Streptococcus_mutans.db	layer1=cst (auto — 3 cluster(s) below the support floor, 1 informative internal node(s), 0 fallback node(s))
  Streptococcus_mutans.db	[strain-resolved, no cluster above threshold]	markers=49/790 (depth 0.12x)
  Streptococcus_parasanguinis_B.db	[detected, not strain-resolvable]	markers=8/1865 (0.4%, depth 4.29x)
  Streptococcus_salivarius.db	[detected, not strain-resolvable]	markers=30/3119 (1.0%, depth 9.04x)
  Veillonella_parvula_A.db	layer1=cst (auto — 0 cluster(s) below the support floor, 4 informative internal node(s), 3 fallback node(s))
  Veillonella_parvula_A.db	[strain-resolved, no cluster above threshold]	markers=18/1933 (depth 0.01x)
summary: 3/30 species strain-resolved (0 strain calls), 11 detected-not-resolvable, 16 absent
coverage of sample: strain calls account for -0.0% of 1806124 tag observations (100.0% unclassified — unresolved species, no reference, host, error)
predictions -> /lustre1/g/aos_shihuang/Strain2bScan/work/lim_orpi/preds/SF080.pred.tsv
RUN SF081
cross-species filter: 356204/415597 markers usable for quantification (14.3% shared with another species in the panel, excluded)
sample: 11458 distinct tag markers; 30 species DBs; resolve-gate≥max(50, 0%×panel), detect-gate≥3 (threads: 16)
#species	cluster	abundance	coverage	support	depth	global_abundance	sample_fraction
  Bosea_sp001556125.db	[detected, not strain-resolvable]	markers=3/83397 (0.0%, depth 0.00x)
  Cutibacterium_acnes.db	[detected, not strain-resolvable]	markers=37/5083 (0.7%, depth 9.32x)
  Haemophilus_D_parainfluenzae.db	[detected, not strain-resolvable]	markers=9/5861 (0.2%, depth 0.36x)
  Neisseria_elongata.db	[detected, not strain-resolvable]	markers=4/3776 (0.1%, depth 0.72x)
  Neisseria_sp000186165.db	[detected, not strain-resolvable]	markers=29/18235 (0.2%, depth 3.13x)
  Pseudomonas_E_fluorescens_AN.db	[detected, not strain-resolvable]	markers=7/140286 (0.0%, depth 0.03x)
  Ralstonia_mannitolilytica.db	layer1=cst (auto — 0 cluster(s) below the support floor, 3 informative internal node(s), 3 fallback node(s))
  Ralstonia_mannitolilytica.db	[strain-resolved, no cluster above threshold]	markers=15/14996 (depth 0.00x)
  Rothia_dentocariosa.db	[detected, not strain-resolvable]	markers=35/4230 (0.8%, depth 9.42x)
  Streptococcus_gordonii.db	[detected, not strain-resolvable]	markers=10/1656 (0.6%, depth 4.45x)
  Streptococcus_mutans.db	layer1=cst (auto — 3 cluster(s) below the support floor, 1 informative internal node(s), 0 fallback node(s))
  Streptococcus_mutans.db	[strain-resolved, no cluster above threshold]	markers=61/790 (depth 1.24x)
  Streptococcus_parasanguinis_B.db	[detected, not strain-resolvable]	markers=19/1865 (1.0%, depth 1.31x)
  Streptococcus_salivarius.db	layer1=unique (auto — 0 cluster(s) below the support floor, 0 informative internal node(s), 0 fallback node(s))
  Streptococcus_salivarius.db	[strain-resolved, no cluster above threshold]	markers=41/3119 (depth 0.84x)
  Veillonella_parvula_A.db	[detected, not strain-resolvable]	markers=24/1933 (1.2%, depth 0.72x)
summary: 3/30 species strain-resolved (0 strain calls), 10 detected-not-resolvable, 17 absent
coverage of sample: strain calls account for -0.0% of 1385138 tag observations (100.0% unclassified — unresolved species, no reference, host, error)
predictions -> /lustre1/g/aos_shihuang/Strain2bScan/work/lim_orpi/preds/SF081.pred.tsv
RUN SF082
cross-species filter: 356204/415597 markers usable for quantification (14.3% shared with another species in the panel, excluded)
sample: 22106 distinct tag markers; 30 species DBs; resolve-gate≥max(50, 0%×panel), detect-gate≥3 (threads: 16)
#species	cluster	abundance	coverage	support	depth	global_abundance	sample_fraction
  Cutibacterium_acnes.db	[detected, not strain-resolvable]	markers=16/5083 (0.3%, depth 3.14x)
  Granulicatella_adiacens.db	[detected, not strain-resolvable]	markers=5/771 (0.6%, depth 19.62x)
  Haemophilus_D_parainfluenzae.db	[detected, not strain-resolvable]	markers=6/5861 (0.1%, depth 0.88x)
  Methylobacterium_aquaticum.db	[detected, not strain-resolvable]	markers=3/16433 (0.0%, depth 0.00x)
  Neisseria_sp000186165.db	[detected, not strain-resolvable]	markers=18/18235 (0.1%, depth 0.53x)
  Pseudomonas_E_fluorescens_AN.db	[detected, not strain-resolvable]	markers=7/140286 (0.0%, depth 0.05x)
  Ralstonia_mannitolilytica.db	[detected, not strain-resolvable]	markers=15/14996 (0.1%, depth 0.40x)
  Rothia_dentocariosa.db	[detected, not strain-resolvable]	markers=45/4230 (1.1%, depth 2.42x)
  Streptococcus_gordonii.db	[detected, not strain-resolvable]	markers=16/1656 (1.0%, depth 2.88x)
  Streptococcus_mutans.db	layer1=cst (auto — 3 cluster(s) below the support floor, 1 informative internal node(s), 0 fallback node(s))
  Streptococcus_mutans.db	[strain-resolved, no cluster above threshold]	markers=80/790 (depth 0.33x)
  Streptococcus_parasanguinis_B.db	[detected, not strain-resolvable]	markers=17/1865 (0.9%, depth 14.05x)
  Streptococcus_salivarius.db	layer1=unique (auto — 0 cluster(s) below the support floor, 0 informative internal node(s), 0 fallback node(s))
  Streptococcus_salivarius.db	[strain-resolved, no cluster above threshold]	markers=51/3119 (depth 72.85x)
  Veillonella_parvula_A.db	layer1=cst (auto — 0 cluster(s) below the support floor, 4 informative internal node(s), 3 fallback node(s))
  Veillonella_parvula_A.db	[strain-resolved, no cluster above threshold]	markers=27/1933 (depth 0.03x)
summary: 3/30 species strain-resolved (0 strain calls), 10 detected-not-resolvable, 17 absent
coverage of sample: strain calls account for -0.0% of 2678946 tag observations (100.0% unclassified — unresolved species, no reference, host, error)
predictions -> /lustre1/g/aos_shihuang/Strain2bScan/work/lim_orpi/preds/SF082.pred.tsv
RUN SF083
cross-species filter: 356204/415597 markers usable for quantification (14.3% shared with another species in the panel, excluded)
sample: 28090 distinct tag markers; 30 species DBs; resolve-gate≥max(50, 0%×panel), detect-gate≥3 (threads: 16)
#species	cluster	abundance	coverage	support	depth	global_abundance	sample_fraction
  Bosea_sp001556125.db	[detected, not strain-resolvable]	markers=4/83397 (0.0%, depth 0.00x)
  Cutibacterium_acnes.db	layer1=cst (auto — 1 cluster(s) below the support floor, 7 informative internal node(s), 5 fallback node(s))
  Cutibacterium_acnes.db	[strain-resolved, no cluster above threshold]	markers=42/5083 (depth 1.61x)
  Granulicatella_adiacens.db	[detected, not strain-resolvable]	markers=5/771 (0.6%, depth 0.02x)
  Haemophilus_D_parainfluenzae.db	[detected, not strain-resolvable]	markers=5/5861 (0.1%, depth 0.26x)
  Methylobacterium_aquaticum.db	[detected, not strain-resolvable]	markers=3/16433 (0.0%, depth 0.31x)
  Neisseria_sp000186165.db	layer1=cst (auto — 0 cluster(s) below the support floor, 5 informative internal node(s), 5 fallback node(s))
  Neisseria_sp000186165.db	[strain-resolved, no cluster above threshold]	markers=13/18235 (depth 0.03x)
  Pseudomonas_E_fluorescens_AN.db	[detected, not strain-resolvable]	markers=5/140286 (0.0%, depth 0.02x)
  Ralstonia_mannitolilytica.db	layer1=cst (auto — 0 cluster(s) below the support floor, 3 informative internal node(s), 3 fallback node(s))
  Ralstonia_mannitolilytica.db	[strain-resolved, no cluster above threshold]	markers=83/14996 (depth 1.72x)
  Rothia_dentocariosa.db	layer1=cst (auto — 0 cluster(s) below the support floor, 4 informative internal node(s), 4 fallback node(s))
  Rothia_dentocariosa.db	[strain-resolved, no cluster above threshold]	markers=84/4230 (depth 56.74x)
  Streptococcus_anginosus_C.db	[detected, not strain-resolvable]	markers=3/2130 (0.1%, depth 5.66x)
  Streptococcus_gordonii.db	[detected, not strain-resolvable]	markers=21/1656 (1.3%, depth 43.93x)
  Streptococcus_mutans.db	layer1=cst (auto — 3 cluster(s) below the support floor, 1 informative internal node(s), 0 fallback node(s))
  Streptococcus_mutans.db	[strain-resolved, no cluster above threshold]	markers=126/790 (depth 454.88x)
  Streptococcus_parasanguinis_B.db	[detected, not strain-resolvable]	markers=34/1865 (1.8%, depth 59.12x)
  Streptococcus_salivarius.db	[detected, not strain-resolvable]	markers=25/3119 (0.8%, depth 7.80x)
  Veillonella_parvula_A.db	layer1=cst (auto — 0 cluster(s) below the support floor, 4 informative internal node(s), 3 fallback node(s))
  Veillonella_parvula_A.db	[strain-resolved, no cluster above threshold]	markers=50/1933 (depth 69.63x)
summary: 6/30 species strain-resolved (0 strain calls), 9 detected-not-resolvable, 15 absent
coverage of sample: strain calls account for -0.0% of 4754363 tag observations (100.0% unclassified — unresolved species, no reference, host, error)
predictions -> /lustre1/g/aos_shihuang/Strain2bScan/work/lim_orpi/preds/SF083.pred.tsv
RUN SF084
cross-species filter: 356204/415597 markers usable for quantification (14.3% shared with another species in the panel, excluded)
sample: 19066 distinct tag markers; 30 species DBs; resolve-gate≥max(50, 0%×panel), detect-gate≥3 (threads: 16)
#species	cluster	abundance	coverage	support	depth	global_abundance	sample_fraction
  Bosea_sp001556125.db	[detected, not strain-resolvable]	markers=3/83397 (0.0%, depth 0.00x)
  Cutibacterium_acnes.db	layer1=cst (auto — 1 cluster(s) below the support floor, 7 informative internal node(s), 5 fallback node(s))
  Cutibacterium_acnes.db	[strain-resolved, no cluster above threshold]	markers=88/5083 (depth 30.85x)
  Granulicatella_adiacens.db	[detected, not strain-resolvable]	markers=3/771 (0.4%, depth 0.01x)
  Haemophilus_D_parainfluenzae.db	[detected, not strain-resolvable]	markers=10/5861 (0.2%, depth 0.11x)
  Klebsiella_variicola.db	[detected, not strain-resolvable]	markers=3/24929 (0.0%, depth 0.08x)
  Neisseria_sp000186165.db	layer1=cst (auto — 0 cluster(s) below the support floor, 5 informative internal node(s), 5 fallback node(s))
  Neisseria_sp000186165.db	[strain-resolved, no cluster above threshold]	markers=13/18235 (depth 0.22x)
  Porphyromonas_gingivalis.db	[detected, not strain-resolvable]	markers=3/5779 (0.1%, depth 0.36x)
  Pseudomonas_E_fluorescens_AN.db	[detected, not strain-resolvable]	markers=9/140286 (0.0%, depth 0.07x)
  Ralstonia_mannitolilytica.db	layer1=cst (auto — 0 cluster(s) below the support floor, 3 informative internal node(s), 3 fallback node(s))
  Ralstonia_mannitolilytica.db	[strain-resolved, no cluster above threshold]	markers=52/14996 (depth 0.28x)
  Rothia_aeria.db	[detected, not strain-resolvable]	markers=5/2497 (0.2%, depth 0.00x)
  Rothia_dentocariosa.db	layer1=cst (auto — 0 cluster(s) below the support floor, 4 informative internal node(s), 4 fallback node(s))
  Rothia_dentocariosa.db	[strain-resolved, no cluster above threshold]	markers=51/4230 (depth 2.37x)
  Streptococcus_anginosus_C.db	[detected, not strain-resolvable]	markers=4/2130 (0.2%, depth 0.00x)
  Streptococcus_gordonii.db	layer1=cst (auto — 0 cluster(s) below the support floor, 3 informative internal node(s), 2 fallback node(s))
  Streptococcus_gordonii.db	[strain-resolved, no cluster above threshold]	markers=19/1656 (depth 0.02x)
  Streptococcus_mutans.db	layer1=cst (auto — 3 cluster(s) below the support floor, 1 informative internal node(s), 0 fallback node(s))
  Streptococcus_mutans.db	[strain-resolved, no cluster above threshold]	markers=188/790 (depth 2318.09x)
  Streptococcus_parasanguinis_B.db	layer1=cst (auto — 0 cluster(s) below the support floor, 4 informative internal node(s), 4 fallback node(s))
  Streptococcus_parasanguinis_B.db	[strain-resolved, no cluster above threshold]	markers=18/1865 (depth 0.02x)
  Streptococcus_salivarius.db	[detected, not strain-resolvable]	markers=11/3119 (0.4%, depth 0.01x)
  Veillonella_parvula_A.db	layer1=cst (auto — 0 cluster(s) below the support floor, 4 informative internal node(s), 3 fallback node(s))
  Veillonella_parvula_A.db	[strain-resolved, no cluster above threshold]	markers=65/1933 (depth 94.20x)
summary: 8/30 species strain-resolved (0 strain calls), 9 detected-not-resolvable, 13 absent
coverage of sample: strain calls account for -0.0% of 3795303 tag observations (100.0% unclassified — unresolved species, no reference, host, error)
predictions -> /lustre1/g/aos_shihuang/Strain2bScan/work/lim_orpi/preds/SF084.pred.tsv
RUN SF085
cross-species filter: 356204/415597 markers usable for quantification (14.3% shared with another species in the panel, excluded)
sample: 19809 distinct tag markers; 30 species DBs; resolve-gate≥max(50, 0%×panel), detect-gate≥3 (threads: 16)
#species	cluster	abundance	coverage	support	depth	global_abundance	sample_fraction
  Bosea_sp001556125.db	[detected, not strain-resolvable]	markers=4/83397 (0.0%, depth 0.05x)
  Cutibacterium_acnes.db	[detected, not strain-resolvable]	markers=46/5083 (0.9%, depth 5.35x)
  Granulicatella_adiacens.db	[detected, not strain-resolvable]	markers=8/771 (1.0%, depth 0.04x)
  Haemophilus_D_parainfluenzae.db	[detected, not strain-resolvable]	markers=9/5861 (0.2%, depth 0.00x)
  Methylobacterium_aquaticum.db	[detected, not strain-resolvable]	markers=4/16433 (0.0%, depth 0.00x)
  Neisseria_sp000186165.db	layer1=cst (auto — 0 cluster(s) below the support floor, 5 informative internal node(s), 5 fallback node(s))
  Neisseria_sp000186165.db	[strain-resolved, no cluster above threshold]	markers=14/18235 (depth 0.00x)
  Porphyromonas_gingivalis.db	[detected, not strain-resolvable]	markers=5/5779 (0.1%, depth 0.00x)
  Pseudomonas_E_fluorescens_AN.db	layer1=cst (auto — 0 cluster(s) below the support floor, 17 informative internal node(s), 17 fallback node(s))
  Pseudomonas_E_fluorescens_AN.db	[strain-resolved, no cluster above threshold]	markers=13/140286 (depth 0.04x)
  Ralstonia_mannitolilytica.db	layer1=cst (auto — 0 cluster(s) below the support floor, 3 informative internal node(s), 3 fallback node(s))
  Ralstonia_mannitolilytica.db	[strain-resolved, no cluster above threshold]	markers=109/14996 (depth 29.15x)
  Rothia_aeria.db	[detected, not strain-resolvable]	markers=11/2497 (0.4%, depth 1.57x)
  Rothia_dentocariosa.db	[detected, not strain-resolvable]	markers=33/4230 (0.8%, depth 11.98x)
  Streptococcus_anginosus_C.db	[detected, not strain-resolvable]	markers=3/2130 (0.1%, depth 0.00x)
  Streptococcus_gordonii.db	layer1=cst (auto — 0 cluster(s) below the support floor, 3 informative internal node(s), 2 fallback node(s))
  Streptococcus_gordonii.db	[strain-resolved, no cluster above threshold]	markers=47/1656 (depth 0.11x)
  Streptococcus_mutans.db	layer1=cst (auto — 3 cluster(s) below the support floor, 1 informative internal node(s), 0 fallback node(s))
  Streptococcus_mutans.db	[strain-resolved, no cluster above threshold]	markers=107/790 (depth 16.32x)
  Streptococcus_parasanguinis_B.db	[detected, not strain-resolvable]	markers=12/1865 (0.6%, depth 0.01x)
  Streptococcus_salivarius.db	layer1=unique (auto — 0 cluster(s) below the support floor, 0 informative internal node(s), 0 fallback node(s))
  Streptococcus_salivarius.db	[strain-resolved, no cluster above threshold]	markers=26/3119 (depth 0.02x)
  Veillonella_parvula_A.db	layer1=cst (auto — 0 cluster(s) below the support floor, 4 informative internal node(s), 3 fallback node(s))
  Veillonella_parvula_A.db	[strain-resolved, no cluster above threshold]	markers=41/1933 (depth 0.06x)
summary: 7/30 species strain-resolved (0 strain calls), 10 detected-not-resolvable, 13 absent
coverage of sample: strain calls account for -0.0% of 3157116 tag observations (100.0% unclassified — unresolved species, no reference, host, error)
predictions -> /lustre1/g/aos_shihuang/Strain2bScan/work/lim_orpi/preds/SF085.pred.tsv
RUN SF086
cross-species filter: 356204/415597 markers usable for quantification (14.3% shared with another species in the panel, excluded)
sample: 32185 distinct tag markers; 30 species DBs; resolve-gate≥max(50, 0%×panel), detect-gate≥3 (threads: 16)
#species	cluster	abundance	coverage	support	depth	global_abundance	sample_fraction
  Bosea_sp001556125.db	[detected, not strain-resolvable]	markers=5/83397 (0.0%, depth 0.00x)
  Cutibacterium_acnes.db	layer1=cst (auto — 1 cluster(s) below the support floor, 7 informative internal node(s), 5 fallback node(s))
  Cutibacterium_acnes.db	[strain-resolved, no cluster above threshold]	markers=20/5083 (depth 0.36x)
  Haemophilus_D_parainfluenzae.db	layer1=cst (auto — 0 cluster(s) below the support floor, 7 informative internal node(s), 7 fallback node(s))
  Haemophilus_D_parainfluenzae.db	[strain-resolved, no cluster above threshold]	markers=478/5861 (depth 125.67x)
  Klebsiella_variicola.db	layer1=cst (auto — 0 cluster(s) below the support floor, 8 informative internal node(s), 5 fallback node(s))
  Klebsiella_variicola.db	[strain-resolved, no cluster above threshold]	markers=198/24929 (depth 0.93x)
  Methylobacterium_aquaticum.db	[detected, not strain-resolvable]	markers=3/16433 (0.0%, depth 0.00x)
  Neisseria_elongata.db	layer1=cst (auto — 0 cluster(s) below the support floor, 2 informative internal node(s), 2 fallback node(s))
  Neisseria_elongata.db	[strain-resolved, no cluster above threshold]	markers=249/3776 (depth 14.27x)
  Neisseria_sp000186165.db	layer1=cst (auto — 0 cluster(s) below the support floor, 5 informative internal node(s), 5 fallback node(s))
  Neisseria_sp000186165.db	[strain-resolved, no cluster above threshold]	markers=328/18235 (depth 9.40x)
  Pseudomonas_E_fluorescens_AN.db	[detected, not strain-resolvable]	markers=8/140286 (0.0%, depth 0.00x)
  Ralstonia_mannitolilytica.db	[detected, not strain-resolvable]	markers=5/14996 (0.0%, depth 0.04x)
  Rothia_aeria.db	[detected, not strain-resolvable]	markers=33/2497 (1.3%, depth 1.25x)
  Rothia_dentocariosa.db	layer1=cst (auto — 0 cluster(s) below the support floor, 4 informative internal node(s), 4 fallback node(s))
  Rothia_dentocariosa.db	[strain-resolved, no cluster above threshold]	markers=321/4230 (depth 11.66x)
  Streptococcus_anginosus_C.db	layer1=cst (auto — 7 cluster(s) below the support floor, 7 informative internal node(s), 3 fallback node(s))
  Streptococcus_anginosus_C.db	[strain-resolved, no cluster above threshold]	markers=18/2130 (depth 0.01x)
  Streptococcus_gordonii.db	layer1=cst (auto — 0 cluster(s) below the support floor, 3 informative internal node(s), 2 fallback node(s))
  Streptococcus_gordonii.db	[strain-resolved, no cluster above threshold]	markers=62/1656 (depth 5.98x)
  Streptococcus_parasanguinis_B.db	[detected, not strain-resolvable]	markers=8/1865 (0.4%, depth 0.11x)
  Streptococcus_salivarius.db	[detected, not strain-resolvable]	markers=12/3119 (0.4%, depth 0.21x)
  Veillonella_parvula_A.db	layer1=cst (auto — 0 cluster(s) below the support floor, 4 informative internal node(s), 3 fallback node(s))
  Veillonella_parvula_A.db	[strain-resolved, no cluster above threshold]	markers=68/1933 (depth 6.48x)
summary: 9/30 species strain-resolved (0 strain calls), 7 detected-not-resolvable, 14 absent
coverage of sample: strain calls account for -0.0% of 3660752 tag observations (100.0% unclassified — unresolved species, no reference, host, error)
predictions -> /lustre1/g/aos_shihuang/Strain2bScan/work/lim_orpi/preds/SF086.pred.tsv
RUN SF087
cross-species filter: 356204/415597 markers usable for quantification (14.3% shared with another species in the panel, excluded)
sample: 192905 distinct tag markers; 30 species DBs; resolve-gate≥max(50, 0%×panel), detect-gate≥3 (threads: 16)
#species	cluster	abundance	coverage	support	depth	global_abundance	sample_fraction
  Veillonella_parvula_A.db	C1|C2|C3|C4|C5	1.000000	0.58	18	21.516	1.000000	0.002469
  Bosea_sp001556125.db	[detected, not strain-resolvable]	markers=8/83397 (0.0%, depth 0.00x)
  Cutibacterium_acnes.db	layer1=cst (auto — 1 cluster(s) below the support floor, 7 informative internal node(s), 5 fallback node(s))
  Cutibacterium_acnes.db	[strain-resolved, no cluster above threshold]	markers=36/5083 (depth 0.03x)
  Granulicatella_adiacens.db	layer1=cst (auto — 0 cluster(s) below the support floor, 1 informative internal node(s), 1 fallback node(s))
  Granulicatella_adiacens.db	[strain-resolved, no cluster above threshold]	markers=50/771 (depth 0.37x)
  Haemophilus_D_parainfluenzae.db	layer1=cst (auto — 0 cluster(s) below the support floor, 7 informative internal node(s), 7 fallback node(s))
  Haemophilus_D_parainfluenzae.db	[strain-resolved, no cluster above threshold]	markers=104/5861 (depth 0.05x)
  Klebsiella_variicola.db	layer1=cst (auto — 0 cluster(s) below the support floor, 8 informative internal node(s), 5 fallback node(s))
  Klebsiella_variicola.db	[strain-resolved, no cluster above threshold]	markers=157/24929 (depth 0.01x)
  Neisseria_elongata.db	layer1=cst (auto — 0 cluster(s) below the support floor, 2 informative internal node(s), 2 fallback node(s))
  Neisseria_elongata.db	[strain-resolved, no cluster above threshold]	markers=405/3776 (depth 1.67x)
  Neisseria_sp000186165.db	layer1=cst (auto — 0 cluster(s) below the support floor, 5 informative internal node(s), 5 fallback node(s))
  Neisseria_sp000186165.db	[strain-resolved, no cluster above threshold]	markers=1213/18235 (depth 2.05x)
  Porphyromonas_gingivalis.db	layer1=cst (auto — 1 cluster(s) below the support floor, 4 informative internal node(s), 0 fallback node(s))
  Porphyromonas_gingivalis.db	[strain-resolved, no cluster above threshold]	markers=161/5779 (depth 0.41x)
  Prevotella_sp000257925.db	layer1=unique (auto — 0 cluster(s) below the support floor, 0 informative internal node(s), 0 fallback node(s))
  Prevotella_sp000257925.db	[strain-resolved, no cluster above threshold]	markers=155/14665 (depth 0.13x)
  Pseudomonas_E_fluorescens_AN.db	[detected, not strain-resolvable]	markers=7/140286 (0.0%, depth 0.00x)
  Ralstonia_mannitolilytica.db	[detected, not strain-resolvable]	markers=8/14996 (0.1%, depth 0.01x)
  Rothia_aeria.db	layer1=cst (auto — 0 cluster(s) below the support floor, 2 informative internal node(s), 2 fallback node(s))
  Rothia_aeria.db	[strain-resolved, no cluster above threshold]	markers=283/2497 (depth 0.95x)
  Rothia_dentocariosa.db	layer1=cst (auto — 0 cluster(s) below the support floor, 4 informative internal node(s), 4 fallback node(s))
  Rothia_dentocariosa.db	[strain-resolved, no cluster above threshold]	markers=78/4230 (depth 0.08x)
  Rothia_kristinae.db	layer1=cst (auto — 0 cluster(s) below the support floor, 2 informative internal node(s), 2 fallback node(s))
  Rothia_kristinae.db	[strain-resolved, no cluster above threshold]	markers=32/3041 (depth 0.05x)
  Streptococcus_anginosus_C.db	layer1=cst (auto — 7 cluster(s) below the support floor, 7 informative internal node(s), 3 fallback node(s))
  Streptococcus_anginosus_C.db	[strain-resolved, no cluster above threshold]	markers=101/2130 (depth 0.28x)
  Streptococcus_gordonii.db	layer1=cst (auto — 0 cluster(s) below the support floor, 3 informative internal node(s), 2 fallback node(s))
  Streptococcus_gordonii.db	[strain-resolved, no cluster above threshold]	markers=134/1656 (depth 0.58x)
  Streptococcus_mutans.db	layer1=cst (auto — 3 cluster(s) below the support floor, 1 informative internal node(s), 0 fallback node(s))
  Streptococcus_mutans.db	[strain-resolved, no cluster above threshold]	markers=174/790 (depth 3.56x)
  Streptococcus_parasanguinis_B.db	layer1=cst (auto — 0 cluster(s) below the support floor, 4 informative internal node(s), 4 fallback node(s))
  Streptococcus_parasanguinis_B.db	[strain-resolved, no cluster above threshold]	markers=46/1865 (depth 0.09x)
  Streptococcus_salivarius.db	layer1=unique (auto — 0 cluster(s) below the support floor, 0 informative internal node(s), 0 fallback node(s))
  Streptococcus_salivarius.db	[strain-resolved, no cluster above threshold]	markers=66/3119 (depth 0.08x)
  Streptococcus_sobrinus.db	layer1=cst (auto — 0 cluster(s) below the support floor, 2 informative internal node(s), 2 fallback node(s))
  Streptococcus_sobrinus.db	[strain-resolved, no cluster above threshold]	markers=250/732 (depth 5.24x)
  Veillonella_parvula_A.db	layer1=cst (auto — 0 cluster(s) below the support floor, 4 informative internal node(s), 3 fallback node(s))
summary: 18/30 species strain-resolved (1 strain calls), 3 detected-not-resolvable, 9 absent
coverage of sample: strain calls account for 0.2% of 5846748 tag observations (99.8% unclassified — unresolved species, no reference, host, error)
predictions -> /lustre1/g/aos_shihuang/Strain2bScan/work/lim_orpi/preds/SF087.pred.tsv
RUN SF088
cross-species filter: 356204/415597 markers usable for quantification (14.3% shared with another species in the panel, excluded)
sample: 31515 distinct tag markers; 30 species DBs; resolve-gate≥max(50, 0%×panel), detect-gate≥3 (threads: 16)
#species	cluster	abundance	coverage	support	depth	global_abundance	sample_fraction
  Bosea_sp001556125.db	[detected, not strain-resolvable]	markers=4/83397 (0.0%, depth 0.02x)
  Cutibacterium_acnes.db	[detected, not strain-resolvable]	markers=48/5083 (0.9%, depth 9.12x)
  Granulicatella_adiacens.db	[detected, not strain-resolvable]	markers=9/771 (1.2%, depth 22.30x)
  Haemophilus_D_parainfluenzae.db	[detected, not strain-resolvable]	markers=7/5861 (0.1%, depth 0.74x)
  Methylobacterium_aquaticum.db	[detected, not strain-resolvable]	markers=6/16433 (0.0%, depth 0.49x)
  Neisseria_elongata.db	[detected, not strain-resolvable]	markers=4/3776 (0.1%, depth 0.89x)
  Neisseria_sp000186165.db	layer1=cst (auto — 0 cluster(s) below the support floor, 5 informative internal node(s), 5 fallback node(s))
  Neisseria_sp000186165.db	[strain-resolved, no cluster above threshold]	markers=52/18235 (depth 0.53x)
  Pseudomonas_E_fluorescens_AN.db	[detected, not strain-resolvable]	markers=10/140286 (0.0%, depth 0.03x)
  Ralstonia_mannitolilytica.db	layer1=cst (auto — 0 cluster(s) below the support floor, 3 informative internal node(s), 3 fallback node(s))
  Ralstonia_mannitolilytica.db	[strain-resolved, no cluster above threshold]	markers=83/14996 (depth 6.50x)
  Rothia_aeria.db	[detected, not strain-resolvable]	markers=13/2497 (0.5%, depth 6.39x)
  Rothia_dentocariosa.db	[detected, not strain-resolvable]	markers=25/4230 (0.6%, depth 5.38x)
  Streptococcus_gordonii.db	layer1=cst (auto — 0 cluster(s) below the support floor, 3 informative internal node(s), 2 fallback node(s))
  Streptococcus_gordonii.db	[strain-resolved, no cluster above threshold]	markers=51/1656 (depth 65.21x)
  Streptococcus_mutans.db	layer1=cst (auto — 3 cluster(s) below the support floor, 1 informative internal node(s), 0 fallback node(s))
  Streptococcus_mutans.db	[strain-resolved, no cluster above threshold]	markers=87/790 (depth 0.32x)
  Streptococcus_parasanguinis_B.db	[detected, not strain-resolvable]	markers=6/1865 (0.3%, depth 1.01x)
  Streptococcus_salivarius.db	[detected, not strain-resolvable]	markers=25/3119 (0.8%, depth 10.91x)
  Veillonella_parvula_A.db	[detected, not strain-resolvable]	markers=15/1933 (0.8%, depth 1.80x)
summary: 4/30 species strain-resolved (0 strain calls), 12 detected-not-resolvable, 14 absent
coverage of sample: strain calls account for -0.0% of 4772212 tag observations (100.0% unclassified — unresolved species, no reference, host, error)
predictions -> /lustre1/g/aos_shihuang/Strain2bScan/work/lim_orpi/preds/SF088.pred.tsv
RUN SF089
cross-species filter: 356204/415597 markers usable for quantification (14.3% shared with another species in the panel, excluded)
sample: 149932 distinct tag markers; 30 species DBs; resolve-gate≥max(50, 0%×panel), detect-gate≥3 (threads: 16)
#species	cluster	abundance	coverage	support	depth	global_abundance	sample_fraction
  Streptococcus_parasanguinis_B.db	C0|C1|C2|C3|C4	1.000000	0.59	32	18.796	1.000000	0.002730
  Bosea_sp001556125.db	[detected, not strain-resolvable]	markers=9/83397 (0.0%, depth 0.01x)
  Cutibacterium_acnes.db	layer1=cst (auto — 1 cluster(s) below the support floor, 7 informative internal node(s), 5 fallback node(s))
  Cutibacterium_acnes.db	[strain-resolved, no cluster above threshold]	markers=48/5083 (depth 0.52x)
  Granulicatella_adiacens.db	layer1=cst (auto — 0 cluster(s) below the support floor, 1 informative internal node(s), 1 fallback node(s))
  Granulicatella_adiacens.db	[strain-resolved, no cluster above threshold]	markers=16/771 (depth 0.10x)
  Haemophilus_D_parainfluenzae.db	layer1=cst (auto — 0 cluster(s) below the support floor, 7 informative internal node(s), 7 fallback node(s))
  Haemophilus_D_parainfluenzae.db	[strain-resolved, no cluster above threshold]	markers=20/5861 (depth 0.01x)
  Klebsiella_variicola.db	[detected, not strain-resolvable]	markers=3/24929 (0.0%, depth 0.01x)
  Neisseria_elongata.db	layer1=cst (auto — 0 cluster(s) below the support floor, 2 informative internal node(s), 2 fallback node(s))
  Neisseria_elongata.db	[strain-resolved, no cluster above threshold]	markers=176/3776 (depth 0.27x)
  Neisseria_sp000186165.db	layer1=cst (auto — 0 cluster(s) below the support floor, 5 informative internal node(s), 5 fallback node(s))
  Neisseria_sp000186165.db	[strain-resolved, no cluster above threshold]	markers=697/18235 (depth 0.40x)
  Porphyromonas_gingivalis.db	layer1=cst (auto — 1 cluster(s) below the support floor, 4 informative internal node(s), 0 fallback node(s))
  Porphyromonas_gingivalis.db	[strain-resolved, no cluster above threshold]	markers=13/5779 (depth 0.07x)
  Prevotella_sp000257925.db	layer1=unique (auto — 0 cluster(s) below the support floor, 0 informative internal node(s), 0 fallback node(s))
  Prevotella_sp000257925.db	[strain-resolved, no cluster above threshold]	markers=91/14665 (depth 0.10x)
  Pseudomonas_E_fluorescens_AN.db	[detected, not strain-resolvable]	markers=6/140286 (0.0%, depth 0.00x)
  Ralstonia_mannitolilytica.db	[detected, not strain-resolvable]	markers=10/14996 (0.1%, depth 0.02x)
  Rothia_aeria.db	layer1=cst (auto — 0 cluster(s) below the support floor, 2 informative internal node(s), 2 fallback node(s))
  Rothia_aeria.db	[strain-resolved, no cluster above threshold]	markers=163/2497 (depth 0.45x)
  Rothia_dentocariosa.db	layer1=cst (auto — 0 cluster(s) below the support floor, 4 informative internal node(s), 4 fallback node(s))
  Rothia_dentocariosa.db	[strain-resolved, no cluster above threshold]	markers=572/4230 (depth 1.31x)
  Rothia_kristinae.db	[detected, not strain-resolvable]	markers=5/3041 (0.2%, depth 0.02x)
  Streptococcus_anginosus_C.db	layer1=cst (auto — 7 cluster(s) below the support floor, 7 informative internal node(s), 3 fallback node(s))
  Streptococcus_anginosus_C.db	[strain-resolved, no cluster above threshold]	markers=324/2130 (depth 5.70x)
  Streptococcus_gordonii.db	layer1=cst (auto — 0 cluster(s) below the support floor, 3 informative internal node(s), 2 fallback node(s))
  Streptococcus_gordonii.db	[strain-resolved, no cluster above threshold]	markers=173/1656 (depth 0.75x)
  Streptococcus_mutans.db	layer1=cst (auto — 3 cluster(s) below the support floor, 1 informative internal node(s), 0 fallback node(s))
  Streptococcus_mutans.db	[strain-resolved, no cluster above threshold]	markers=168/790 (depth 2.20x)
  Streptococcus_parasanguinis_B.db	layer1=cst (auto — 0 cluster(s) below the support floor, 4 informative internal node(s), 4 fallback node(s))
  Streptococcus_salivarius.db	layer1=unique (auto — 0 cluster(s) below the support floor, 0 informative internal node(s), 0 fallback node(s))
  Streptococcus_salivarius.db	[strain-resolved, no cluster above threshold]	markers=383/3119 (depth 1.74x)
  Streptococcus_sobrinus.db	[detected, not strain-resolvable]	markers=3/732 (0.4%, depth 0.28x)
  Veillonella_parvula_A.db	layer1=cst (auto — 0 cluster(s) below the support floor, 4 informative internal node(s), 3 fallback node(s))
  Veillonella_parvula_A.db	[strain-resolved, no cluster above threshold]	markers=217/1933 (depth 2.31x)
summary: 15/30 species strain-resolved (1 strain calls), 6 detected-not-resolvable, 9 absent
coverage of sample: strain calls account for 0.3% of 4717079 tag observations (99.7% unclassified — unresolved species, no reference, host, error)
predictions -> /lustre1/g/aos_shihuang/Strain2bScan/work/lim_orpi/preds/SF089.pred.tsv
RUN SF090
cross-species filter: 356204/415597 markers usable for quantification (14.3% shared with another species in the panel, excluded)
sample: 20416 distinct tag markers; 30 species DBs; resolve-gate≥max(50, 0%×panel), detect-gate≥3 (threads: 16)
#species	cluster	abundance	coverage	support	depth	global_abundance	sample_fraction
  Cutibacterium_acnes.db	layer1=cst (auto — 1 cluster(s) below the support floor, 7 informative internal node(s), 5 fallback node(s))
  Cutibacterium_acnes.db	[strain-resolved, no cluster above threshold]	markers=53/5083 (depth 23.29x)
  Granulicatella_adiacens.db	[detected, not strain-resolvable]	markers=3/771 (0.4%, depth 6.52x)
  Haemophilus_D_parainfluenzae.db	[detected, not strain-resolvable]	markers=9/5861 (0.2%, depth 0.20x)
  Neisseria_elongata.db	[detected, not strain-resolvable]	markers=5/3776 (0.1%, depth 1.11x)
  Neisseria_sp000186165.db	layer1=cst (auto — 0 cluster(s) below the support floor, 5 informative internal node(s), 5 fallback node(s))
  Neisseria_sp000186165.db	[strain-resolved, no cluster above threshold]	markers=97/18235 (depth 15.70x)
  Pseudomonas_E_fluorescens_AN.db	[detected, not strain-resolvable]	markers=4/140286 (0.0%, depth 0.03x)
  Ralstonia_mannitolilytica.db	[detected, not strain-resolvable]	markers=4/14996 (0.0%, depth 0.00x)
  Rothia_aeria.db	[detected, not strain-resolvable]	markers=8/2497 (0.3%, depth 9.67x)
  Rothia_dentocariosa.db	[detected, not strain-resolvable]	markers=36/4230 (0.9%, depth 26.76x)
  Streptococcus_gordonii.db	[detected, not strain-resolvable]	markers=23/1656 (1.4%, depth 35.57x)
  Streptococcus_mutans.db	[detected, not strain-resolvable]	markers=11/790 (1.4%, depth 0.14x)
  Streptococcus_parasanguinis_B.db	[detected, not strain-resolvable]	markers=12/1865 (0.6%, depth 4.78x)
  Streptococcus_salivarius.db	[detected, not strain-resolvable]	markers=25/3119 (0.8%, depth 26.96x)
  Veillonella_parvula_A.db	[detected, not strain-resolvable]	markers=4/1933 (0.2%, depth 1.48x)
summary: 2/30 species strain-resolved (0 strain calls), 12 detected-not-resolvable, 16 absent
coverage of sample: strain calls account for -0.0% of 3669131 tag observations (100.0% unclassified — unresolved species, no reference, host, error)
predictions -> /lustre1/g/aos_shihuang/Strain2bScan/work/lim_orpi/preds/SF090.pred.tsv
RUN SF091
cross-species filter: 356204/415597 markers usable for quantification (14.3% shared with another species in the panel, excluded)
sample: 37299 distinct tag markers; 30 species DBs; resolve-gate≥max(50, 0%×panel), detect-gate≥3 (threads: 16)
#species	cluster	abundance	coverage	support	depth	global_abundance	sample_fraction
  Bosea_sp001556125.db	[detected, not strain-resolvable]	markers=3/83397 (0.0%, depth 0.00x)
  Cutibacterium_acnes.db	layer1=cst (auto — 1 cluster(s) below the support floor, 7 informative internal node(s), 5 fallback node(s))
  Cutibacterium_acnes.db	[strain-resolved, no cluster above threshold]	markers=27/5083 (depth 0.34x)
  Granulicatella_adiacens.db	layer1=cst (auto — 0 cluster(s) below the support floor, 1 informative internal node(s), 1 fallback node(s))
  Granulicatella_adiacens.db	[strain-resolved, no cluster above threshold]	markers=109/771 (depth 29.81x)
  Haemophilus_D_parainfluenzae.db	layer1=cst (auto — 0 cluster(s) below the support floor, 7 informative internal node(s), 7 fallback node(s))
  Haemophilus_D_parainfluenzae.db	[strain-resolved, no cluster above threshold]	markers=289/5861 (depth 9.06x)
  Klebsiella_variicola.db	[detected, not strain-resolvable]	markers=5/24929 (0.0%, depth 0.01x)
  Neisseria_elongata.db	layer1=cst (auto — 0 cluster(s) below the support floor, 2 informative internal node(s), 2 fallback node(s))
  Neisseria_elongata.db	[strain-resolved, no cluster above threshold]	markers=82/3776 (depth 3.00x)
  Neisseria_sp000186165.db	layer1=cst (auto — 0 cluster(s) below the support floor, 5 informative internal node(s), 5 fallback node(s))
  Neisseria_sp000186165.db	[strain-resolved, no cluster above threshold]	markers=834/18235 (depth 15.85x)
  Pseudomonas_E_fluorescens_AN.db	[detected, not strain-resolvable]	markers=4/140286 (0.0%, depth 0.00x)
  Ralstonia_mannitolilytica.db	[detected, not strain-resolvable]	markers=8/14996 (0.1%, depth 0.04x)
  Rothia_aeria.db	[detected, not strain-resolvable]	markers=24/2497 (1.0%, depth 4.68x)
  Rothia_dentocariosa.db	layer1=cst (auto — 0 cluster(s) below the support floor, 4 informative internal node(s), 4 fallback node(s))
  Rothia_dentocariosa.db	[strain-resolved, no cluster above threshold]	markers=191/4230 (depth 4.56x)
  Streptococcus_gordonii.db	layer1=cst (auto — 0 cluster(s) below the support floor, 3 informative internal node(s), 2 fallback node(s))
  Streptococcus_gordonii.db	[strain-resolved, no cluster above threshold]	markers=195/1656 (depth 30.57x)
  Streptococcus_mutans.db	[detected, not strain-resolvable]	markers=6/790 (0.8%, depth 0.01x)
  Streptococcus_parasanguinis_B.db	layer1=cst (auto — 0 cluster(s) below the support floor, 4 informative internal node(s), 4 fallback node(s))
  Streptococcus_parasanguinis_B.db	[strain-resolved, no cluster above threshold]	markers=164/1865 (depth 8.23x)
  Streptococcus_salivarius.db	layer1=unique (auto — 0 cluster(s) below the support floor, 0 informative internal node(s), 0 fallback node(s))
  Streptococcus_salivarius.db	[strain-resolved, no cluster above threshold]	markers=68/3119 (depth 1.80x)
  Veillonella_parvula_A.db	layer1=cst (auto — 0 cluster(s) below the support floor, 4 informative internal node(s), 3 fallback node(s))
  Veillonella_parvula_A.db	[strain-resolved, no cluster above threshold]	markers=33/1933 (depth 0.45x)
summary: 10/30 species strain-resolved (0 strain calls), 6 detected-not-resolvable, 14 absent
coverage of sample: strain calls account for -0.0% of 3980442 tag observations (100.0% unclassified — unresolved species, no reference, host, error)
predictions -> /lustre1/g/aos_shihuang/Strain2bScan/work/lim_orpi/preds/SF091.pred.tsv
RUN SF092
cross-species filter: 356204/415597 markers usable for quantification (14.3% shared with another species in the panel, excluded)
sample: 69187 distinct tag markers; 30 species DBs; resolve-gate≥max(50, 0%×panel), detect-gate≥3 (threads: 16)
#species	cluster	abundance	coverage	support	depth	global_abundance	sample_fraction
  Granulicatella_adiacens.db	C0|C1	1.000000	0.59	120	19.512	0.033684	0.002340
  Neisseria_sp000186165.db	C1|C6	0.783933	0.53	72	141.393	0.244089	0.081170
  Neisseria_sp000186165.db	C2|C4|C11	0.216067	0.61	146	38.971	0.067276	0.016342
  Rothia_dentocariosa.db	C1|C2|C3|C4	1.000000	0.68	60	44.670	0.077115	0.020608
  Streptococcus_parasanguinis_B.db	C3|C4	1.000000	0.55	56	319.109	0.550883	0.048305
  Veillonella_parvula_A.db	C1|C2|C3|C4|C5	1.000000	0.61	19	15.613	0.026953	0.002513
  Bosea_sp001556125.db	[detected, not strain-resolvable]	markers=3/83397 (0.0%, depth 0.00x)
  Cutibacterium_acnes.db	layer1=cst (auto — 1 cluster(s) below the support floor, 7 informative internal node(s), 5 fallback node(s))
  Cutibacterium_acnes.db	[strain-resolved, no cluster above threshold]	markers=20/5083 (depth 0.01x)
  Granulicatella_adiacens.db	layer1=cst (auto — 0 cluster(s) below the support floor, 1 informative internal node(s), 1 fallback node(s))
  Haemophilus_D_parainfluenzae.db	layer1=cst (auto — 0 cluster(s) below the support floor, 7 informative internal node(s), 7 fallback node(s))
  Haemophilus_D_parainfluenzae.db	[strain-resolved, no cluster above threshold]	markers=545/5861 (depth 1.37x)
  Klebsiella_variicola.db	layer1=cst (auto — 0 cluster(s) below the support floor, 8 informative internal node(s), 5 fallback node(s))
  Klebsiella_variicola.db	[strain-resolved, no cluster above threshold]	markers=21/24929 (depth 0.19x)
  Neisseria_elongata.db	layer1=cst (auto — 0 cluster(s) below the support floor, 2 informative internal node(s), 2 fallback node(s))
  Neisseria_elongata.db	[strain-resolved, no cluster above threshold]	markers=410/3776 (depth 5.26x)
  Neisseria_sp000186165.db	layer1=cst (auto — 0 cluster(s) below the support floor, 5 informative internal node(s), 5 fallback node(s))
  Porphyromonas_gingivalis.db	[detected, not strain-resolvable]	markers=7/5779 (0.1%, depth 0.02x)
  Prevotella_sp000257925.db	layer1=unique (auto — 0 cluster(s) below the support floor, 0 informative internal node(s), 0 fallback node(s))
  Prevotella_sp000257925.db	[strain-resolved, no cluster above threshold]	markers=76/14665 (depth 0.02x)
  Pseudomonas_E_fluorescens_AN.db	[detected, not strain-resolvable]	markers=6/140286 (0.0%, depth 0.00x)
  Ralstonia_mannitolilytica.db	[detected, not strain-resolvable]	markers=7/14996 (0.0%, depth 0.17x)
  Rothia_aeria.db	layer1=cst (auto — 0 cluster(s) below the support floor, 2 informative internal node(s), 2 fallback node(s))
  Rothia_aeria.db	[strain-resolved, no cluster above threshold]	markers=183/2497 (depth 5.66x)
  Rothia_dentocariosa.db	layer1=cst (auto — 0 cluster(s) below the support floor, 4 informative internal node(s), 4 fallback node(s))
  Streptococcus_anginosus_C.db	[detected, not strain-resolvable]	markers=6/2130 (0.3%, depth 0.02x)
  Streptococcus_gordonii.db	layer1=cst (auto — 0 cluster(s) below the support floor, 3 informative internal node(s), 2 fallback node(s))
  Streptococcus_gordonii.db	[strain-resolved, no cluster above threshold]	markers=82/1656 (depth 0.16x)
  Streptococcus_parasanguinis_B.db	layer1=cst (auto — 0 cluster(s) below the support floor, 4 informative internal node(s), 4 fallback node(s))
  Streptococcus_salivarius.db	layer1=unique (auto — 0 cluster(s) below the support floor, 0 informative internal node(s), 0 fallback node(s))
  Streptococcus_salivarius.db	[strain-resolved, no cluster above threshold]	markers=253/3119 (depth 5.49x)
  Veillonella_parvula_A.db	layer1=cst (auto — 0 cluster(s) below the support floor, 4 informative internal node(s), 3 fallback node(s))
summary: 13/30 species strain-resolved (6 strain calls), 5 detected-not-resolvable, 12 absent
coverage of sample: strain calls account for 17.1% of 4168433 tag observations (82.9% unclassified — unresolved species, no reference, host, error)
predictions -> /lustre1/g/aos_shihuang/Strain2bScan/work/lim_orpi/preds/SF092.pred.tsv
RUN SF093
cross-species filter: 356204/415597 markers usable for quantification (14.3% shared with another species in the panel, excluded)
sample: 19802 distinct tag markers; 30 species DBs; resolve-gate≥max(50, 0%×panel), detect-gate≥3 (threads: 16)
#species	cluster	abundance	coverage	support	depth	global_abundance	sample_fraction
  Cutibacterium_acnes.db	layer1=cst (auto — 1 cluster(s) below the support floor, 7 informative internal node(s), 5 fallback node(s))
  Cutibacterium_acnes.db	[strain-resolved, no cluster above threshold]	markers=60/5083 (depth 10.43x)
  Haemophilus_D_parainfluenzae.db	[detected, not strain-resolvable]	markers=4/5861 (0.1%, depth 2.07x)
  Neisseria_sp000186165.db	layer1=cst (auto — 0 cluster(s) below the support floor, 5 informative internal node(s), 5 fallback node(s))
  Neisseria_sp000186165.db	[strain-resolved, no cluster above threshold]	markers=93/18235 (depth 21.77x)
  Pseudomonas_E_fluorescens_AN.db	[detected, not strain-resolvable]	markers=4/140286 (0.0%, depth 0.00x)
  Ralstonia_mannitolilytica.db	[detected, not strain-resolvable]	markers=12/14996 (0.1%, depth 0.25x)
  Rothia_aeria.db	[detected, not strain-resolvable]	markers=6/2497 (0.2%, depth 5.32x)
  Rothia_dentocariosa.db	layer1=cst (auto — 0 cluster(s) below the support floor, 4 informative internal node(s), 4 fallback node(s))
  Rothia_dentocariosa.db	[strain-resolved, no cluster above threshold]	markers=35/4230 (depth 0.02x)
  Streptococcus_gordonii.db	layer1=cst (auto — 0 cluster(s) below the support floor, 3 informative internal node(s), 2 fallback node(s))
  Streptococcus_gordonii.db	[strain-resolved, no cluster above threshold]	markers=29/1656 (depth 0.03x)
  Streptococcus_parasanguinis_B.db	[detected, not strain-resolvable]	markers=16/1865 (0.9%, depth 39.82x)
  Streptococcus_salivarius.db	[detected, not strain-resolvable]	markers=31/3119 (1.0%, depth 36.11x)
  Veillonella_parvula_A.db	[detected, not strain-resolvable]	markers=4/1933 (0.2%, depth 4.36x)
summary: 4/30 species strain-resolved (0 strain calls), 7 detected-not-resolvable, 19 absent
coverage of sample: strain calls account for -0.0% of 3772433 tag observations (100.0% unclassified — unresolved species, no reference, host, error)
predictions -> /lustre1/g/aos_shihuang/Strain2bScan/work/lim_orpi/preds/SF093.pred.tsv
RUN SF094
cross-species filter: 356204/415597 markers usable for quantification (14.3% shared with another species in the panel, excluded)
sample: 12860 distinct tag markers; 30 species DBs; resolve-gate≥max(50, 0%×panel), detect-gate≥3 (threads: 16)
#species	cluster	abundance	coverage	support	depth	global_abundance	sample_fraction
  Cutibacterium_acnes.db	[detected, not strain-resolvable]	markers=31/5083 (0.6%, depth 8.49x)
  Haemophilus_D_parainfluenzae.db	[detected, not strain-resolvable]	markers=3/5861 (0.1%, depth 0.03x)
  Neisseria_sp000186165.db	layer1=cst (auto — 0 cluster(s) below the support floor, 5 informative internal node(s), 5 fallback node(s))
  Neisseria_sp000186165.db	[strain-resolved, no cluster above threshold]	markers=59/18235 (depth 0.24x)
  Pseudomonas_E_fluorescens_AN.db	[detected, not strain-resolvable]	markers=7/140286 (0.0%, depth 0.02x)
  Ralstonia_mannitolilytica.db	[detected, not strain-resolvable]	markers=11/14996 (0.1%, depth 0.41x)
  Rothia_aeria.db	[detected, not strain-resolvable]	markers=5/2497 (0.2%, depth 0.00x)
  Rothia_dentocariosa.db	[detected, not strain-resolvable]	markers=8/4230 (0.2%, depth 0.00x)
  Streptococcus_gordonii.db	[detected, not strain-resolvable]	markers=9/1656 (0.5%, depth 27.36x)
  Streptococcus_parasanguinis_B.db	[detected, not strain-resolvable]	markers=16/1865 (0.9%, depth 27.38x)
  Streptococcus_salivarius.db	[detected, not strain-resolvable]	markers=17/3119 (0.5%, depth 10.34x)
  Veillonella_parvula_A.db	[detected, not strain-resolvable]	markers=5/1933 (0.3%, depth 0.80x)
summary: 1/30 species strain-resolved (0 strain calls), 10 detected-not-resolvable, 19 absent
coverage of sample: strain calls account for -0.0% of 1984523 tag observations (100.0% unclassified — unresolved species, no reference, host, error)
predictions -> /lustre1/g/aos_shihuang/Strain2bScan/work/lim_orpi/preds/SF094.pred.tsv
RUN SF095
cross-species filter: 356204/415597 markers usable for quantification (14.3% shared with another species in the panel, excluded)
sample: 17093 distinct tag markers; 30 species DBs; resolve-gate≥max(50, 0%×panel), detect-gate≥3 (threads: 16)
#species	cluster	abundance	coverage	support	depth	global_abundance	sample_fraction
  Bosea_sp001556125.db	[detected, not strain-resolvable]	markers=3/83397 (0.0%, depth 0.00x)
  Cutibacterium_acnes.db	[detected, not strain-resolvable]	markers=45/5083 (0.9%, depth 10.37x)
  Klebsiella_variicola.db	[detected, not strain-resolvable]	markers=4/24929 (0.0%, depth 0.17x)
  Neisseria_sp000186165.db	layer1=cst (auto — 0 cluster(s) below the support floor, 5 informative internal node(s), 5 fallback node(s))
  Neisseria_sp000186165.db	[strain-resolved, no cluster above threshold]	markers=50/18235 (depth 0.25x)
  Pseudomonas_E_fluorescens_AN.db	[detected, not strain-resolvable]	markers=11/140286 (0.0%, depth 0.16x)
  Ralstonia_mannitolilytica.db	[detected, not strain-resolvable]	markers=14/14996 (0.1%, depth 1.38x)
  Rothia_aeria.db	[detected, not strain-resolvable]	markers=3/2497 (0.1%, depth 0.00x)
  Rothia_dentocariosa.db	[detected, not strain-resolvable]	markers=7/4230 (0.2%, depth 0.90x)
  Streptococcus_gordonii.db	[detected, not strain-resolvable]	markers=11/1656 (0.7%, depth 2.18x)
  Streptococcus_parasanguinis_B.db	layer1=cst (auto — 0 cluster(s) below the support floor, 4 informative internal node(s), 4 fallback node(s))
  Streptococcus_parasanguinis_B.db	[strain-resolved, no cluster above threshold]	markers=15/1865 (depth 0.02x)
  Streptococcus_salivarius.db	layer1=unique (auto — 0 cluster(s) below the support floor, 0 informative internal node(s), 0 fallback node(s))
  Streptococcus_salivarius.db	[strain-resolved, no cluster above threshold]	markers=23/3119 (depth 0.01x)
  Veillonella_parvula_A.db	[detected, not strain-resolvable]	markers=4/1933 (0.2%, depth 0.00x)
summary: 3/30 species strain-resolved (0 strain calls), 9 detected-not-resolvable, 18 absent
coverage of sample: strain calls account for -0.0% of 2495616 tag observations (100.0% unclassified — unresolved species, no reference, host, error)
predictions -> /lustre1/g/aos_shihuang/Strain2bScan/work/lim_orpi/preds/SF095.pred.tsv
RUN SF096
cross-species filter: 356204/415597 markers usable for quantification (14.3% shared with another species in the panel, excluded)
sample: 19965 distinct tag markers; 30 species DBs; resolve-gate≥max(50, 0%×panel), detect-gate≥3 (threads: 16)
#species	cluster	abundance	coverage	support	depth	global_abundance	sample_fraction
  Cutibacterium_acnes.db	layer1=cst (auto — 1 cluster(s) below the support floor, 7 informative internal node(s), 5 fallback node(s))
  Cutibacterium_acnes.db	[strain-resolved, no cluster above threshold]	markers=80/5083 (depth 25.28x)
  Haemophilus_D_parainfluenzae.db	[detected, not strain-resolvable]	markers=4/5861 (0.1%, depth 1.16x)
  Neisseria_sp000186165.db	[detected, not strain-resolvable]	markers=32/18235 (0.2%, depth 1.20x)
  Pseudomonas_E_fluorescens_AN.db	layer1=cst (auto — 0 cluster(s) below the support floor, 17 informative internal node(s), 17 fallback node(s))
  Pseudomonas_E_fluorescens_AN.db	[strain-resolved, no cluster above threshold]	markers=13/140286 (depth 0.21x)
  Ralstonia_mannitolilytica.db	[detected, not strain-resolvable]	markers=20/14996 (0.1%, depth 0.66x)
  Rothia_dentocariosa.db	[detected, not strain-resolvable]	markers=7/4230 (0.2%, depth 0.00x)
  Streptococcus_gordonii.db	[detected, not strain-resolvable]	markers=8/1656 (0.5%, depth 0.00x)
  Streptococcus_mutans.db	[detected, not strain-resolvable]	markers=3/790 (0.4%, depth 0.01x)
  Streptococcus_parasanguinis_B.db	[detected, not strain-resolvable]	markers=7/1865 (0.4%, depth 0.00x)
  Streptococcus_salivarius.db	layer1=unique (auto — 0 cluster(s) below the support floor, 0 informative internal node(s), 0 fallback node(s))
  Streptococcus_salivarius.db	[strain-resolved, no cluster above threshold]	markers=16/3119 (depth 0.01x)
  Veillonella_parvula_A.db	[detected, not strain-resolvable]	markers=5/1933 (0.3%, depth 1.89x)
summary: 3/30 species strain-resolved (0 strain calls), 8 detected-not-resolvable, 19 absent
coverage of sample: strain calls account for -0.0% of 3442787 tag observations (100.0% unclassified — unresolved species, no reference, host, error)
predictions -> /lustre1/g/aos_shihuang/Strain2bScan/work/lim_orpi/preds/SF096.pred.tsv
RUN SF097
cross-species filter: 356204/415597 markers usable for quantification (14.3% shared with another species in the panel, excluded)
sample: 33200 distinct tag markers; 30 species DBs; resolve-gate≥max(50, 0%×panel), detect-gate≥3 (threads: 16)
#species	cluster	abundance	coverage	support	depth	global_abundance	sample_fraction
  Neisseria_sp000186165.db	C2|C4|C11	1.000000	0.11	27	0.193	0.000470	0.000103
  Streptococcus_parasanguinis_B.db	C0|C1|C2|C3|C4	1.000000	0.57	31	411.074	0.999530	0.085496
  Cutibacterium_acnes.db	layer1=cst (auto — 1 cluster(s) below the support floor, 7 informative internal node(s), 5 fallback node(s))
  Cutibacterium_acnes.db	[strain-resolved, no cluster above threshold]	markers=142/5083 (depth 3.81x)
  Granulicatella_adiacens.db	[detected, not strain-resolvable]	markers=31/771 (4.0%, depth 2.26x)
  Haemophilus_D_parainfluenzae.db	layer1=cst (auto — 0 cluster(s) below the support floor, 7 informative internal node(s), 7 fallback node(s))
  Haemophilus_D_parainfluenzae.db	[strain-resolved, no cluster above threshold]	markers=34/5861 (depth 0.05x)
  Klebsiella_variicola.db	[detected, not strain-resolvable]	markers=6/24929 (0.0%, depth 0.01x)
  Neisseria_elongata.db	layer1=cst (auto — 0 cluster(s) below the support floor, 2 informative internal node(s), 2 fallback node(s))
  Neisseria_elongata.db	[strain-resolved, no cluster above threshold]	markers=27/3776 (depth 0.02x)
  Neisseria_sp000186165.db	layer1=cst (auto — 0 cluster(s) below the support floor, 5 informative internal node(s), 5 fallback node(s))
  Porphyromonas_gingivalis.db	[detected, not strain-resolvable]	markers=10/5779 (0.2%, depth 0.21x)
  Prevotella_sp000257925.db	[detected, not strain-resolvable]	markers=3/14665 (0.0%, depth 0.01x)
  Pseudomonas_E_fluorescens_AN.db	[detected, not strain-resolvable]	markers=4/140286 (0.0%, depth 0.00x)
  Ralstonia_mannitolilytica.db	layer1=cst (auto — 0 cluster(s) below the support floor, 3 informative internal node(s), 3 fallback node(s))
  Ralstonia_mannitolilytica.db	[strain-resolved, no cluster above threshold]	markers=82/14996 (depth 0.02x)
  Rothia_aeria.db	layer1=cst (auto — 0 cluster(s) below the support floor, 2 informative internal node(s), 2 fallback node(s))
  Rothia_aeria.db	[strain-resolved, no cluster above threshold]	markers=15/2497 (depth 0.32x)
  Rothia_dentocariosa.db	layer1=cst (auto — 0 cluster(s) below the support floor, 4 informative internal node(s), 4 fallback node(s))
  Rothia_dentocariosa.db	[strain-resolved, no cluster above threshold]	markers=259/4230 (depth 14.88x)
  Streptococcus_anginosus_C.db	[detected, not strain-resolvable]	markers=7/2130 (0.3%, depth 0.51x)
  Streptococcus_gordonii.db	[detected, not strain-resolvable]	markers=23/1656 (1.4%, depth 2.60x)
  Streptococcus_mutans.db	[detected, not strain-resolvable]	markers=9/790 (1.1%, depth 0.02x)
  Streptococcus_parasanguinis_B.db	layer1=cst (auto — 0 cluster(s) below the support floor, 4 informative internal node(s), 4 fallback node(s))
  Streptococcus_salivarius.db	layer1=unique (auto — 0 cluster(s) below the support floor, 0 informative internal node(s), 0 fallback node(s))
  Streptococcus_salivarius.db	[strain-resolved, no cluster above threshold]	markers=218/3119 (depth 28.59x)
  Veillonella_parvula_A.db	[detected, not strain-resolvable]	markers=49/1933 (2.5%, depth 19.08x)
summary: 9/30 species strain-resolved (2 strain calls), 9 detected-not-resolvable, 12 absent
coverage of sample: strain calls account for 8.6% of 3293551 tag observations (91.4% unclassified — unresolved species, no reference, host, error)
predictions -> /lustre1/g/aos_shihuang/Strain2bScan/work/lim_orpi/preds/SF097.pred.tsv
Done. Outputs in /lustre1/g/aos_shihuang/Strain2bScan/work/lim_orpi/preds
