kind	sample	species	r1	r2	truth
single	Akkermansia_muciniphila__diff_k2_rep1_d0.5	Akkermansia_muciniphila	figure_raw_data/sim_single_species/Akkermansia_muciniphila/reads/Akkermansia_muciniphila__diff_k2_rep1_d0.5_R1.fastq.gz	figure_raw_data/sim_single_species/Akkermansia_muciniphila/reads/Akkermansia_muciniphila__diff_k2_rep1_d0.5_R2.fastq.gz	figure_raw_data/sim_single_species/Akkermansia_muciniphila/truth/Akkermansia_muciniphila__diff_k2_rep1_d0.5.truth.tsv
single	Akkermansia_muciniphila__diff_k2_rep1_d1	Akkermansia_muciniphila	figure_raw_data/sim_single_species/Akkermansia_muciniphila/reads/Akkermansia_muciniphila__diff_k2_rep1_d1_R1.fastq.gz	figure_raw_data/sim_single_species/Akkermansia_muciniphila/reads/Akkermansia_muciniphila__diff_k2_rep1_d1_R2.fastq.gz	figure_raw_data/sim_single_species/Akkermansia_muciniphila/truth/Akkermansia_muciniphila__diff_k2_rep1_d1.truth.tsv
single	Akkermansia_muciniphila__diff_k2_rep1_d3	Akkermansia_muciniphila	figure_raw_data/sim_single_species/Akkermansia_muciniphila/reads/Akkermansia_muciniphila__diff_k2_rep1_d3_R1.fastq.gz	figure_raw_data/sim_single_species/Akkermansia_muciniphila/reads/Akkermansia_muciniphila__diff_k2_rep1_d3_R2.fastq.gz	figure_raw_data/sim_single_species/Akkermansia_muciniphila/truth/Akkermansia_muciniphila__diff_k2_rep1_d3.truth.tsv
single	Akkermansia_muciniphila__diff_k2_rep1_d5	Akkermansia_muciniphila	figure_raw_data/sim_single_species/Akkermansia_muciniphila/reads/Akkermansia_muciniphila__diff_k2_rep1_d5_R1.fastq.gz	figure_raw_data/sim_single_species/Akkermansia_muciniphila/reads/Akkermansia_muciniphila__diff_k2_rep1_d5_R2.fastq.gz	figure_raw_data/sim_single_species/Akkermansia_muciniphila/truth/Akkermansia_muciniphila__diff_k2_rep1_d5.truth.tsv
single	Akkermansia_muciniphila__diff_k2_rep1_d10	Akkermansia_muciniphila	figure_raw_data/sim_single_species/Akkermansia_muciniphila/reads/Akkermansia_muciniphila__diff_k2_rep1_d10_R1.fastq.gz	figure_raw_data/sim_single_species/Akkermansia_muciniphila/reads/Akkermansia_muciniphila__diff_k2_rep1_d10_R2.fastq.gz	figure_raw_data/sim_single_species/Akkermansia_muciniphila/truth/Akkermansia_muciniphila__diff_k2_rep1_d10.truth.tsv
single	Akkermansia_muciniphila__diff_k2_rep2_d0.5	Akkermansia_muciniphila	figure_raw_data/sim_single_species/Akkermansia_muciniphila/reads/Akkermansia_muciniphila__diff_k2_rep2_d0.5_R1.fastq.gz	figure_raw_data/sim_single_species/Akkermansia_muciniphila/reads/Akkermansia_muciniphila__diff_k2_rep2_d0.5_R2.fastq.gz	figure_raw_data/sim_single_species/Akkermansia_muciniphila/truth/Akkermansia_muciniphila__diff_k2_rep2_d0.5.truth.tsv
single	Akkermansia_muciniphila__diff_k2_rep2_d1	Akkermansia_muciniphila	figure_raw_data/sim_single_species/Akkermansia_muciniphila/reads/Akkermansia_muciniphila__diff_k2_rep2_d1_R1.fastq.gz	figure_raw_data/sim_single_species/Akkermansia_muciniphila/reads/Akkermansia_muciniphila__diff_k2_rep2_d1_R2.fastq.gz	figure_raw_data/sim_single_species/Akkermansia_muciniphila/truth/Akkermansia_muciniphila__diff_k2_rep2_d1.truth.tsv
single	Akkermansia_muciniphila__diff_k2_rep2_d3	Akkermansia_muciniphila	figure_raw_data/sim_single_species/Akkermansia_muciniphila/reads/Akkermansia_muciniphila__diff_k2_rep2_d3_R1.fastq.gz	figure_raw_data/sim_single_species/Akkermansia_muciniphila/reads/Akkermansia_muciniphila__diff_k2_rep2_d3_R2.fastq.gz	figure_raw_data/sim_single_species/Akkermansia_muciniphila/truth/Akkermansia_muciniphila__diff_k2_rep2_d3.truth.tsv
single	Akkermansia_muciniphila__diff_k2_rep2_d5	Akkermansia_muciniphila	figure_raw_data/sim_single_species/Akkermansia_muciniphila/reads/Akkermansia_muciniphila__diff_k2_rep2_d5_R1.fastq.gz	figure_raw_data/sim_single_species/Akkermansia_muciniphila/reads/Akkermansia_muciniphila__diff_k2_rep2_d5_R2.fastq.gz	figure_raw_data/sim_single_species/Akkermansia_muciniphila/truth/Akkermansia_muciniphila__diff_k2_rep2_d5.truth.tsv
single	Akkermansia_muciniphila__diff_k2_rep2_d10	Akkermansia_muciniphila	figure_raw_data/sim_single_species/Akkermansia_muciniphila/reads/Akkermansia_muciniphila__diff_k2_rep2_d10_R1.fastq.gz	figure_raw_data/sim_single_species/Akkermansia_muciniphila/reads/Akkermansia_muciniphila__diff_k2_rep2_d10_R2.fastq.gz	figure_raw_data/sim_single_species/Akkermansia_muciniphila/truth/Akkermansia_muciniphila__diff_k2_rep2_d10.truth.tsv
single	Akkermansia_muciniphila__diff_k2_rep3_d0.5	Akkermansia_muciniphila	figure_raw_data/sim_single_species/Akkermansia_muciniphila/reads/Akkermansia_muciniphila__diff_k2_rep3_d0.5_R1.fastq.gz	figure_raw_data/sim_single_species/Akkermansia_muciniphila/reads/Akkermansia_muciniphila__diff_k2_rep3_d0.5_R2.fastq.gz	figure_raw_data/sim_single_species/Akkermansia_muciniphila/truth/Akkermansia_muciniphila__diff_k2_rep3_d0.5.truth.tsv
single	Akkermansia_muciniphila__diff_k2_rep3_d1	Akkermansia_muciniphila	figure_raw_data/sim_single_species/Akkermansia_muciniphila/reads/Akkermansia_muciniphila__diff_k2_rep3_d1_R1.fastq.gz	figure_raw_data/sim_single_species/Akkermansia_muciniphila/reads/Akkermansia_muciniphila__diff_k2_rep3_d1_R2.fastq.gz	figure_raw_data/sim_single_species/Akkermansia_muciniphila/truth/Akkermansia_muciniphila__diff_k2_rep3_d1.truth.tsv
single	Akkermansia_muciniphila__diff_k2_rep3_d3	Akkermansia_muciniphila	figure_raw_data/sim_single_species/Akkermansia_muciniphila/reads/Akkermansia_muciniphila__diff_k2_rep3_d3_R1.fastq.gz	figure_raw_data/sim_single_species/Akkermansia_muciniphila/reads/Akkermansia_muciniphila__diff_k2_rep3_d3_R2.fastq.gz	figure_raw_data/sim_single_species/Akkermansia_muciniphila/truth/Akkermansia_muciniphila__diff_k2_rep3_d3.truth.tsv
single	Akkermansia_muciniphila__diff_k2_rep3_d5	Akkermansia_muciniphila	figure_raw_data/sim_single_species/Akkermansia_muciniphila/reads/Akkermansia_muciniphila__diff_k2_rep3_d5_R1.fastq.gz	figure_raw_data/sim_single_species/Akkermansia_muciniphila/reads/Akkermansia_muciniphila__diff_k2_rep3_d5_R2.fastq.gz	figure_raw_data/sim_single_species/Akkermansia_muciniphila/truth/Akkermansia_muciniphila__diff_k2_rep3_d5.truth.tsv
single	Akkermansia_muciniphila__diff_k2_rep3_d10	Akkermansia_muciniphila	figure_raw_data/sim_single_species/Akkermansia_muciniphila/reads/Akkermansia_muciniphila__diff_k2_rep3_d10_R1.fastq.gz	figure_raw_data/sim_single_species/Akkermansia_muciniphila/reads/Akkermansia_muciniphila__diff_k2_rep3_d10_R2.fastq.gz	figure_raw_data/sim_single_species/Akkermansia_muciniphila/truth/Akkermansia_muciniphila__diff_k2_rep3_d10.truth.tsv
single	Akkermansia_muciniphila__diff_k2_rep4_d0.5	Akkermansia_muciniphila	figure_raw_data/sim_single_species/Akkermansia_muciniphila/reads/Akkermansia_muciniphila__diff_k2_rep4_d0.5_R1.fastq.gz	figure_raw_data/sim_single_species/Akkermansia_muciniphila/reads/Akkermansia_muciniphila__diff_k2_rep4_d0.5_R2.fastq.gz	figure_raw_data/sim_single_species/Akkermansia_muciniphila/truth/Akkermansia_muciniphila__diff_k2_rep4_d0.5.truth.tsv
single	Akkermansia_muciniphila__diff_k2_rep4_d1	Akkermansia_muciniphila	figure_raw_data/sim_single_species/Akkermansia_muciniphila/reads/Akkermansia_muciniphila__diff_k2_rep4_d1_R1.fastq.gz	figure_raw_data/sim_single_species/Akkermansia_muciniphila/reads/Akkermansia_muciniphila__diff_k2_rep4_d1_R2.fastq.gz	figure_raw_data/sim_single_species/Akkermansia_muciniphila/truth/Akkermansia_muciniphila__diff_k2_rep4_d1.truth.tsv
single	Akkermansia_muciniphila__diff_k2_rep4_d3	Akkermansia_muciniphila	figure_raw_data/sim_single_species/Akkermansia_muciniphila/reads/Akkermansia_muciniphila__diff_k2_rep4_d3_R1.fastq.gz	figure_raw_data/sim_single_species/Akkermansia_muciniphila/reads/Akkermansia_muciniphila__diff_k2_rep4_d3_R2.fastq.gz	figure_raw_data/sim_single_species/Akkermansia_muciniphila/truth/Akkermansia_muciniphila__diff_k2_rep4_d3.truth.tsv
single	Akkermansia_muciniphila__diff_k2_rep4_d5	Akkermansia_muciniphila	figure_raw_data/sim_single_species/Akkermansia_muciniphila/reads/Akkermansia_muciniphila__diff_k2_rep4_d5_R1.fastq.gz	figure_raw_data/sim_single_species/Akkermansia_muciniphila/reads/Akkermansia_muciniphila__diff_k2_rep4_d5_R2.fastq.gz	figure_raw_data/sim_single_species/Akkermansia_muciniphila/truth/Akkermansia_muciniphila__diff_k2_rep4_d5.truth.tsv
single	Akkermansia_muciniphila__diff_k2_rep4_d10	Akkermansia_muciniphila	figure_raw_data/sim_single_species/Akkermansia_muciniphila/reads/Akkermansia_muciniphila__diff_k2_rep4_d10_R1.fastq.gz	figure_raw_data/sim_single_species/Akkermansia_muciniphila/reads/Akkermansia_muciniphila__diff_k2_rep4_d10_R2.fastq.gz	figure_raw_data/sim_single_species/Akkermansia_muciniphila/truth/Akkermansia_muciniphila__diff_k2_rep4_d10.truth.tsv
single	Akkermansia_muciniphila__diff_k2_rep5_d0.5	Akkermansia_muciniphila	figure_raw_data/sim_single_species/Akkermansia_muciniphila/reads/Akkermansia_muciniphila__diff_k2_rep5_d0.5_R1.fastq.gz	figure_raw_data/sim_single_species/Akkermansia_muciniphila/reads/Akkermansia_muciniphila__diff_k2_rep5_d0.5_R2.fastq.gz	figure_raw_data/sim_single_species/Akkermansia_muciniphila/truth/Akkermansia_muciniphila__diff_k2_rep5_d0.5.truth.tsv
single	Akkermansia_muciniphila__diff_k2_rep5_d1	Akkermansia_muciniphila	figure_raw_data/sim_single_species/Akkermansia_muciniphila/reads/Akkermansia_muciniphila__diff_k2_rep5_d1_R1.fastq.gz	figure_raw_data/sim_single_species/Akkermansia_muciniphila/reads/Akkermansia_muciniphila__diff_k2_rep5_d1_R2.fastq.gz	figure_raw_data/sim_single_species/Akkermansia_muciniphila/truth/Akkermansia_muciniphila__diff_k2_rep5_d1.truth.tsv
single	Akkermansia_muciniphila__diff_k2_rep5_d3	Akkermansia_muciniphila	figure_raw_data/sim_single_species/Akkermansia_muciniphila/reads/Akkermansia_muciniphila__diff_k2_rep5_d3_R1.fastq.gz	figure_raw_data/sim_single_species/Akkermansia_muciniphila/reads/Akkermansia_muciniphila__diff_k2_rep5_d3_R2.fastq.gz	figure_raw_data/sim_single_species/Akkermansia_muciniphila/truth/Akkermansia_muciniphila__diff_k2_rep5_d3.truth.tsv
single	Akkermansia_muciniphila__diff_k2_rep5_d5	Akkermansia_muciniphila	figure_raw_data/sim_single_species/Akkermansia_muciniphila/reads/Akkermansia_muciniphila__diff_k2_rep5_d5_R1.fastq.gz	figure_raw_data/sim_single_species/Akkermansia_muciniphila/reads/Akkermansia_muciniphila__diff_k2_rep5_d5_R2.fastq.gz	figure_raw_data/sim_single_species/Akkermansia_muciniphila/truth/Akkermansia_muciniphila__diff_k2_rep5_d5.truth.tsv
single	Akkermansia_muciniphila__diff_k2_rep5_d10	Akkermansia_muciniphila	figure_raw_data/sim_single_species/Akkermansia_muciniphila/reads/Akkermansia_muciniphila__diff_k2_rep5_d10_R1.fastq.gz	figure_raw_data/sim_single_species/Akkermansia_muciniphila/reads/Akkermansia_muciniphila__diff_k2_rep5_d10_R2.fastq.gz	figure_raw_data/sim_single_species/Akkermansia_muciniphila/truth/Akkermansia_muciniphila__diff_k2_rep5_d10.truth.tsv
single	Akkermansia_muciniphila__diff_k3_rep1_d0.5	Akkermansia_muciniphila	figure_raw_data/sim_single_species/Akkermansia_muciniphila/reads/Akkermansia_muciniphila__diff_k3_rep1_d0.5_R1.fastq.gz	figure_raw_data/sim_single_species/Akkermansia_muciniphila/reads/Akkermansia_muciniphila__diff_k3_rep1_d0.5_R2.fastq.gz	figure_raw_data/sim_single_species/Akkermansia_muciniphila/truth/Akkermansia_muciniphila__diff_k3_rep1_d0.5.truth.tsv
single	Akkermansia_muciniphila__diff_k3_rep1_d1	Akkermansia_muciniphila	figure_raw_data/sim_single_species/Akkermansia_muciniphila/reads/Akkermansia_muciniphila__diff_k3_rep1_d1_R1.fastq.gz	figure_raw_data/sim_single_species/Akkermansia_muciniphila/reads/Akkermansia_muciniphila__diff_k3_rep1_d1_R2.fastq.gz	figure_raw_data/sim_single_species/Akkermansia_muciniphila/truth/Akkermansia_muciniphila__diff_k3_rep1_d1.truth.tsv
single	Akkermansia_muciniphila__diff_k3_rep1_d3	Akkermansia_muciniphila	figure_raw_data/sim_single_species/Akkermansia_muciniphila/reads/Akkermansia_muciniphila__diff_k3_rep1_d3_R1.fastq.gz	figure_raw_data/sim_single_species/Akkermansia_muciniphila/reads/Akkermansia_muciniphila__diff_k3_rep1_d3_R2.fastq.gz	figure_raw_data/sim_single_species/Akkermansia_muciniphila/truth/Akkermansia_muciniphila__diff_k3_rep1_d3.truth.tsv
single	Akkermansia_muciniphila__diff_k3_rep1_d5	Akkermansia_muciniphila	figure_raw_data/sim_single_species/Akkermansia_muciniphila/reads/Akkermansia_muciniphila__diff_k3_rep1_d5_R1.fastq.gz	figure_raw_data/sim_single_species/Akkermansia_muciniphila/reads/Akkermansia_muciniphila__diff_k3_rep1_d5_R2.fastq.gz	figure_raw_data/sim_single_species/Akkermansia_muciniphila/truth/Akkermansia_muciniphila__diff_k3_rep1_d5.truth.tsv
single	Akkermansia_muciniphila__diff_k3_rep1_d10	Akkermansia_muciniphila	figure_raw_data/sim_single_species/Akkermansia_muciniphila/reads/Akkermansia_muciniphila__diff_k3_rep1_d10_R1.fastq.gz	figure_raw_data/sim_single_species/Akkermansia_muciniphila/reads/Akkermansia_muciniphila__diff_k3_rep1_d10_R2.fastq.gz	figure_raw_data/sim_single_species/Akkermansia_muciniphila/truth/Akkermansia_muciniphila__diff_k3_rep1_d10.truth.tsv
single	Akkermansia_muciniphila__diff_k3_rep2_d0.5	Akkermansia_muciniphila	figure_raw_data/sim_single_species/Akkermansia_muciniphila/reads/Akkermansia_muciniphila__diff_k3_rep2_d0.5_R1.fastq.gz	figure_raw_data/sim_single_species/Akkermansia_muciniphila/reads/Akkermansia_muciniphila__diff_k3_rep2_d0.5_R2.fastq.gz	figure_raw_data/sim_single_species/Akkermansia_muciniphila/truth/Akkermansia_muciniphila__diff_k3_rep2_d0.5.truth.tsv
single	Akkermansia_muciniphila__diff_k3_rep2_d1	Akkermansia_muciniphila	figure_raw_data/sim_single_species/Akkermansia_muciniphila/reads/Akkermansia_muciniphila__diff_k3_rep2_d1_R1.fastq.gz	figure_raw_data/sim_single_species/Akkermansia_muciniphila/reads/Akkermansia_muciniphila__diff_k3_rep2_d1_R2.fastq.gz	figure_raw_data/sim_single_species/Akkermansia_muciniphila/truth/Akkermansia_muciniphila__diff_k3_rep2_d1.truth.tsv
single	Akkermansia_muciniphila__diff_k3_rep2_d3	Akkermansia_muciniphila	figure_raw_data/sim_single_species/Akkermansia_muciniphila/reads/Akkermansia_muciniphila__diff_k3_rep2_d3_R1.fastq.gz	figure_raw_data/sim_single_species/Akkermansia_muciniphila/reads/Akkermansia_muciniphila__diff_k3_rep2_d3_R2.fastq.gz	figure_raw_data/sim_single_species/Akkermansia_muciniphila/truth/Akkermansia_muciniphila__diff_k3_rep2_d3.truth.tsv
single	Akkermansia_muciniphila__diff_k3_rep2_d5	Akkermansia_muciniphila	figure_raw_data/sim_single_species/Akkermansia_muciniphila/reads/Akkermansia_muciniphila__diff_k3_rep2_d5_R1.fastq.gz	figure_raw_data/sim_single_species/Akkermansia_muciniphila/reads/Akkermansia_muciniphila__diff_k3_rep2_d5_R2.fastq.gz	figure_raw_data/sim_single_species/Akkermansia_muciniphila/truth/Akkermansia_muciniphila__diff_k3_rep2_d5.truth.tsv
single	Akkermansia_muciniphila__diff_k3_rep2_d10	Akkermansia_muciniphila	figure_raw_data/sim_single_species/Akkermansia_muciniphila/reads/Akkermansia_muciniphila__diff_k3_rep2_d10_R1.fastq.gz	figure_raw_data/sim_single_species/Akkermansia_muciniphila/reads/Akkermansia_muciniphila__diff_k3_rep2_d10_R2.fastq.gz	figure_raw_data/sim_single_species/Akkermansia_muciniphila/truth/Akkermansia_muciniphila__diff_k3_rep2_d10.truth.tsv
single	Akkermansia_muciniphila__diff_k3_rep3_d0.5	Akkermansia_muciniphila	figure_raw_data/sim_single_species/Akkermansia_muciniphila/reads/Akkermansia_muciniphila__diff_k3_rep3_d0.5_R1.fastq.gz	figure_raw_data/sim_single_species/Akkermansia_muciniphila/reads/Akkermansia_muciniphila__diff_k3_rep3_d0.5_R2.fastq.gz	figure_raw_data/sim_single_species/Akkermansia_muciniphila/truth/Akkermansia_muciniphila__diff_k3_rep3_d0.5.truth.tsv
single	Akkermansia_muciniphila__diff_k3_rep3_d1	Akkermansia_muciniphila	figure_raw_data/sim_single_species/Akkermansia_muciniphila/reads/Akkermansia_muciniphila__diff_k3_rep3_d1_R1.fastq.gz	figure_raw_data/sim_single_species/Akkermansia_muciniphila/reads/Akkermansia_muciniphila__diff_k3_rep3_d1_R2.fastq.gz	figure_raw_data/sim_single_species/Akkermansia_muciniphila/truth/Akkermansia_muciniphila__diff_k3_rep3_d1.truth.tsv
single	Akkermansia_muciniphila__diff_k3_rep3_d3	Akkermansia_muciniphila	figure_raw_data/sim_single_species/Akkermansia_muciniphila/reads/Akkermansia_muciniphila__diff_k3_rep3_d3_R1.fastq.gz	figure_raw_data/sim_single_species/Akkermansia_muciniphila/reads/Akkermansia_muciniphila__diff_k3_rep3_d3_R2.fastq.gz	figure_raw_data/sim_single_species/Akkermansia_muciniphila/truth/Akkermansia_muciniphila__diff_k3_rep3_d3.truth.tsv
single	Akkermansia_muciniphila__diff_k3_rep3_d5	Akkermansia_muciniphila	figure_raw_data/sim_single_species/Akkermansia_muciniphila/reads/Akkermansia_muciniphila__diff_k3_rep3_d5_R1.fastq.gz	figure_raw_data/sim_single_species/Akkermansia_muciniphila/reads/Akkermansia_muciniphila__diff_k3_rep3_d5_R2.fastq.gz	figure_raw_data/sim_single_species/Akkermansia_muciniphila/truth/Akkermansia_muciniphila__diff_k3_rep3_d5.truth.tsv
single	Akkermansia_muciniphila__diff_k3_rep3_d10	Akkermansia_muciniphila	figure_raw_data/sim_single_species/Akkermansia_muciniphila/reads/Akkermansia_muciniphila__diff_k3_rep3_d10_R1.fastq.gz	figure_raw_data/sim_single_species/Akkermansia_muciniphila/reads/Akkermansia_muciniphila__diff_k3_rep3_d10_R2.fastq.gz	figure_raw_data/sim_single_species/Akkermansia_muciniphila/truth/Akkermansia_muciniphila__diff_k3_rep3_d10.truth.tsv
single	Akkermansia_muciniphila__diff_k3_rep4_d0.5	Akkermansia_muciniphila	figure_raw_data/sim_single_species/Akkermansia_muciniphila/reads/Akkermansia_muciniphila__diff_k3_rep4_d0.5_R1.fastq.gz	figure_raw_data/sim_single_species/Akkermansia_muciniphila/reads/Akkermansia_muciniphila__diff_k3_rep4_d0.5_R2.fastq.gz	figure_raw_data/sim_single_species/Akkermansia_muciniphila/truth/Akkermansia_muciniphila__diff_k3_rep4_d0.5.truth.tsv
single	Akkermansia_muciniphila__diff_k3_rep4_d1	Akkermansia_muciniphila	figure_raw_data/sim_single_species/Akkermansia_muciniphila/reads/Akkermansia_muciniphila__diff_k3_rep4_d1_R1.fastq.gz	figure_raw_data/sim_single_species/Akkermansia_muciniphila/reads/Akkermansia_muciniphila__diff_k3_rep4_d1_R2.fastq.gz	figure_raw_data/sim_single_species/Akkermansia_muciniphila/truth/Akkermansia_muciniphila__diff_k3_rep4_d1.truth.tsv
single	Akkermansia_muciniphila__diff_k3_rep4_d3	Akkermansia_muciniphila	figure_raw_data/sim_single_species/Akkermansia_muciniphila/reads/Akkermansia_muciniphila__diff_k3_rep4_d3_R1.fastq.gz	figure_raw_data/sim_single_species/Akkermansia_muciniphila/reads/Akkermansia_muciniphila__diff_k3_rep4_d3_R2.fastq.gz	figure_raw_data/sim_single_species/Akkermansia_muciniphila/truth/Akkermansia_muciniphila__diff_k3_rep4_d3.truth.tsv
single	Akkermansia_muciniphila__diff_k3_rep4_d5	Akkermansia_muciniphila	figure_raw_data/sim_single_species/Akkermansia_muciniphila/reads/Akkermansia_muciniphila__diff_k3_rep4_d5_R1.fastq.gz	figure_raw_data/sim_single_species/Akkermansia_muciniphila/reads/Akkermansia_muciniphila__diff_k3_rep4_d5_R2.fastq.gz	figure_raw_data/sim_single_species/Akkermansia_muciniphila/truth/Akkermansia_muciniphila__diff_k3_rep4_d5.truth.tsv
single	Akkermansia_muciniphila__diff_k3_rep4_d10	Akkermansia_muciniphila	figure_raw_data/sim_single_species/Akkermansia_muciniphila/reads/Akkermansia_muciniphila__diff_k3_rep4_d10_R1.fastq.gz	figure_raw_data/sim_single_species/Akkermansia_muciniphila/reads/Akkermansia_muciniphila__diff_k3_rep4_d10_R2.fastq.gz	figure_raw_data/sim_single_species/Akkermansia_muciniphila/truth/Akkermansia_muciniphila__diff_k3_rep4_d10.truth.tsv
single	Akkermansia_muciniphila__diff_k3_rep5_d0.5	Akkermansia_muciniphila	figure_raw_data/sim_single_species/Akkermansia_muciniphila/reads/Akkermansia_muciniphila__diff_k3_rep5_d0.5_R1.fastq.gz	figure_raw_data/sim_single_species/Akkermansia_muciniphila/reads/Akkermansia_muciniphila__diff_k3_rep5_d0.5_R2.fastq.gz	figure_raw_data/sim_single_species/Akkermansia_muciniphila/truth/Akkermansia_muciniphila__diff_k3_rep5_d0.5.truth.tsv
single	Akkermansia_muciniphila__diff_k3_rep5_d1	Akkermansia_muciniphila	figure_raw_data/sim_single_species/Akkermansia_muciniphila/reads/Akkermansia_muciniphila__diff_k3_rep5_d1_R1.fastq.gz	figure_raw_data/sim_single_species/Akkermansia_muciniphila/reads/Akkermansia_muciniphila__diff_k3_rep5_d1_R2.fastq.gz	figure_raw_data/sim_single_species/Akkermansia_muciniphila/truth/Akkermansia_muciniphila__diff_k3_rep5_d1.truth.tsv
single	Akkermansia_muciniphila__diff_k3_rep5_d3	Akkermansia_muciniphila	figure_raw_data/sim_single_species/Akkermansia_muciniphila/reads/Akkermansia_muciniphila__diff_k3_rep5_d3_R1.fastq.gz	figure_raw_data/sim_single_species/Akkermansia_muciniphila/reads/Akkermansia_muciniphila__diff_k3_rep5_d3_R2.fastq.gz	figure_raw_data/sim_single_species/Akkermansia_muciniphila/truth/Akkermansia_muciniphila__diff_k3_rep5_d3.truth.tsv
single	Akkermansia_muciniphila__diff_k3_rep5_d5	Akkermansia_muciniphila	figure_raw_data/sim_single_species/Akkermansia_muciniphila/reads/Akkermansia_muciniphila__diff_k3_rep5_d5_R1.fastq.gz	figure_raw_data/sim_single_species/Akkermansia_muciniphila/reads/Akkermansia_muciniphila__diff_k3_rep5_d5_R2.fastq.gz	figure_raw_data/sim_single_species/Akkermansia_muciniphila/truth/Akkermansia_muciniphila__diff_k3_rep5_d5.truth.tsv
single	Akkermansia_muciniphila__diff_k3_rep5_d10	Akkermansia_muciniphila	figure_raw_data/sim_single_species/Akkermansia_muciniphila/reads/Akkermansia_muciniphila__diff_k3_rep5_d10_R1.fastq.gz	figure_raw_data/sim_single_species/Akkermansia_muciniphila/reads/Akkermansia_muciniphila__diff_k3_rep5_d10_R2.fastq.gz	figure_raw_data/sim_single_species/Akkermansia_muciniphila/truth/Akkermansia_muciniphila__diff_k3_rep5_d10.truth.tsv
single	Akkermansia_muciniphila__diff_k5_rep1_d0.5	Akkermansia_muciniphila	figure_raw_data/sim_single_species/Akkermansia_muciniphila/reads/Akkermansia_muciniphila__diff_k5_rep1_d0.5_R1.fastq.gz	figure_raw_data/sim_single_species/Akkermansia_muciniphila/reads/Akkermansia_muciniphila__diff_k5_rep1_d0.5_R2.fastq.gz	figure_raw_data/sim_single_species/Akkermansia_muciniphila/truth/Akkermansia_muciniphila__diff_k5_rep1_d0.5.truth.tsv
single	Akkermansia_muciniphila__diff_k5_rep1_d1	Akkermansia_muciniphila	figure_raw_data/sim_single_species/Akkermansia_muciniphila/reads/Akkermansia_muciniphila__diff_k5_rep1_d1_R1.fastq.gz	figure_raw_data/sim_single_species/Akkermansia_muciniphila/reads/Akkermansia_muciniphila__diff_k5_rep1_d1_R2.fastq.gz	figure_raw_data/sim_single_species/Akkermansia_muciniphila/truth/Akkermansia_muciniphila__diff_k5_rep1_d1.truth.tsv
single	Akkermansia_muciniphila__diff_k5_rep1_d3	Akkermansia_muciniphila	figure_raw_data/sim_single_species/Akkermansia_muciniphila/reads/Akkermansia_muciniphila__diff_k5_rep1_d3_R1.fastq.gz	figure_raw_data/sim_single_species/Akkermansia_muciniphila/reads/Akkermansia_muciniphila__diff_k5_rep1_d3_R2.fastq.gz	figure_raw_data/sim_single_species/Akkermansia_muciniphila/truth/Akkermansia_muciniphila__diff_k5_rep1_d3.truth.tsv
single	Akkermansia_muciniphila__diff_k5_rep1_d5	Akkermansia_muciniphila	figure_raw_data/sim_single_species/Akkermansia_muciniphila/reads/Akkermansia_muciniphila__diff_k5_rep1_d5_R1.fastq.gz	figure_raw_data/sim_single_species/Akkermansia_muciniphila/reads/Akkermansia_muciniphila__diff_k5_rep1_d5_R2.fastq.gz	figure_raw_data/sim_single_species/Akkermansia_muciniphila/truth/Akkermansia_muciniphila__diff_k5_rep1_d5.truth.tsv
single	Akkermansia_muciniphila__diff_k5_rep1_d10	Akkermansia_muciniphila	figure_raw_data/sim_single_species/Akkermansia_muciniphila/reads/Akkermansia_muciniphila__diff_k5_rep1_d10_R1.fastq.gz	figure_raw_data/sim_single_species/Akkermansia_muciniphila/reads/Akkermansia_muciniphila__diff_k5_rep1_d10_R2.fastq.gz	figure_raw_data/sim_single_species/Akkermansia_muciniphila/truth/Akkermansia_muciniphila__diff_k5_rep1_d10.truth.tsv
single	Akkermansia_muciniphila__diff_k5_rep2_d0.5	Akkermansia_muciniphila	figure_raw_data/sim_single_species/Akkermansia_muciniphila/reads/Akkermansia_muciniphila__diff_k5_rep2_d0.5_R1.fastq.gz	figure_raw_data/sim_single_species/Akkermansia_muciniphila/reads/Akkermansia_muciniphila__diff_k5_rep2_d0.5_R2.fastq.gz	figure_raw_data/sim_single_species/Akkermansia_muciniphila/truth/Akkermansia_muciniphila__diff_k5_rep2_d0.5.truth.tsv
single	Akkermansia_muciniphila__diff_k5_rep2_d1	Akkermansia_muciniphila	figure_raw_data/sim_single_species/Akkermansia_muciniphila/reads/Akkermansia_muciniphila__diff_k5_rep2_d1_R1.fastq.gz	figure_raw_data/sim_single_species/Akkermansia_muciniphila/reads/Akkermansia_muciniphila__diff_k5_rep2_d1_R2.fastq.gz	figure_raw_data/sim_single_species/Akkermansia_muciniphila/truth/Akkermansia_muciniphila__diff_k5_rep2_d1.truth.tsv
single	Akkermansia_muciniphila__diff_k5_rep2_d3	Akkermansia_muciniphila	figure_raw_data/sim_single_species/Akkermansia_muciniphila/reads/Akkermansia_muciniphila__diff_k5_rep2_d3_R1.fastq.gz	figure_raw_data/sim_single_species/Akkermansia_muciniphila/reads/Akkermansia_muciniphila__diff_k5_rep2_d3_R2.fastq.gz	figure_raw_data/sim_single_species/Akkermansia_muciniphila/truth/Akkermansia_muciniphila__diff_k5_rep2_d3.truth.tsv
single	Akkermansia_muciniphila__diff_k5_rep2_d5	Akkermansia_muciniphila	figure_raw_data/sim_single_species/Akkermansia_muciniphila/reads/Akkermansia_muciniphila__diff_k5_rep2_d5_R1.fastq.gz	figure_raw_data/sim_single_species/Akkermansia_muciniphila/reads/Akkermansia_muciniphila__diff_k5_rep2_d5_R2.fastq.gz	figure_raw_data/sim_single_species/Akkermansia_muciniphila/truth/Akkermansia_muciniphila__diff_k5_rep2_d5.truth.tsv
single	Akkermansia_muciniphila__diff_k5_rep2_d10	Akkermansia_muciniphila	figure_raw_data/sim_single_species/Akkermansia_muciniphila/reads/Akkermansia_muciniphila__diff_k5_rep2_d10_R1.fastq.gz	figure_raw_data/sim_single_species/Akkermansia_muciniphila/reads/Akkermansia_muciniphila__diff_k5_rep2_d10_R2.fastq.gz	figure_raw_data/sim_single_species/Akkermansia_muciniphila/truth/Akkermansia_muciniphila__diff_k5_rep2_d10.truth.tsv
single	Akkermansia_muciniphila__diff_k5_rep3_d0.5	Akkermansia_muciniphila	figure_raw_data/sim_single_species/Akkermansia_muciniphila/reads/Akkermansia_muciniphila__diff_k5_rep3_d0.5_R1.fastq.gz	figure_raw_data/sim_single_species/Akkermansia_muciniphila/reads/Akkermansia_muciniphila__diff_k5_rep3_d0.5_R2.fastq.gz	figure_raw_data/sim_single_species/Akkermansia_muciniphila/truth/Akkermansia_muciniphila__diff_k5_rep3_d0.5.truth.tsv
single	Akkermansia_muciniphila__diff_k5_rep3_d1	Akkermansia_muciniphila	figure_raw_data/sim_single_species/Akkermansia_muciniphila/reads/Akkermansia_muciniphila__diff_k5_rep3_d1_R1.fastq.gz	figure_raw_data/sim_single_species/Akkermansia_muciniphila/reads/Akkermansia_muciniphila__diff_k5_rep3_d1_R2.fastq.gz	figure_raw_data/sim_single_species/Akkermansia_muciniphila/truth/Akkermansia_muciniphila__diff_k5_rep3_d1.truth.tsv
single	Akkermansia_muciniphila__diff_k5_rep3_d3	Akkermansia_muciniphila	figure_raw_data/sim_single_species/Akkermansia_muciniphila/reads/Akkermansia_muciniphila__diff_k5_rep3_d3_R1.fastq.gz	figure_raw_data/sim_single_species/Akkermansia_muciniphila/reads/Akkermansia_muciniphila__diff_k5_rep3_d3_R2.fastq.gz	figure_raw_data/sim_single_species/Akkermansia_muciniphila/truth/Akkermansia_muciniphila__diff_k5_rep3_d3.truth.tsv
single	Akkermansia_muciniphila__diff_k5_rep3_d5	Akkermansia_muciniphila	figure_raw_data/sim_single_species/Akkermansia_muciniphila/reads/Akkermansia_muciniphila__diff_k5_rep3_d5_R1.fastq.gz	figure_raw_data/sim_single_species/Akkermansia_muciniphila/reads/Akkermansia_muciniphila__diff_k5_rep3_d5_R2.fastq.gz	figure_raw_data/sim_single_species/Akkermansia_muciniphila/truth/Akkermansia_muciniphila__diff_k5_rep3_d5.truth.tsv
single	Akkermansia_muciniphila__diff_k5_rep3_d10	Akkermansia_muciniphila	figure_raw_data/sim_single_species/Akkermansia_muciniphila/reads/Akkermansia_muciniphila__diff_k5_rep3_d10_R1.fastq.gz	figure_raw_data/sim_single_species/Akkermansia_muciniphila/reads/Akkermansia_muciniphila__diff_k5_rep3_d10_R2.fastq.gz	figure_raw_data/sim_single_species/Akkermansia_muciniphila/truth/Akkermansia_muciniphila__diff_k5_rep3_d10.truth.tsv
single	Akkermansia_muciniphila__diff_k5_rep4_d0.5	Akkermansia_muciniphila	figure_raw_data/sim_single_species/Akkermansia_muciniphila/reads/Akkermansia_muciniphila__diff_k5_rep4_d0.5_R1.fastq.gz	figure_raw_data/sim_single_species/Akkermansia_muciniphila/reads/Akkermansia_muciniphila__diff_k5_rep4_d0.5_R2.fastq.gz	figure_raw_data/sim_single_species/Akkermansia_muciniphila/truth/Akkermansia_muciniphila__diff_k5_rep4_d0.5.truth.tsv
single	Akkermansia_muciniphila__diff_k5_rep4_d1	Akkermansia_muciniphila	figure_raw_data/sim_single_species/Akkermansia_muciniphila/reads/Akkermansia_muciniphila__diff_k5_rep4_d1_R1.fastq.gz	figure_raw_data/sim_single_species/Akkermansia_muciniphila/reads/Akkermansia_muciniphila__diff_k5_rep4_d1_R2.fastq.gz	figure_raw_data/sim_single_species/Akkermansia_muciniphila/truth/Akkermansia_muciniphila__diff_k5_rep4_d1.truth.tsv
single	Akkermansia_muciniphila__diff_k5_rep4_d3	Akkermansia_muciniphila	figure_raw_data/sim_single_species/Akkermansia_muciniphila/reads/Akkermansia_muciniphila__diff_k5_rep4_d3_R1.fastq.gz	figure_raw_data/sim_single_species/Akkermansia_muciniphila/reads/Akkermansia_muciniphila__diff_k5_rep4_d3_R2.fastq.gz	figure_raw_data/sim_single_species/Akkermansia_muciniphila/truth/Akkermansia_muciniphila__diff_k5_rep4_d3.truth.tsv
single	Akkermansia_muciniphila__diff_k5_rep4_d5	Akkermansia_muciniphila	figure_raw_data/sim_single_species/Akkermansia_muciniphila/reads/Akkermansia_muciniphila__diff_k5_rep4_d5_R1.fastq.gz	figure_raw_data/sim_single_species/Akkermansia_muciniphila/reads/Akkermansia_muciniphila__diff_k5_rep4_d5_R2.fastq.gz	figure_raw_data/sim_single_species/Akkermansia_muciniphila/truth/Akkermansia_muciniphila__diff_k5_rep4_d5.truth.tsv
single	Akkermansia_muciniphila__diff_k5_rep4_d10	Akkermansia_muciniphila	figure_raw_data/sim_single_species/Akkermansia_muciniphila/reads/Akkermansia_muciniphila__diff_k5_rep4_d10_R1.fastq.gz	figure_raw_data/sim_single_species/Akkermansia_muciniphila/reads/Akkermansia_muciniphila__diff_k5_rep4_d10_R2.fastq.gz	figure_raw_data/sim_single_species/Akkermansia_muciniphila/truth/Akkermansia_muciniphila__diff_k5_rep4_d10.truth.tsv
single	Akkermansia_muciniphila__diff_k5_rep5_d0.5	Akkermansia_muciniphila	figure_raw_data/sim_single_species/Akkermansia_muciniphila/reads/Akkermansia_muciniphila__diff_k5_rep5_d0.5_R1.fastq.gz	figure_raw_data/sim_single_species/Akkermansia_muciniphila/reads/Akkermansia_muciniphila__diff_k5_rep5_d0.5_R2.fastq.gz	figure_raw_data/sim_single_species/Akkermansia_muciniphila/truth/Akkermansia_muciniphila__diff_k5_rep5_d0.5.truth.tsv
single	Akkermansia_muciniphila__diff_k5_rep5_d1	Akkermansia_muciniphila	figure_raw_data/sim_single_species/Akkermansia_muciniphila/reads/Akkermansia_muciniphila__diff_k5_rep5_d1_R1.fastq.gz	figure_raw_data/sim_single_species/Akkermansia_muciniphila/reads/Akkermansia_muciniphila__diff_k5_rep5_d1_R2.fastq.gz	figure_raw_data/sim_single_species/Akkermansia_muciniphila/truth/Akkermansia_muciniphila__diff_k5_rep5_d1.truth.tsv
single	Akkermansia_muciniphila__diff_k5_rep5_d3	Akkermansia_muciniphila	figure_raw_data/sim_single_species/Akkermansia_muciniphila/reads/Akkermansia_muciniphila__diff_k5_rep5_d3_R1.fastq.gz	figure_raw_data/sim_single_species/Akkermansia_muciniphila/reads/Akkermansia_muciniphila__diff_k5_rep5_d3_R2.fastq.gz	figure_raw_data/sim_single_species/Akkermansia_muciniphila/truth/Akkermansia_muciniphila__diff_k5_rep5_d3.truth.tsv
single	Akkermansia_muciniphila__diff_k5_rep5_d5	Akkermansia_muciniphila	figure_raw_data/sim_single_species/Akkermansia_muciniphila/reads/Akkermansia_muciniphila__diff_k5_rep5_d5_R1.fastq.gz	figure_raw_data/sim_single_species/Akkermansia_muciniphila/reads/Akkermansia_muciniphila__diff_k5_rep5_d5_R2.fastq.gz	figure_raw_data/sim_single_species/Akkermansia_muciniphila/truth/Akkermansia_muciniphila__diff_k5_rep5_d5.truth.tsv
single	Akkermansia_muciniphila__diff_k5_rep5_d10	Akkermansia_muciniphila	figure_raw_data/sim_single_species/Akkermansia_muciniphila/reads/Akkermansia_muciniphila__diff_k5_rep5_d10_R1.fastq.gz	figure_raw_data/sim_single_species/Akkermansia_muciniphila/reads/Akkermansia_muciniphila__diff_k5_rep5_d10_R2.fastq.gz	figure_raw_data/sim_single_species/Akkermansia_muciniphila/truth/Akkermansia_muciniphila__diff_k5_rep5_d10.truth.tsv
single	Clostridioides_difficile__diff_k2_rep1_d0.5	Clostridioides_difficile	figure_raw_data/sim_single_species/Clostridioides_difficile/reads/Clostridioides_difficile__diff_k2_rep1_d0.5_R1.fastq.gz	figure_raw_data/sim_single_species/Clostridioides_difficile/reads/Clostridioides_difficile__diff_k2_rep1_d0.5_R2.fastq.gz	figure_raw_data/sim_single_species/Clostridioides_difficile/truth/Clostridioides_difficile__diff_k2_rep1_d0.5.truth.tsv
single	Clostridioides_difficile__diff_k2_rep1_d1	Clostridioides_difficile	figure_raw_data/sim_single_species/Clostridioides_difficile/reads/Clostridioides_difficile__diff_k2_rep1_d1_R1.fastq.gz	figure_raw_data/sim_single_species/Clostridioides_difficile/reads/Clostridioides_difficile__diff_k2_rep1_d1_R2.fastq.gz	figure_raw_data/sim_single_species/Clostridioides_difficile/truth/Clostridioides_difficile__diff_k2_rep1_d1.truth.tsv
single	Clostridioides_difficile__diff_k2_rep1_d3	Clostridioides_difficile	figure_raw_data/sim_single_species/Clostridioides_difficile/reads/Clostridioides_difficile__diff_k2_rep1_d3_R1.fastq.gz	figure_raw_data/sim_single_species/Clostridioides_difficile/reads/Clostridioides_difficile__diff_k2_rep1_d3_R2.fastq.gz	figure_raw_data/sim_single_species/Clostridioides_difficile/truth/Clostridioides_difficile__diff_k2_rep1_d3.truth.tsv
single	Clostridioides_difficile__diff_k2_rep1_d5	Clostridioides_difficile	figure_raw_data/sim_single_species/Clostridioides_difficile/reads/Clostridioides_difficile__diff_k2_rep1_d5_R1.fastq.gz	figure_raw_data/sim_single_species/Clostridioides_difficile/reads/Clostridioides_difficile__diff_k2_rep1_d5_R2.fastq.gz	figure_raw_data/sim_single_species/Clostridioides_difficile/truth/Clostridioides_difficile__diff_k2_rep1_d5.truth.tsv
single	Clostridioides_difficile__diff_k2_rep1_d10	Clostridioides_difficile	figure_raw_data/sim_single_species/Clostridioides_difficile/reads/Clostridioides_difficile__diff_k2_rep1_d10_R1.fastq.gz	figure_raw_data/sim_single_species/Clostridioides_difficile/reads/Clostridioides_difficile__diff_k2_rep1_d10_R2.fastq.gz	figure_raw_data/sim_single_species/Clostridioides_difficile/truth/Clostridioides_difficile__diff_k2_rep1_d10.truth.tsv
single	Clostridioides_difficile__diff_k2_rep2_d0.5	Clostridioides_difficile	figure_raw_data/sim_single_species/Clostridioides_difficile/reads/Clostridioides_difficile__diff_k2_rep2_d0.5_R1.fastq.gz	figure_raw_data/sim_single_species/Clostridioides_difficile/reads/Clostridioides_difficile__diff_k2_rep2_d0.5_R2.fastq.gz	figure_raw_data/sim_single_species/Clostridioides_difficile/truth/Clostridioides_difficile__diff_k2_rep2_d0.5.truth.tsv
single	Clostridioides_difficile__diff_k2_rep2_d1	Clostridioides_difficile	figure_raw_data/sim_single_species/Clostridioides_difficile/reads/Clostridioides_difficile__diff_k2_rep2_d1_R1.fastq.gz	figure_raw_data/sim_single_species/Clostridioides_difficile/reads/Clostridioides_difficile__diff_k2_rep2_d1_R2.fastq.gz	figure_raw_data/sim_single_species/Clostridioides_difficile/truth/Clostridioides_difficile__diff_k2_rep2_d1.truth.tsv
single	Clostridioides_difficile__diff_k2_rep2_d3	Clostridioides_difficile	figure_raw_data/sim_single_species/Clostridioides_difficile/reads/Clostridioides_difficile__diff_k2_rep2_d3_R1.fastq.gz	figure_raw_data/sim_single_species/Clostridioides_difficile/reads/Clostridioides_difficile__diff_k2_rep2_d3_R2.fastq.gz	figure_raw_data/sim_single_species/Clostridioides_difficile/truth/Clostridioides_difficile__diff_k2_rep2_d3.truth.tsv
single	Clostridioides_difficile__diff_k2_rep2_d5	Clostridioides_difficile	figure_raw_data/sim_single_species/Clostridioides_difficile/reads/Clostridioides_difficile__diff_k2_rep2_d5_R1.fastq.gz	figure_raw_data/sim_single_species/Clostridioides_difficile/reads/Clostridioides_difficile__diff_k2_rep2_d5_R2.fastq.gz	figure_raw_data/sim_single_species/Clostridioides_difficile/truth/Clostridioides_difficile__diff_k2_rep2_d5.truth.tsv
single	Clostridioides_difficile__diff_k2_rep2_d10	Clostridioides_difficile	figure_raw_data/sim_single_species/Clostridioides_difficile/reads/Clostridioides_difficile__diff_k2_rep2_d10_R1.fastq.gz	figure_raw_data/sim_single_species/Clostridioides_difficile/reads/Clostridioides_difficile__diff_k2_rep2_d10_R2.fastq.gz	figure_raw_data/sim_single_species/Clostridioides_difficile/truth/Clostridioides_difficile__diff_k2_rep2_d10.truth.tsv
single	Clostridioides_difficile__diff_k2_rep3_d0.5	Clostridioides_difficile	figure_raw_data/sim_single_species/Clostridioides_difficile/reads/Clostridioides_difficile__diff_k2_rep3_d0.5_R1.fastq.gz	figure_raw_data/sim_single_species/Clostridioides_difficile/reads/Clostridioides_difficile__diff_k2_rep3_d0.5_R2.fastq.gz	figure_raw_data/sim_single_species/Clostridioides_difficile/truth/Clostridioides_difficile__diff_k2_rep3_d0.5.truth.tsv
single	Clostridioides_difficile__diff_k2_rep3_d1	Clostridioides_difficile	figure_raw_data/sim_single_species/Clostridioides_difficile/reads/Clostridioides_difficile__diff_k2_rep3_d1_R1.fastq.gz	figure_raw_data/sim_single_species/Clostridioides_difficile/reads/Clostridioides_difficile__diff_k2_rep3_d1_R2.fastq.gz	figure_raw_data/sim_single_species/Clostridioides_difficile/truth/Clostridioides_difficile__diff_k2_rep3_d1.truth.tsv
single	Clostridioides_difficile__diff_k2_rep3_d3	Clostridioides_difficile	figure_raw_data/sim_single_species/Clostridioides_difficile/reads/Clostridioides_difficile__diff_k2_rep3_d3_R1.fastq.gz	figure_raw_data/sim_single_species/Clostridioides_difficile/reads/Clostridioides_difficile__diff_k2_rep3_d3_R2.fastq.gz	figure_raw_data/sim_single_species/Clostridioides_difficile/truth/Clostridioides_difficile__diff_k2_rep3_d3.truth.tsv
single	Clostridioides_difficile__diff_k2_rep3_d5	Clostridioides_difficile	figure_raw_data/sim_single_species/Clostridioides_difficile/reads/Clostridioides_difficile__diff_k2_rep3_d5_R1.fastq.gz	figure_raw_data/sim_single_species/Clostridioides_difficile/reads/Clostridioides_difficile__diff_k2_rep3_d5_R2.fastq.gz	figure_raw_data/sim_single_species/Clostridioides_difficile/truth/Clostridioides_difficile__diff_k2_rep3_d5.truth.tsv
single	Clostridioides_difficile__diff_k2_rep3_d10	Clostridioides_difficile	figure_raw_data/sim_single_species/Clostridioides_difficile/reads/Clostridioides_difficile__diff_k2_rep3_d10_R1.fastq.gz	figure_raw_data/sim_single_species/Clostridioides_difficile/reads/Clostridioides_difficile__diff_k2_rep3_d10_R2.fastq.gz	figure_raw_data/sim_single_species/Clostridioides_difficile/truth/Clostridioides_difficile__diff_k2_rep3_d10.truth.tsv
single	Clostridioides_difficile__diff_k2_rep4_d0.5	Clostridioides_difficile	figure_raw_data/sim_single_species/Clostridioides_difficile/reads/Clostridioides_difficile__diff_k2_rep4_d0.5_R1.fastq.gz	figure_raw_data/sim_single_species/Clostridioides_difficile/reads/Clostridioides_difficile__diff_k2_rep4_d0.5_R2.fastq.gz	figure_raw_data/sim_single_species/Clostridioides_difficile/truth/Clostridioides_difficile__diff_k2_rep4_d0.5.truth.tsv
single	Clostridioides_difficile__diff_k2_rep4_d1	Clostridioides_difficile	figure_raw_data/sim_single_species/Clostridioides_difficile/reads/Clostridioides_difficile__diff_k2_rep4_d1_R1.fastq.gz	figure_raw_data/sim_single_species/Clostridioides_difficile/reads/Clostridioides_difficile__diff_k2_rep4_d1_R2.fastq.gz	figure_raw_data/sim_single_species/Clostridioides_difficile/truth/Clostridioides_difficile__diff_k2_rep4_d1.truth.tsv
single	Clostridioides_difficile__diff_k2_rep4_d3	Clostridioides_difficile	figure_raw_data/sim_single_species/Clostridioides_difficile/reads/Clostridioides_difficile__diff_k2_rep4_d3_R1.fastq.gz	figure_raw_data/sim_single_species/Clostridioides_difficile/reads/Clostridioides_difficile__diff_k2_rep4_d3_R2.fastq.gz	figure_raw_data/sim_single_species/Clostridioides_difficile/truth/Clostridioides_difficile__diff_k2_rep4_d3.truth.tsv
single	Clostridioides_difficile__diff_k2_rep4_d5	Clostridioides_difficile	figure_raw_data/sim_single_species/Clostridioides_difficile/reads/Clostridioides_difficile__diff_k2_rep4_d5_R1.fastq.gz	figure_raw_data/sim_single_species/Clostridioides_difficile/reads/Clostridioides_difficile__diff_k2_rep4_d5_R2.fastq.gz	figure_raw_data/sim_single_species/Clostridioides_difficile/truth/Clostridioides_difficile__diff_k2_rep4_d5.truth.tsv
single	Clostridioides_difficile__diff_k2_rep4_d10	Clostridioides_difficile	figure_raw_data/sim_single_species/Clostridioides_difficile/reads/Clostridioides_difficile__diff_k2_rep4_d10_R1.fastq.gz	figure_raw_data/sim_single_species/Clostridioides_difficile/reads/Clostridioides_difficile__diff_k2_rep4_d10_R2.fastq.gz	figure_raw_data/sim_single_species/Clostridioides_difficile/truth/Clostridioides_difficile__diff_k2_rep4_d10.truth.tsv
single	Clostridioides_difficile__diff_k2_rep5_d0.5	Clostridioides_difficile	figure_raw_data/sim_single_species/Clostridioides_difficile/reads/Clostridioides_difficile__diff_k2_rep5_d0.5_R1.fastq.gz	figure_raw_data/sim_single_species/Clostridioides_difficile/reads/Clostridioides_difficile__diff_k2_rep5_d0.5_R2.fastq.gz	figure_raw_data/sim_single_species/Clostridioides_difficile/truth/Clostridioides_difficile__diff_k2_rep5_d0.5.truth.tsv
single	Clostridioides_difficile__diff_k2_rep5_d1	Clostridioides_difficile	figure_raw_data/sim_single_species/Clostridioides_difficile/reads/Clostridioides_difficile__diff_k2_rep5_d1_R1.fastq.gz	figure_raw_data/sim_single_species/Clostridioides_difficile/reads/Clostridioides_difficile__diff_k2_rep5_d1_R2.fastq.gz	figure_raw_data/sim_single_species/Clostridioides_difficile/truth/Clostridioides_difficile__diff_k2_rep5_d1.truth.tsv
single	Clostridioides_difficile__diff_k2_rep5_d3	Clostridioides_difficile	figure_raw_data/sim_single_species/Clostridioides_difficile/reads/Clostridioides_difficile__diff_k2_rep5_d3_R1.fastq.gz	figure_raw_data/sim_single_species/Clostridioides_difficile/reads/Clostridioides_difficile__diff_k2_rep5_d3_R2.fastq.gz	figure_raw_data/sim_single_species/Clostridioides_difficile/truth/Clostridioides_difficile__diff_k2_rep5_d3.truth.tsv
single	Clostridioides_difficile__diff_k2_rep5_d5	Clostridioides_difficile	figure_raw_data/sim_single_species/Clostridioides_difficile/reads/Clostridioides_difficile__diff_k2_rep5_d5_R1.fastq.gz	figure_raw_data/sim_single_species/Clostridioides_difficile/reads/Clostridioides_difficile__diff_k2_rep5_d5_R2.fastq.gz	figure_raw_data/sim_single_species/Clostridioides_difficile/truth/Clostridioides_difficile__diff_k2_rep5_d5.truth.tsv
single	Clostridioides_difficile__diff_k2_rep5_d10	Clostridioides_difficile	figure_raw_data/sim_single_species/Clostridioides_difficile/reads/Clostridioides_difficile__diff_k2_rep5_d10_R1.fastq.gz	figure_raw_data/sim_single_species/Clostridioides_difficile/reads/Clostridioides_difficile__diff_k2_rep5_d10_R2.fastq.gz	figure_raw_data/sim_single_species/Clostridioides_difficile/truth/Clostridioides_difficile__diff_k2_rep5_d10.truth.tsv
single	Clostridioides_difficile__diff_k3_rep1_d0.5	Clostridioides_difficile	figure_raw_data/sim_single_species/Clostridioides_difficile/reads/Clostridioides_difficile__diff_k3_rep1_d0.5_R1.fastq.gz	figure_raw_data/sim_single_species/Clostridioides_difficile/reads/Clostridioides_difficile__diff_k3_rep1_d0.5_R2.fastq.gz	figure_raw_data/sim_single_species/Clostridioides_difficile/truth/Clostridioides_difficile__diff_k3_rep1_d0.5.truth.tsv
single	Clostridioides_difficile__diff_k3_rep1_d1	Clostridioides_difficile	figure_raw_data/sim_single_species/Clostridioides_difficile/reads/Clostridioides_difficile__diff_k3_rep1_d1_R1.fastq.gz	figure_raw_data/sim_single_species/Clostridioides_difficile/reads/Clostridioides_difficile__diff_k3_rep1_d1_R2.fastq.gz	figure_raw_data/sim_single_species/Clostridioides_difficile/truth/Clostridioides_difficile__diff_k3_rep1_d1.truth.tsv
single	Clostridioides_difficile__diff_k3_rep1_d3	Clostridioides_difficile	figure_raw_data/sim_single_species/Clostridioides_difficile/reads/Clostridioides_difficile__diff_k3_rep1_d3_R1.fastq.gz	figure_raw_data/sim_single_species/Clostridioides_difficile/reads/Clostridioides_difficile__diff_k3_rep1_d3_R2.fastq.gz	figure_raw_data/sim_single_species/Clostridioides_difficile/truth/Clostridioides_difficile__diff_k3_rep1_d3.truth.tsv
single	Clostridioides_difficile__diff_k3_rep1_d5	Clostridioides_difficile	figure_raw_data/sim_single_species/Clostridioides_difficile/reads/Clostridioides_difficile__diff_k3_rep1_d5_R1.fastq.gz	figure_raw_data/sim_single_species/Clostridioides_difficile/reads/Clostridioides_difficile__diff_k3_rep1_d5_R2.fastq.gz	figure_raw_data/sim_single_species/Clostridioides_difficile/truth/Clostridioides_difficile__diff_k3_rep1_d5.truth.tsv
single	Clostridioides_difficile__diff_k3_rep1_d10	Clostridioides_difficile	figure_raw_data/sim_single_species/Clostridioides_difficile/reads/Clostridioides_difficile__diff_k3_rep1_d10_R1.fastq.gz	figure_raw_data/sim_single_species/Clostridioides_difficile/reads/Clostridioides_difficile__diff_k3_rep1_d10_R2.fastq.gz	figure_raw_data/sim_single_species/Clostridioides_difficile/truth/Clostridioides_difficile__diff_k3_rep1_d10.truth.tsv
single	Clostridioides_difficile__diff_k3_rep2_d0.5	Clostridioides_difficile	figure_raw_data/sim_single_species/Clostridioides_difficile/reads/Clostridioides_difficile__diff_k3_rep2_d0.5_R1.fastq.gz	figure_raw_data/sim_single_species/Clostridioides_difficile/reads/Clostridioides_difficile__diff_k3_rep2_d0.5_R2.fastq.gz	figure_raw_data/sim_single_species/Clostridioides_difficile/truth/Clostridioides_difficile__diff_k3_rep2_d0.5.truth.tsv
single	Clostridioides_difficile__diff_k3_rep2_d1	Clostridioides_difficile	figure_raw_data/sim_single_species/Clostridioides_difficile/reads/Clostridioides_difficile__diff_k3_rep2_d1_R1.fastq.gz	figure_raw_data/sim_single_species/Clostridioides_difficile/reads/Clostridioides_difficile__diff_k3_rep2_d1_R2.fastq.gz	figure_raw_data/sim_single_species/Clostridioides_difficile/truth/Clostridioides_difficile__diff_k3_rep2_d1.truth.tsv
single	Clostridioides_difficile__diff_k3_rep2_d3	Clostridioides_difficile	figure_raw_data/sim_single_species/Clostridioides_difficile/reads/Clostridioides_difficile__diff_k3_rep2_d3_R1.fastq.gz	figure_raw_data/sim_single_species/Clostridioides_difficile/reads/Clostridioides_difficile__diff_k3_rep2_d3_R2.fastq.gz	figure_raw_data/sim_single_species/Clostridioides_difficile/truth/Clostridioides_difficile__diff_k3_rep2_d3.truth.tsv
single	Clostridioides_difficile__diff_k3_rep2_d5	Clostridioides_difficile	figure_raw_data/sim_single_species/Clostridioides_difficile/reads/Clostridioides_difficile__diff_k3_rep2_d5_R1.fastq.gz	figure_raw_data/sim_single_species/Clostridioides_difficile/reads/Clostridioides_difficile__diff_k3_rep2_d5_R2.fastq.gz	figure_raw_data/sim_single_species/Clostridioides_difficile/truth/Clostridioides_difficile__diff_k3_rep2_d5.truth.tsv
single	Clostridioides_difficile__diff_k3_rep2_d10	Clostridioides_difficile	figure_raw_data/sim_single_species/Clostridioides_difficile/reads/Clostridioides_difficile__diff_k3_rep2_d10_R1.fastq.gz	figure_raw_data/sim_single_species/Clostridioides_difficile/reads/Clostridioides_difficile__diff_k3_rep2_d10_R2.fastq.gz	figure_raw_data/sim_single_species/Clostridioides_difficile/truth/Clostridioides_difficile__diff_k3_rep2_d10.truth.tsv
single	Clostridioides_difficile__diff_k3_rep3_d0.5	Clostridioides_difficile	figure_raw_data/sim_single_species/Clostridioides_difficile/reads/Clostridioides_difficile__diff_k3_rep3_d0.5_R1.fastq.gz	figure_raw_data/sim_single_species/Clostridioides_difficile/reads/Clostridioides_difficile__diff_k3_rep3_d0.5_R2.fastq.gz	figure_raw_data/sim_single_species/Clostridioides_difficile/truth/Clostridioides_difficile__diff_k3_rep3_d0.5.truth.tsv
single	Clostridioides_difficile__diff_k3_rep3_d1	Clostridioides_difficile	figure_raw_data/sim_single_species/Clostridioides_difficile/reads/Clostridioides_difficile__diff_k3_rep3_d1_R1.fastq.gz	figure_raw_data/sim_single_species/Clostridioides_difficile/reads/Clostridioides_difficile__diff_k3_rep3_d1_R2.fastq.gz	figure_raw_data/sim_single_species/Clostridioides_difficile/truth/Clostridioides_difficile__diff_k3_rep3_d1.truth.tsv
single	Clostridioides_difficile__diff_k3_rep3_d3	Clostridioides_difficile	figure_raw_data/sim_single_species/Clostridioides_difficile/reads/Clostridioides_difficile__diff_k3_rep3_d3_R1.fastq.gz	figure_raw_data/sim_single_species/Clostridioides_difficile/reads/Clostridioides_difficile__diff_k3_rep3_d3_R2.fastq.gz	figure_raw_data/sim_single_species/Clostridioides_difficile/truth/Clostridioides_difficile__diff_k3_rep3_d3.truth.tsv
single	Clostridioides_difficile__diff_k3_rep3_d5	Clostridioides_difficile	figure_raw_data/sim_single_species/Clostridioides_difficile/reads/Clostridioides_difficile__diff_k3_rep3_d5_R1.fastq.gz	figure_raw_data/sim_single_species/Clostridioides_difficile/reads/Clostridioides_difficile__diff_k3_rep3_d5_R2.fastq.gz	figure_raw_data/sim_single_species/Clostridioides_difficile/truth/Clostridioides_difficile__diff_k3_rep3_d5.truth.tsv
single	Clostridioides_difficile__diff_k3_rep3_d10	Clostridioides_difficile	figure_raw_data/sim_single_species/Clostridioides_difficile/reads/Clostridioides_difficile__diff_k3_rep3_d10_R1.fastq.gz	figure_raw_data/sim_single_species/Clostridioides_difficile/reads/Clostridioides_difficile__diff_k3_rep3_d10_R2.fastq.gz	figure_raw_data/sim_single_species/Clostridioides_difficile/truth/Clostridioides_difficile__diff_k3_rep3_d10.truth.tsv
single	Clostridioides_difficile__diff_k3_rep4_d0.5	Clostridioides_difficile	figure_raw_data/sim_single_species/Clostridioides_difficile/reads/Clostridioides_difficile__diff_k3_rep4_d0.5_R1.fastq.gz	figure_raw_data/sim_single_species/Clostridioides_difficile/reads/Clostridioides_difficile__diff_k3_rep4_d0.5_R2.fastq.gz	figure_raw_data/sim_single_species/Clostridioides_difficile/truth/Clostridioides_difficile__diff_k3_rep4_d0.5.truth.tsv
single	Clostridioides_difficile__diff_k3_rep4_d1	Clostridioides_difficile	figure_raw_data/sim_single_species/Clostridioides_difficile/reads/Clostridioides_difficile__diff_k3_rep4_d1_R1.fastq.gz	figure_raw_data/sim_single_species/Clostridioides_difficile/reads/Clostridioides_difficile__diff_k3_rep4_d1_R2.fastq.gz	figure_raw_data/sim_single_species/Clostridioides_difficile/truth/Clostridioides_difficile__diff_k3_rep4_d1.truth.tsv
single	Clostridioides_difficile__diff_k3_rep4_d3	Clostridioides_difficile	figure_raw_data/sim_single_species/Clostridioides_difficile/reads/Clostridioides_difficile__diff_k3_rep4_d3_R1.fastq.gz	figure_raw_data/sim_single_species/Clostridioides_difficile/reads/Clostridioides_difficile__diff_k3_rep4_d3_R2.fastq.gz	figure_raw_data/sim_single_species/Clostridioides_difficile/truth/Clostridioides_difficile__diff_k3_rep4_d3.truth.tsv
single	Clostridioides_difficile__diff_k3_rep4_d5	Clostridioides_difficile	figure_raw_data/sim_single_species/Clostridioides_difficile/reads/Clostridioides_difficile__diff_k3_rep4_d5_R1.fastq.gz	figure_raw_data/sim_single_species/Clostridioides_difficile/reads/Clostridioides_difficile__diff_k3_rep4_d5_R2.fastq.gz	figure_raw_data/sim_single_species/Clostridioides_difficile/truth/Clostridioides_difficile__diff_k3_rep4_d5.truth.tsv
single	Clostridioides_difficile__diff_k3_rep4_d10	Clostridioides_difficile	figure_raw_data/sim_single_species/Clostridioides_difficile/reads/Clostridioides_difficile__diff_k3_rep4_d10_R1.fastq.gz	figure_raw_data/sim_single_species/Clostridioides_difficile/reads/Clostridioides_difficile__diff_k3_rep4_d10_R2.fastq.gz	figure_raw_data/sim_single_species/Clostridioides_difficile/truth/Clostridioides_difficile__diff_k3_rep4_d10.truth.tsv
single	Clostridioides_difficile__diff_k3_rep5_d0.5	Clostridioides_difficile	figure_raw_data/sim_single_species/Clostridioides_difficile/reads/Clostridioides_difficile__diff_k3_rep5_d0.5_R1.fastq.gz	figure_raw_data/sim_single_species/Clostridioides_difficile/reads/Clostridioides_difficile__diff_k3_rep5_d0.5_R2.fastq.gz	figure_raw_data/sim_single_species/Clostridioides_difficile/truth/Clostridioides_difficile__diff_k3_rep5_d0.5.truth.tsv
single	Clostridioides_difficile__diff_k3_rep5_d1	Clostridioides_difficile	figure_raw_data/sim_single_species/Clostridioides_difficile/reads/Clostridioides_difficile__diff_k3_rep5_d1_R1.fastq.gz	figure_raw_data/sim_single_species/Clostridioides_difficile/reads/Clostridioides_difficile__diff_k3_rep5_d1_R2.fastq.gz	figure_raw_data/sim_single_species/Clostridioides_difficile/truth/Clostridioides_difficile__diff_k3_rep5_d1.truth.tsv
single	Clostridioides_difficile__diff_k3_rep5_d3	Clostridioides_difficile	figure_raw_data/sim_single_species/Clostridioides_difficile/reads/Clostridioides_difficile__diff_k3_rep5_d3_R1.fastq.gz	figure_raw_data/sim_single_species/Clostridioides_difficile/reads/Clostridioides_difficile__diff_k3_rep5_d3_R2.fastq.gz	figure_raw_data/sim_single_species/Clostridioides_difficile/truth/Clostridioides_difficile__diff_k3_rep5_d3.truth.tsv
single	Clostridioides_difficile__diff_k3_rep5_d5	Clostridioides_difficile	figure_raw_data/sim_single_species/Clostridioides_difficile/reads/Clostridioides_difficile__diff_k3_rep5_d5_R1.fastq.gz	figure_raw_data/sim_single_species/Clostridioides_difficile/reads/Clostridioides_difficile__diff_k3_rep5_d5_R2.fastq.gz	figure_raw_data/sim_single_species/Clostridioides_difficile/truth/Clostridioides_difficile__diff_k3_rep5_d5.truth.tsv
single	Clostridioides_difficile__diff_k3_rep5_d10	Clostridioides_difficile	figure_raw_data/sim_single_species/Clostridioides_difficile/reads/Clostridioides_difficile__diff_k3_rep5_d10_R1.fastq.gz	figure_raw_data/sim_single_species/Clostridioides_difficile/reads/Clostridioides_difficile__diff_k3_rep5_d10_R2.fastq.gz	figure_raw_data/sim_single_species/Clostridioides_difficile/truth/Clostridioides_difficile__diff_k3_rep5_d10.truth.tsv
single	Clostridioides_difficile__diff_k5_rep1_d0.5	Clostridioides_difficile	figure_raw_data/sim_single_species/Clostridioides_difficile/reads/Clostridioides_difficile__diff_k5_rep1_d0.5_R1.fastq.gz	figure_raw_data/sim_single_species/Clostridioides_difficile/reads/Clostridioides_difficile__diff_k5_rep1_d0.5_R2.fastq.gz	figure_raw_data/sim_single_species/Clostridioides_difficile/truth/Clostridioides_difficile__diff_k5_rep1_d0.5.truth.tsv
single	Clostridioides_difficile__diff_k5_rep1_d1	Clostridioides_difficile	figure_raw_data/sim_single_species/Clostridioides_difficile/reads/Clostridioides_difficile__diff_k5_rep1_d1_R1.fastq.gz	figure_raw_data/sim_single_species/Clostridioides_difficile/reads/Clostridioides_difficile__diff_k5_rep1_d1_R2.fastq.gz	figure_raw_data/sim_single_species/Clostridioides_difficile/truth/Clostridioides_difficile__diff_k5_rep1_d1.truth.tsv
single	Clostridioides_difficile__diff_k5_rep1_d3	Clostridioides_difficile	figure_raw_data/sim_single_species/Clostridioides_difficile/reads/Clostridioides_difficile__diff_k5_rep1_d3_R1.fastq.gz	figure_raw_data/sim_single_species/Clostridioides_difficile/reads/Clostridioides_difficile__diff_k5_rep1_d3_R2.fastq.gz	figure_raw_data/sim_single_species/Clostridioides_difficile/truth/Clostridioides_difficile__diff_k5_rep1_d3.truth.tsv
single	Clostridioides_difficile__diff_k5_rep1_d5	Clostridioides_difficile	figure_raw_data/sim_single_species/Clostridioides_difficile/reads/Clostridioides_difficile__diff_k5_rep1_d5_R1.fastq.gz	figure_raw_data/sim_single_species/Clostridioides_difficile/reads/Clostridioides_difficile__diff_k5_rep1_d5_R2.fastq.gz	figure_raw_data/sim_single_species/Clostridioides_difficile/truth/Clostridioides_difficile__diff_k5_rep1_d5.truth.tsv
single	Clostridioides_difficile__diff_k5_rep1_d10	Clostridioides_difficile	figure_raw_data/sim_single_species/Clostridioides_difficile/reads/Clostridioides_difficile__diff_k5_rep1_d10_R1.fastq.gz	figure_raw_data/sim_single_species/Clostridioides_difficile/reads/Clostridioides_difficile__diff_k5_rep1_d10_R2.fastq.gz	figure_raw_data/sim_single_species/Clostridioides_difficile/truth/Clostridioides_difficile__diff_k5_rep1_d10.truth.tsv
single	Clostridioides_difficile__diff_k5_rep2_d0.5	Clostridioides_difficile	figure_raw_data/sim_single_species/Clostridioides_difficile/reads/Clostridioides_difficile__diff_k5_rep2_d0.5_R1.fastq.gz	figure_raw_data/sim_single_species/Clostridioides_difficile/reads/Clostridioides_difficile__diff_k5_rep2_d0.5_R2.fastq.gz	figure_raw_data/sim_single_species/Clostridioides_difficile/truth/Clostridioides_difficile__diff_k5_rep2_d0.5.truth.tsv
single	Clostridioides_difficile__diff_k5_rep2_d1	Clostridioides_difficile	figure_raw_data/sim_single_species/Clostridioides_difficile/reads/Clostridioides_difficile__diff_k5_rep2_d1_R1.fastq.gz	figure_raw_data/sim_single_species/Clostridioides_difficile/reads/Clostridioides_difficile__diff_k5_rep2_d1_R2.fastq.gz	figure_raw_data/sim_single_species/Clostridioides_difficile/truth/Clostridioides_difficile__diff_k5_rep2_d1.truth.tsv
single	Clostridioides_difficile__diff_k5_rep2_d3	Clostridioides_difficile	figure_raw_data/sim_single_species/Clostridioides_difficile/reads/Clostridioides_difficile__diff_k5_rep2_d3_R1.fastq.gz	figure_raw_data/sim_single_species/Clostridioides_difficile/reads/Clostridioides_difficile__diff_k5_rep2_d3_R2.fastq.gz	figure_raw_data/sim_single_species/Clostridioides_difficile/truth/Clostridioides_difficile__diff_k5_rep2_d3.truth.tsv
single	Clostridioides_difficile__diff_k5_rep2_d5	Clostridioides_difficile	figure_raw_data/sim_single_species/Clostridioides_difficile/reads/Clostridioides_difficile__diff_k5_rep2_d5_R1.fastq.gz	figure_raw_data/sim_single_species/Clostridioides_difficile/reads/Clostridioides_difficile__diff_k5_rep2_d5_R2.fastq.gz	figure_raw_data/sim_single_species/Clostridioides_difficile/truth/Clostridioides_difficile__diff_k5_rep2_d5.truth.tsv
single	Clostridioides_difficile__diff_k5_rep2_d10	Clostridioides_difficile	figure_raw_data/sim_single_species/Clostridioides_difficile/reads/Clostridioides_difficile__diff_k5_rep2_d10_R1.fastq.gz	figure_raw_data/sim_single_species/Clostridioides_difficile/reads/Clostridioides_difficile__diff_k5_rep2_d10_R2.fastq.gz	figure_raw_data/sim_single_species/Clostridioides_difficile/truth/Clostridioides_difficile__diff_k5_rep2_d10.truth.tsv
single	Clostridioides_difficile__diff_k5_rep3_d0.5	Clostridioides_difficile	figure_raw_data/sim_single_species/Clostridioides_difficile/reads/Clostridioides_difficile__diff_k5_rep3_d0.5_R1.fastq.gz	figure_raw_data/sim_single_species/Clostridioides_difficile/reads/Clostridioides_difficile__diff_k5_rep3_d0.5_R2.fastq.gz	figure_raw_data/sim_single_species/Clostridioides_difficile/truth/Clostridioides_difficile__diff_k5_rep3_d0.5.truth.tsv
single	Clostridioides_difficile__diff_k5_rep3_d1	Clostridioides_difficile	figure_raw_data/sim_single_species/Clostridioides_difficile/reads/Clostridioides_difficile__diff_k5_rep3_d1_R1.fastq.gz	figure_raw_data/sim_single_species/Clostridioides_difficile/reads/Clostridioides_difficile__diff_k5_rep3_d1_R2.fastq.gz	figure_raw_data/sim_single_species/Clostridioides_difficile/truth/Clostridioides_difficile__diff_k5_rep3_d1.truth.tsv
single	Clostridioides_difficile__diff_k5_rep3_d3	Clostridioides_difficile	figure_raw_data/sim_single_species/Clostridioides_difficile/reads/Clostridioides_difficile__diff_k5_rep3_d3_R1.fastq.gz	figure_raw_data/sim_single_species/Clostridioides_difficile/reads/Clostridioides_difficile__diff_k5_rep3_d3_R2.fastq.gz	figure_raw_data/sim_single_species/Clostridioides_difficile/truth/Clostridioides_difficile__diff_k5_rep3_d3.truth.tsv
single	Clostridioides_difficile__diff_k5_rep3_d5	Clostridioides_difficile	figure_raw_data/sim_single_species/Clostridioides_difficile/reads/Clostridioides_difficile__diff_k5_rep3_d5_R1.fastq.gz	figure_raw_data/sim_single_species/Clostridioides_difficile/reads/Clostridioides_difficile__diff_k5_rep3_d5_R2.fastq.gz	figure_raw_data/sim_single_species/Clostridioides_difficile/truth/Clostridioides_difficile__diff_k5_rep3_d5.truth.tsv
single	Clostridioides_difficile__diff_k5_rep3_d10	Clostridioides_difficile	figure_raw_data/sim_single_species/Clostridioides_difficile/reads/Clostridioides_difficile__diff_k5_rep3_d10_R1.fastq.gz	figure_raw_data/sim_single_species/Clostridioides_difficile/reads/Clostridioides_difficile__diff_k5_rep3_d10_R2.fastq.gz	figure_raw_data/sim_single_species/Clostridioides_difficile/truth/Clostridioides_difficile__diff_k5_rep3_d10.truth.tsv
single	Clostridioides_difficile__diff_k5_rep4_d0.5	Clostridioides_difficile	figure_raw_data/sim_single_species/Clostridioides_difficile/reads/Clostridioides_difficile__diff_k5_rep4_d0.5_R1.fastq.gz	figure_raw_data/sim_single_species/Clostridioides_difficile/reads/Clostridioides_difficile__diff_k5_rep4_d0.5_R2.fastq.gz	figure_raw_data/sim_single_species/Clostridioides_difficile/truth/Clostridioides_difficile__diff_k5_rep4_d0.5.truth.tsv
single	Clostridioides_difficile__diff_k5_rep4_d1	Clostridioides_difficile	figure_raw_data/sim_single_species/Clostridioides_difficile/reads/Clostridioides_difficile__diff_k5_rep4_d1_R1.fastq.gz	figure_raw_data/sim_single_species/Clostridioides_difficile/reads/Clostridioides_difficile__diff_k5_rep4_d1_R2.fastq.gz	figure_raw_data/sim_single_species/Clostridioides_difficile/truth/Clostridioides_difficile__diff_k5_rep4_d1.truth.tsv
single	Clostridioides_difficile__diff_k5_rep4_d3	Clostridioides_difficile	figure_raw_data/sim_single_species/Clostridioides_difficile/reads/Clostridioides_difficile__diff_k5_rep4_d3_R1.fastq.gz	figure_raw_data/sim_single_species/Clostridioides_difficile/reads/Clostridioides_difficile__diff_k5_rep4_d3_R2.fastq.gz	figure_raw_data/sim_single_species/Clostridioides_difficile/truth/Clostridioides_difficile__diff_k5_rep4_d3.truth.tsv
single	Clostridioides_difficile__diff_k5_rep4_d5	Clostridioides_difficile	figure_raw_data/sim_single_species/Clostridioides_difficile/reads/Clostridioides_difficile__diff_k5_rep4_d5_R1.fastq.gz	figure_raw_data/sim_single_species/Clostridioides_difficile/reads/Clostridioides_difficile__diff_k5_rep4_d5_R2.fastq.gz	figure_raw_data/sim_single_species/Clostridioides_difficile/truth/Clostridioides_difficile__diff_k5_rep4_d5.truth.tsv
single	Clostridioides_difficile__diff_k5_rep4_d10	Clostridioides_difficile	figure_raw_data/sim_single_species/Clostridioides_difficile/reads/Clostridioides_difficile__diff_k5_rep4_d10_R1.fastq.gz	figure_raw_data/sim_single_species/Clostridioides_difficile/reads/Clostridioides_difficile__diff_k5_rep4_d10_R2.fastq.gz	figure_raw_data/sim_single_species/Clostridioides_difficile/truth/Clostridioides_difficile__diff_k5_rep4_d10.truth.tsv
single	Clostridioides_difficile__diff_k5_rep5_d0.5	Clostridioides_difficile	figure_raw_data/sim_single_species/Clostridioides_difficile/reads/Clostridioides_difficile__diff_k5_rep5_d0.5_R1.fastq.gz	figure_raw_data/sim_single_species/Clostridioides_difficile/reads/Clostridioides_difficile__diff_k5_rep5_d0.5_R2.fastq.gz	figure_raw_data/sim_single_species/Clostridioides_difficile/truth/Clostridioides_difficile__diff_k5_rep5_d0.5.truth.tsv
single	Clostridioides_difficile__diff_k5_rep5_d1	Clostridioides_difficile	figure_raw_data/sim_single_species/Clostridioides_difficile/reads/Clostridioides_difficile__diff_k5_rep5_d1_R1.fastq.gz	figure_raw_data/sim_single_species/Clostridioides_difficile/reads/Clostridioides_difficile__diff_k5_rep5_d1_R2.fastq.gz	figure_raw_data/sim_single_species/Clostridioides_difficile/truth/Clostridioides_difficile__diff_k5_rep5_d1.truth.tsv
single	Clostridioides_difficile__diff_k5_rep5_d3	Clostridioides_difficile	figure_raw_data/sim_single_species/Clostridioides_difficile/reads/Clostridioides_difficile__diff_k5_rep5_d3_R1.fastq.gz	figure_raw_data/sim_single_species/Clostridioides_difficile/reads/Clostridioides_difficile__diff_k5_rep5_d3_R2.fastq.gz	figure_raw_data/sim_single_species/Clostridioides_difficile/truth/Clostridioides_difficile__diff_k5_rep5_d3.truth.tsv
single	Clostridioides_difficile__diff_k5_rep5_d5	Clostridioides_difficile	figure_raw_data/sim_single_species/Clostridioides_difficile/reads/Clostridioides_difficile__diff_k5_rep5_d5_R1.fastq.gz	figure_raw_data/sim_single_species/Clostridioides_difficile/reads/Clostridioides_difficile__diff_k5_rep5_d5_R2.fastq.gz	figure_raw_data/sim_single_species/Clostridioides_difficile/truth/Clostridioides_difficile__diff_k5_rep5_d5.truth.tsv
single	Clostridioides_difficile__diff_k5_rep5_d10	Clostridioides_difficile	figure_raw_data/sim_single_species/Clostridioides_difficile/reads/Clostridioides_difficile__diff_k5_rep5_d10_R1.fastq.gz	figure_raw_data/sim_single_species/Clostridioides_difficile/reads/Clostridioides_difficile__diff_k5_rep5_d10_R2.fastq.gz	figure_raw_data/sim_single_species/Clostridioides_difficile/truth/Clostridioides_difficile__diff_k5_rep5_d10.truth.tsv
single	Cutibacterium_acnes__diff_k2_rep1_d0.5	Cutibacterium_acnes	figure_raw_data/sim_single_species/Cutibacterium_acnes/reads/Cutibacterium_acnes__diff_k2_rep1_d0.5_R1.fastq.gz	figure_raw_data/sim_single_species/Cutibacterium_acnes/reads/Cutibacterium_acnes__diff_k2_rep1_d0.5_R2.fastq.gz	figure_raw_data/sim_single_species/Cutibacterium_acnes/truth/Cutibacterium_acnes__diff_k2_rep1_d0.5.truth.tsv
single	Cutibacterium_acnes__diff_k2_rep1_d1	Cutibacterium_acnes	figure_raw_data/sim_single_species/Cutibacterium_acnes/reads/Cutibacterium_acnes__diff_k2_rep1_d1_R1.fastq.gz	figure_raw_data/sim_single_species/Cutibacterium_acnes/reads/Cutibacterium_acnes__diff_k2_rep1_d1_R2.fastq.gz	figure_raw_data/sim_single_species/Cutibacterium_acnes/truth/Cutibacterium_acnes__diff_k2_rep1_d1.truth.tsv
single	Cutibacterium_acnes__diff_k2_rep1_d3	Cutibacterium_acnes	figure_raw_data/sim_single_species/Cutibacterium_acnes/reads/Cutibacterium_acnes__diff_k2_rep1_d3_R1.fastq.gz	figure_raw_data/sim_single_species/Cutibacterium_acnes/reads/Cutibacterium_acnes__diff_k2_rep1_d3_R2.fastq.gz	figure_raw_data/sim_single_species/Cutibacterium_acnes/truth/Cutibacterium_acnes__diff_k2_rep1_d3.truth.tsv
single	Cutibacterium_acnes__diff_k2_rep1_d5	Cutibacterium_acnes	figure_raw_data/sim_single_species/Cutibacterium_acnes/reads/Cutibacterium_acnes__diff_k2_rep1_d5_R1.fastq.gz	figure_raw_data/sim_single_species/Cutibacterium_acnes/reads/Cutibacterium_acnes__diff_k2_rep1_d5_R2.fastq.gz	figure_raw_data/sim_single_species/Cutibacterium_acnes/truth/Cutibacterium_acnes__diff_k2_rep1_d5.truth.tsv
single	Cutibacterium_acnes__diff_k2_rep1_d10	Cutibacterium_acnes	figure_raw_data/sim_single_species/Cutibacterium_acnes/reads/Cutibacterium_acnes__diff_k2_rep1_d10_R1.fastq.gz	figure_raw_data/sim_single_species/Cutibacterium_acnes/reads/Cutibacterium_acnes__diff_k2_rep1_d10_R2.fastq.gz	figure_raw_data/sim_single_species/Cutibacterium_acnes/truth/Cutibacterium_acnes__diff_k2_rep1_d10.truth.tsv
single	Cutibacterium_acnes__diff_k2_rep2_d0.5	Cutibacterium_acnes	figure_raw_data/sim_single_species/Cutibacterium_acnes/reads/Cutibacterium_acnes__diff_k2_rep2_d0.5_R1.fastq.gz	figure_raw_data/sim_single_species/Cutibacterium_acnes/reads/Cutibacterium_acnes__diff_k2_rep2_d0.5_R2.fastq.gz	figure_raw_data/sim_single_species/Cutibacterium_acnes/truth/Cutibacterium_acnes__diff_k2_rep2_d0.5.truth.tsv
single	Cutibacterium_acnes__diff_k2_rep2_d1	Cutibacterium_acnes	figure_raw_data/sim_single_species/Cutibacterium_acnes/reads/Cutibacterium_acnes__diff_k2_rep2_d1_R1.fastq.gz	figure_raw_data/sim_single_species/Cutibacterium_acnes/reads/Cutibacterium_acnes__diff_k2_rep2_d1_R2.fastq.gz	figure_raw_data/sim_single_species/Cutibacterium_acnes/truth/Cutibacterium_acnes__diff_k2_rep2_d1.truth.tsv
single	Cutibacterium_acnes__diff_k2_rep2_d3	Cutibacterium_acnes	figure_raw_data/sim_single_species/Cutibacterium_acnes/reads/Cutibacterium_acnes__diff_k2_rep2_d3_R1.fastq.gz	figure_raw_data/sim_single_species/Cutibacterium_acnes/reads/Cutibacterium_acnes__diff_k2_rep2_d3_R2.fastq.gz	figure_raw_data/sim_single_species/Cutibacterium_acnes/truth/Cutibacterium_acnes__diff_k2_rep2_d3.truth.tsv
single	Cutibacterium_acnes__diff_k2_rep2_d5	Cutibacterium_acnes	figure_raw_data/sim_single_species/Cutibacterium_acnes/reads/Cutibacterium_acnes__diff_k2_rep2_d5_R1.fastq.gz	figure_raw_data/sim_single_species/Cutibacterium_acnes/reads/Cutibacterium_acnes__diff_k2_rep2_d5_R2.fastq.gz	figure_raw_data/sim_single_species/Cutibacterium_acnes/truth/Cutibacterium_acnes__diff_k2_rep2_d5.truth.tsv
single	Cutibacterium_acnes__diff_k2_rep2_d10	Cutibacterium_acnes	figure_raw_data/sim_single_species/Cutibacterium_acnes/reads/Cutibacterium_acnes__diff_k2_rep2_d10_R1.fastq.gz	figure_raw_data/sim_single_species/Cutibacterium_acnes/reads/Cutibacterium_acnes__diff_k2_rep2_d10_R2.fastq.gz	figure_raw_data/sim_single_species/Cutibacterium_acnes/truth/Cutibacterium_acnes__diff_k2_rep2_d10.truth.tsv
single	Cutibacterium_acnes__diff_k2_rep3_d0.5	Cutibacterium_acnes	figure_raw_data/sim_single_species/Cutibacterium_acnes/reads/Cutibacterium_acnes__diff_k2_rep3_d0.5_R1.fastq.gz	figure_raw_data/sim_single_species/Cutibacterium_acnes/reads/Cutibacterium_acnes__diff_k2_rep3_d0.5_R2.fastq.gz	figure_raw_data/sim_single_species/Cutibacterium_acnes/truth/Cutibacterium_acnes__diff_k2_rep3_d0.5.truth.tsv
single	Cutibacterium_acnes__diff_k2_rep3_d1	Cutibacterium_acnes	figure_raw_data/sim_single_species/Cutibacterium_acnes/reads/Cutibacterium_acnes__diff_k2_rep3_d1_R1.fastq.gz	figure_raw_data/sim_single_species/Cutibacterium_acnes/reads/Cutibacterium_acnes__diff_k2_rep3_d1_R2.fastq.gz	figure_raw_data/sim_single_species/Cutibacterium_acnes/truth/Cutibacterium_acnes__diff_k2_rep3_d1.truth.tsv
single	Cutibacterium_acnes__diff_k2_rep3_d3	Cutibacterium_acnes	figure_raw_data/sim_single_species/Cutibacterium_acnes/reads/Cutibacterium_acnes__diff_k2_rep3_d3_R1.fastq.gz	figure_raw_data/sim_single_species/Cutibacterium_acnes/reads/Cutibacterium_acnes__diff_k2_rep3_d3_R2.fastq.gz	figure_raw_data/sim_single_species/Cutibacterium_acnes/truth/Cutibacterium_acnes__diff_k2_rep3_d3.truth.tsv
single	Cutibacterium_acnes__diff_k2_rep3_d5	Cutibacterium_acnes	figure_raw_data/sim_single_species/Cutibacterium_acnes/reads/Cutibacterium_acnes__diff_k2_rep3_d5_R1.fastq.gz	figure_raw_data/sim_single_species/Cutibacterium_acnes/reads/Cutibacterium_acnes__diff_k2_rep3_d5_R2.fastq.gz	figure_raw_data/sim_single_species/Cutibacterium_acnes/truth/Cutibacterium_acnes__diff_k2_rep3_d5.truth.tsv
single	Cutibacterium_acnes__diff_k2_rep3_d10	Cutibacterium_acnes	figure_raw_data/sim_single_species/Cutibacterium_acnes/reads/Cutibacterium_acnes__diff_k2_rep3_d10_R1.fastq.gz	figure_raw_data/sim_single_species/Cutibacterium_acnes/reads/Cutibacterium_acnes__diff_k2_rep3_d10_R2.fastq.gz	figure_raw_data/sim_single_species/Cutibacterium_acnes/truth/Cutibacterium_acnes__diff_k2_rep3_d10.truth.tsv
single	Cutibacterium_acnes__diff_k2_rep4_d0.5	Cutibacterium_acnes	figure_raw_data/sim_single_species/Cutibacterium_acnes/reads/Cutibacterium_acnes__diff_k2_rep4_d0.5_R1.fastq.gz	figure_raw_data/sim_single_species/Cutibacterium_acnes/reads/Cutibacterium_acnes__diff_k2_rep4_d0.5_R2.fastq.gz	figure_raw_data/sim_single_species/Cutibacterium_acnes/truth/Cutibacterium_acnes__diff_k2_rep4_d0.5.truth.tsv
single	Cutibacterium_acnes__diff_k2_rep4_d1	Cutibacterium_acnes	figure_raw_data/sim_single_species/Cutibacterium_acnes/reads/Cutibacterium_acnes__diff_k2_rep4_d1_R1.fastq.gz	figure_raw_data/sim_single_species/Cutibacterium_acnes/reads/Cutibacterium_acnes__diff_k2_rep4_d1_R2.fastq.gz	figure_raw_data/sim_single_species/Cutibacterium_acnes/truth/Cutibacterium_acnes__diff_k2_rep4_d1.truth.tsv
single	Cutibacterium_acnes__diff_k2_rep4_d3	Cutibacterium_acnes	figure_raw_data/sim_single_species/Cutibacterium_acnes/reads/Cutibacterium_acnes__diff_k2_rep4_d3_R1.fastq.gz	figure_raw_data/sim_single_species/Cutibacterium_acnes/reads/Cutibacterium_acnes__diff_k2_rep4_d3_R2.fastq.gz	figure_raw_data/sim_single_species/Cutibacterium_acnes/truth/Cutibacterium_acnes__diff_k2_rep4_d3.truth.tsv
single	Cutibacterium_acnes__diff_k2_rep4_d5	Cutibacterium_acnes	figure_raw_data/sim_single_species/Cutibacterium_acnes/reads/Cutibacterium_acnes__diff_k2_rep4_d5_R1.fastq.gz	figure_raw_data/sim_single_species/Cutibacterium_acnes/reads/Cutibacterium_acnes__diff_k2_rep4_d5_R2.fastq.gz	figure_raw_data/sim_single_species/Cutibacterium_acnes/truth/Cutibacterium_acnes__diff_k2_rep4_d5.truth.tsv
single	Cutibacterium_acnes__diff_k2_rep4_d10	Cutibacterium_acnes	figure_raw_data/sim_single_species/Cutibacterium_acnes/reads/Cutibacterium_acnes__diff_k2_rep4_d10_R1.fastq.gz	figure_raw_data/sim_single_species/Cutibacterium_acnes/reads/Cutibacterium_acnes__diff_k2_rep4_d10_R2.fastq.gz	figure_raw_data/sim_single_species/Cutibacterium_acnes/truth/Cutibacterium_acnes__diff_k2_rep4_d10.truth.tsv
single	Cutibacterium_acnes__diff_k2_rep5_d0.5	Cutibacterium_acnes	figure_raw_data/sim_single_species/Cutibacterium_acnes/reads/Cutibacterium_acnes__diff_k2_rep5_d0.5_R1.fastq.gz	figure_raw_data/sim_single_species/Cutibacterium_acnes/reads/Cutibacterium_acnes__diff_k2_rep5_d0.5_R2.fastq.gz	figure_raw_data/sim_single_species/Cutibacterium_acnes/truth/Cutibacterium_acnes__diff_k2_rep5_d0.5.truth.tsv
single	Cutibacterium_acnes__diff_k2_rep5_d1	Cutibacterium_acnes	figure_raw_data/sim_single_species/Cutibacterium_acnes/reads/Cutibacterium_acnes__diff_k2_rep5_d1_R1.fastq.gz	figure_raw_data/sim_single_species/Cutibacterium_acnes/reads/Cutibacterium_acnes__diff_k2_rep5_d1_R2.fastq.gz	figure_raw_data/sim_single_species/Cutibacterium_acnes/truth/Cutibacterium_acnes__diff_k2_rep5_d1.truth.tsv
single	Cutibacterium_acnes__diff_k2_rep5_d3	Cutibacterium_acnes	figure_raw_data/sim_single_species/Cutibacterium_acnes/reads/Cutibacterium_acnes__diff_k2_rep5_d3_R1.fastq.gz	figure_raw_data/sim_single_species/Cutibacterium_acnes/reads/Cutibacterium_acnes__diff_k2_rep5_d3_R2.fastq.gz	figure_raw_data/sim_single_species/Cutibacterium_acnes/truth/Cutibacterium_acnes__diff_k2_rep5_d3.truth.tsv
single	Cutibacterium_acnes__diff_k2_rep5_d5	Cutibacterium_acnes	figure_raw_data/sim_single_species/Cutibacterium_acnes/reads/Cutibacterium_acnes__diff_k2_rep5_d5_R1.fastq.gz	figure_raw_data/sim_single_species/Cutibacterium_acnes/reads/Cutibacterium_acnes__diff_k2_rep5_d5_R2.fastq.gz	figure_raw_data/sim_single_species/Cutibacterium_acnes/truth/Cutibacterium_acnes__diff_k2_rep5_d5.truth.tsv
single	Cutibacterium_acnes__diff_k2_rep5_d10	Cutibacterium_acnes	figure_raw_data/sim_single_species/Cutibacterium_acnes/reads/Cutibacterium_acnes__diff_k2_rep5_d10_R1.fastq.gz	figure_raw_data/sim_single_species/Cutibacterium_acnes/reads/Cutibacterium_acnes__diff_k2_rep5_d10_R2.fastq.gz	figure_raw_data/sim_single_species/Cutibacterium_acnes/truth/Cutibacterium_acnes__diff_k2_rep5_d10.truth.tsv
single	Cutibacterium_acnes__diff_k3_rep1_d0.5	Cutibacterium_acnes	figure_raw_data/sim_single_species/Cutibacterium_acnes/reads/Cutibacterium_acnes__diff_k3_rep1_d0.5_R1.fastq.gz	figure_raw_data/sim_single_species/Cutibacterium_acnes/reads/Cutibacterium_acnes__diff_k3_rep1_d0.5_R2.fastq.gz	figure_raw_data/sim_single_species/Cutibacterium_acnes/truth/Cutibacterium_acnes__diff_k3_rep1_d0.5.truth.tsv
single	Cutibacterium_acnes__diff_k3_rep1_d1	Cutibacterium_acnes	figure_raw_data/sim_single_species/Cutibacterium_acnes/reads/Cutibacterium_acnes__diff_k3_rep1_d1_R1.fastq.gz	figure_raw_data/sim_single_species/Cutibacterium_acnes/reads/Cutibacterium_acnes__diff_k3_rep1_d1_R2.fastq.gz	figure_raw_data/sim_single_species/Cutibacterium_acnes/truth/Cutibacterium_acnes__diff_k3_rep1_d1.truth.tsv
single	Cutibacterium_acnes__diff_k3_rep1_d3	Cutibacterium_acnes	figure_raw_data/sim_single_species/Cutibacterium_acnes/reads/Cutibacterium_acnes__diff_k3_rep1_d3_R1.fastq.gz	figure_raw_data/sim_single_species/Cutibacterium_acnes/reads/Cutibacterium_acnes__diff_k3_rep1_d3_R2.fastq.gz	figure_raw_data/sim_single_species/Cutibacterium_acnes/truth/Cutibacterium_acnes__diff_k3_rep1_d3.truth.tsv
single	Cutibacterium_acnes__diff_k3_rep1_d5	Cutibacterium_acnes	figure_raw_data/sim_single_species/Cutibacterium_acnes/reads/Cutibacterium_acnes__diff_k3_rep1_d5_R1.fastq.gz	figure_raw_data/sim_single_species/Cutibacterium_acnes/reads/Cutibacterium_acnes__diff_k3_rep1_d5_R2.fastq.gz	figure_raw_data/sim_single_species/Cutibacterium_acnes/truth/Cutibacterium_acnes__diff_k3_rep1_d5.truth.tsv
single	Cutibacterium_acnes__diff_k3_rep1_d10	Cutibacterium_acnes	figure_raw_data/sim_single_species/Cutibacterium_acnes/reads/Cutibacterium_acnes__diff_k3_rep1_d10_R1.fastq.gz	figure_raw_data/sim_single_species/Cutibacterium_acnes/reads/Cutibacterium_acnes__diff_k3_rep1_d10_R2.fastq.gz	figure_raw_data/sim_single_species/Cutibacterium_acnes/truth/Cutibacterium_acnes__diff_k3_rep1_d10.truth.tsv
single	Cutibacterium_acnes__diff_k3_rep2_d0.5	Cutibacterium_acnes	figure_raw_data/sim_single_species/Cutibacterium_acnes/reads/Cutibacterium_acnes__diff_k3_rep2_d0.5_R1.fastq.gz	figure_raw_data/sim_single_species/Cutibacterium_acnes/reads/Cutibacterium_acnes__diff_k3_rep2_d0.5_R2.fastq.gz	figure_raw_data/sim_single_species/Cutibacterium_acnes/truth/Cutibacterium_acnes__diff_k3_rep2_d0.5.truth.tsv
single	Cutibacterium_acnes__diff_k3_rep2_d1	Cutibacterium_acnes	figure_raw_data/sim_single_species/Cutibacterium_acnes/reads/Cutibacterium_acnes__diff_k3_rep2_d1_R1.fastq.gz	figure_raw_data/sim_single_species/Cutibacterium_acnes/reads/Cutibacterium_acnes__diff_k3_rep2_d1_R2.fastq.gz	figure_raw_data/sim_single_species/Cutibacterium_acnes/truth/Cutibacterium_acnes__diff_k3_rep2_d1.truth.tsv
single	Cutibacterium_acnes__diff_k3_rep2_d3	Cutibacterium_acnes	figure_raw_data/sim_single_species/Cutibacterium_acnes/reads/Cutibacterium_acnes__diff_k3_rep2_d3_R1.fastq.gz	figure_raw_data/sim_single_species/Cutibacterium_acnes/reads/Cutibacterium_acnes__diff_k3_rep2_d3_R2.fastq.gz	figure_raw_data/sim_single_species/Cutibacterium_acnes/truth/Cutibacterium_acnes__diff_k3_rep2_d3.truth.tsv
single	Cutibacterium_acnes__diff_k3_rep2_d5	Cutibacterium_acnes	figure_raw_data/sim_single_species/Cutibacterium_acnes/reads/Cutibacterium_acnes__diff_k3_rep2_d5_R1.fastq.gz	figure_raw_data/sim_single_species/Cutibacterium_acnes/reads/Cutibacterium_acnes__diff_k3_rep2_d5_R2.fastq.gz	figure_raw_data/sim_single_species/Cutibacterium_acnes/truth/Cutibacterium_acnes__diff_k3_rep2_d5.truth.tsv
single	Cutibacterium_acnes__diff_k3_rep2_d10	Cutibacterium_acnes	figure_raw_data/sim_single_species/Cutibacterium_acnes/reads/Cutibacterium_acnes__diff_k3_rep2_d10_R1.fastq.gz	figure_raw_data/sim_single_species/Cutibacterium_acnes/reads/Cutibacterium_acnes__diff_k3_rep2_d10_R2.fastq.gz	figure_raw_data/sim_single_species/Cutibacterium_acnes/truth/Cutibacterium_acnes__diff_k3_rep2_d10.truth.tsv
single	Cutibacterium_acnes__diff_k3_rep3_d0.5	Cutibacterium_acnes	figure_raw_data/sim_single_species/Cutibacterium_acnes/reads/Cutibacterium_acnes__diff_k3_rep3_d0.5_R1.fastq.gz	figure_raw_data/sim_single_species/Cutibacterium_acnes/reads/Cutibacterium_acnes__diff_k3_rep3_d0.5_R2.fastq.gz	figure_raw_data/sim_single_species/Cutibacterium_acnes/truth/Cutibacterium_acnes__diff_k3_rep3_d0.5.truth.tsv
single	Cutibacterium_acnes__diff_k3_rep3_d1	Cutibacterium_acnes	figure_raw_data/sim_single_species/Cutibacterium_acnes/reads/Cutibacterium_acnes__diff_k3_rep3_d1_R1.fastq.gz	figure_raw_data/sim_single_species/Cutibacterium_acnes/reads/Cutibacterium_acnes__diff_k3_rep3_d1_R2.fastq.gz	figure_raw_data/sim_single_species/Cutibacterium_acnes/truth/Cutibacterium_acnes__diff_k3_rep3_d1.truth.tsv
single	Cutibacterium_acnes__diff_k3_rep3_d3	Cutibacterium_acnes	figure_raw_data/sim_single_species/Cutibacterium_acnes/reads/Cutibacterium_acnes__diff_k3_rep3_d3_R1.fastq.gz	figure_raw_data/sim_single_species/Cutibacterium_acnes/reads/Cutibacterium_acnes__diff_k3_rep3_d3_R2.fastq.gz	figure_raw_data/sim_single_species/Cutibacterium_acnes/truth/Cutibacterium_acnes__diff_k3_rep3_d3.truth.tsv
single	Cutibacterium_acnes__diff_k3_rep3_d5	Cutibacterium_acnes	figure_raw_data/sim_single_species/Cutibacterium_acnes/reads/Cutibacterium_acnes__diff_k3_rep3_d5_R1.fastq.gz	figure_raw_data/sim_single_species/Cutibacterium_acnes/reads/Cutibacterium_acnes__diff_k3_rep3_d5_R2.fastq.gz	figure_raw_data/sim_single_species/Cutibacterium_acnes/truth/Cutibacterium_acnes__diff_k3_rep3_d5.truth.tsv
single	Cutibacterium_acnes__diff_k3_rep3_d10	Cutibacterium_acnes	figure_raw_data/sim_single_species/Cutibacterium_acnes/reads/Cutibacterium_acnes__diff_k3_rep3_d10_R1.fastq.gz	figure_raw_data/sim_single_species/Cutibacterium_acnes/reads/Cutibacterium_acnes__diff_k3_rep3_d10_R2.fastq.gz	figure_raw_data/sim_single_species/Cutibacterium_acnes/truth/Cutibacterium_acnes__diff_k3_rep3_d10.truth.tsv
single	Cutibacterium_acnes__diff_k3_rep4_d0.5	Cutibacterium_acnes	figure_raw_data/sim_single_species/Cutibacterium_acnes/reads/Cutibacterium_acnes__diff_k3_rep4_d0.5_R1.fastq.gz	figure_raw_data/sim_single_species/Cutibacterium_acnes/reads/Cutibacterium_acnes__diff_k3_rep4_d0.5_R2.fastq.gz	figure_raw_data/sim_single_species/Cutibacterium_acnes/truth/Cutibacterium_acnes__diff_k3_rep4_d0.5.truth.tsv
single	Cutibacterium_acnes__diff_k3_rep4_d1	Cutibacterium_acnes	figure_raw_data/sim_single_species/Cutibacterium_acnes/reads/Cutibacterium_acnes__diff_k3_rep4_d1_R1.fastq.gz	figure_raw_data/sim_single_species/Cutibacterium_acnes/reads/Cutibacterium_acnes__diff_k3_rep4_d1_R2.fastq.gz	figure_raw_data/sim_single_species/Cutibacterium_acnes/truth/Cutibacterium_acnes__diff_k3_rep4_d1.truth.tsv
single	Cutibacterium_acnes__diff_k3_rep4_d3	Cutibacterium_acnes	figure_raw_data/sim_single_species/Cutibacterium_acnes/reads/Cutibacterium_acnes__diff_k3_rep4_d3_R1.fastq.gz	figure_raw_data/sim_single_species/Cutibacterium_acnes/reads/Cutibacterium_acnes__diff_k3_rep4_d3_R2.fastq.gz	figure_raw_data/sim_single_species/Cutibacterium_acnes/truth/Cutibacterium_acnes__diff_k3_rep4_d3.truth.tsv
single	Cutibacterium_acnes__diff_k3_rep4_d5	Cutibacterium_acnes	figure_raw_data/sim_single_species/Cutibacterium_acnes/reads/Cutibacterium_acnes__diff_k3_rep4_d5_R1.fastq.gz	figure_raw_data/sim_single_species/Cutibacterium_acnes/reads/Cutibacterium_acnes__diff_k3_rep4_d5_R2.fastq.gz	figure_raw_data/sim_single_species/Cutibacterium_acnes/truth/Cutibacterium_acnes__diff_k3_rep4_d5.truth.tsv
single	Cutibacterium_acnes__diff_k3_rep4_d10	Cutibacterium_acnes	figure_raw_data/sim_single_species/Cutibacterium_acnes/reads/Cutibacterium_acnes__diff_k3_rep4_d10_R1.fastq.gz	figure_raw_data/sim_single_species/Cutibacterium_acnes/reads/Cutibacterium_acnes__diff_k3_rep4_d10_R2.fastq.gz	figure_raw_data/sim_single_species/Cutibacterium_acnes/truth/Cutibacterium_acnes__diff_k3_rep4_d10.truth.tsv
single	Cutibacterium_acnes__diff_k3_rep5_d0.5	Cutibacterium_acnes	figure_raw_data/sim_single_species/Cutibacterium_acnes/reads/Cutibacterium_acnes__diff_k3_rep5_d0.5_R1.fastq.gz	figure_raw_data/sim_single_species/Cutibacterium_acnes/reads/Cutibacterium_acnes__diff_k3_rep5_d0.5_R2.fastq.gz	figure_raw_data/sim_single_species/Cutibacterium_acnes/truth/Cutibacterium_acnes__diff_k3_rep5_d0.5.truth.tsv
single	Cutibacterium_acnes__diff_k3_rep5_d1	Cutibacterium_acnes	figure_raw_data/sim_single_species/Cutibacterium_acnes/reads/Cutibacterium_acnes__diff_k3_rep5_d1_R1.fastq.gz	figure_raw_data/sim_single_species/Cutibacterium_acnes/reads/Cutibacterium_acnes__diff_k3_rep5_d1_R2.fastq.gz	figure_raw_data/sim_single_species/Cutibacterium_acnes/truth/Cutibacterium_acnes__diff_k3_rep5_d1.truth.tsv
single	Cutibacterium_acnes__diff_k3_rep5_d3	Cutibacterium_acnes	figure_raw_data/sim_single_species/Cutibacterium_acnes/reads/Cutibacterium_acnes__diff_k3_rep5_d3_R1.fastq.gz	figure_raw_data/sim_single_species/Cutibacterium_acnes/reads/Cutibacterium_acnes__diff_k3_rep5_d3_R2.fastq.gz	figure_raw_data/sim_single_species/Cutibacterium_acnes/truth/Cutibacterium_acnes__diff_k3_rep5_d3.truth.tsv
single	Cutibacterium_acnes__diff_k3_rep5_d5	Cutibacterium_acnes	figure_raw_data/sim_single_species/Cutibacterium_acnes/reads/Cutibacterium_acnes__diff_k3_rep5_d5_R1.fastq.gz	figure_raw_data/sim_single_species/Cutibacterium_acnes/reads/Cutibacterium_acnes__diff_k3_rep5_d5_R2.fastq.gz	figure_raw_data/sim_single_species/Cutibacterium_acnes/truth/Cutibacterium_acnes__diff_k3_rep5_d5.truth.tsv
single	Cutibacterium_acnes__diff_k3_rep5_d10	Cutibacterium_acnes	figure_raw_data/sim_single_species/Cutibacterium_acnes/reads/Cutibacterium_acnes__diff_k3_rep5_d10_R1.fastq.gz	figure_raw_data/sim_single_species/Cutibacterium_acnes/reads/Cutibacterium_acnes__diff_k3_rep5_d10_R2.fastq.gz	figure_raw_data/sim_single_species/Cutibacterium_acnes/truth/Cutibacterium_acnes__diff_k3_rep5_d10.truth.tsv
single	Cutibacterium_acnes__diff_k5_rep1_d0.5	Cutibacterium_acnes	figure_raw_data/sim_single_species/Cutibacterium_acnes/reads/Cutibacterium_acnes__diff_k5_rep1_d0.5_R1.fastq.gz	figure_raw_data/sim_single_species/Cutibacterium_acnes/reads/Cutibacterium_acnes__diff_k5_rep1_d0.5_R2.fastq.gz	figure_raw_data/sim_single_species/Cutibacterium_acnes/truth/Cutibacterium_acnes__diff_k5_rep1_d0.5.truth.tsv
single	Cutibacterium_acnes__diff_k5_rep1_d1	Cutibacterium_acnes	figure_raw_data/sim_single_species/Cutibacterium_acnes/reads/Cutibacterium_acnes__diff_k5_rep1_d1_R1.fastq.gz	figure_raw_data/sim_single_species/Cutibacterium_acnes/reads/Cutibacterium_acnes__diff_k5_rep1_d1_R2.fastq.gz	figure_raw_data/sim_single_species/Cutibacterium_acnes/truth/Cutibacterium_acnes__diff_k5_rep1_d1.truth.tsv
single	Cutibacterium_acnes__diff_k5_rep1_d3	Cutibacterium_acnes	figure_raw_data/sim_single_species/Cutibacterium_acnes/reads/Cutibacterium_acnes__diff_k5_rep1_d3_R1.fastq.gz	figure_raw_data/sim_single_species/Cutibacterium_acnes/reads/Cutibacterium_acnes__diff_k5_rep1_d3_R2.fastq.gz	figure_raw_data/sim_single_species/Cutibacterium_acnes/truth/Cutibacterium_acnes__diff_k5_rep1_d3.truth.tsv
single	Cutibacterium_acnes__diff_k5_rep1_d5	Cutibacterium_acnes	figure_raw_data/sim_single_species/Cutibacterium_acnes/reads/Cutibacterium_acnes__diff_k5_rep1_d5_R1.fastq.gz	figure_raw_data/sim_single_species/Cutibacterium_acnes/reads/Cutibacterium_acnes__diff_k5_rep1_d5_R2.fastq.gz	figure_raw_data/sim_single_species/Cutibacterium_acnes/truth/Cutibacterium_acnes__diff_k5_rep1_d5.truth.tsv
single	Cutibacterium_acnes__diff_k5_rep1_d10	Cutibacterium_acnes	figure_raw_data/sim_single_species/Cutibacterium_acnes/reads/Cutibacterium_acnes__diff_k5_rep1_d10_R1.fastq.gz	figure_raw_data/sim_single_species/Cutibacterium_acnes/reads/Cutibacterium_acnes__diff_k5_rep1_d10_R2.fastq.gz	figure_raw_data/sim_single_species/Cutibacterium_acnes/truth/Cutibacterium_acnes__diff_k5_rep1_d10.truth.tsv
single	Cutibacterium_acnes__diff_k5_rep2_d0.5	Cutibacterium_acnes	figure_raw_data/sim_single_species/Cutibacterium_acnes/reads/Cutibacterium_acnes__diff_k5_rep2_d0.5_R1.fastq.gz	figure_raw_data/sim_single_species/Cutibacterium_acnes/reads/Cutibacterium_acnes__diff_k5_rep2_d0.5_R2.fastq.gz	figure_raw_data/sim_single_species/Cutibacterium_acnes/truth/Cutibacterium_acnes__diff_k5_rep2_d0.5.truth.tsv
single	Cutibacterium_acnes__diff_k5_rep2_d1	Cutibacterium_acnes	figure_raw_data/sim_single_species/Cutibacterium_acnes/reads/Cutibacterium_acnes__diff_k5_rep2_d1_R1.fastq.gz	figure_raw_data/sim_single_species/Cutibacterium_acnes/reads/Cutibacterium_acnes__diff_k5_rep2_d1_R2.fastq.gz	figure_raw_data/sim_single_species/Cutibacterium_acnes/truth/Cutibacterium_acnes__diff_k5_rep2_d1.truth.tsv
single	Cutibacterium_acnes__diff_k5_rep2_d3	Cutibacterium_acnes	figure_raw_data/sim_single_species/Cutibacterium_acnes/reads/Cutibacterium_acnes__diff_k5_rep2_d3_R1.fastq.gz	figure_raw_data/sim_single_species/Cutibacterium_acnes/reads/Cutibacterium_acnes__diff_k5_rep2_d3_R2.fastq.gz	figure_raw_data/sim_single_species/Cutibacterium_acnes/truth/Cutibacterium_acnes__diff_k5_rep2_d3.truth.tsv
single	Cutibacterium_acnes__diff_k5_rep2_d5	Cutibacterium_acnes	figure_raw_data/sim_single_species/Cutibacterium_acnes/reads/Cutibacterium_acnes__diff_k5_rep2_d5_R1.fastq.gz	figure_raw_data/sim_single_species/Cutibacterium_acnes/reads/Cutibacterium_acnes__diff_k5_rep2_d5_R2.fastq.gz	figure_raw_data/sim_single_species/Cutibacterium_acnes/truth/Cutibacterium_acnes__diff_k5_rep2_d5.truth.tsv
single	Cutibacterium_acnes__diff_k5_rep2_d10	Cutibacterium_acnes	figure_raw_data/sim_single_species/Cutibacterium_acnes/reads/Cutibacterium_acnes__diff_k5_rep2_d10_R1.fastq.gz	figure_raw_data/sim_single_species/Cutibacterium_acnes/reads/Cutibacterium_acnes__diff_k5_rep2_d10_R2.fastq.gz	figure_raw_data/sim_single_species/Cutibacterium_acnes/truth/Cutibacterium_acnes__diff_k5_rep2_d10.truth.tsv
single	Cutibacterium_acnes__diff_k5_rep3_d0.5	Cutibacterium_acnes	figure_raw_data/sim_single_species/Cutibacterium_acnes/reads/Cutibacterium_acnes__diff_k5_rep3_d0.5_R1.fastq.gz	figure_raw_data/sim_single_species/Cutibacterium_acnes/reads/Cutibacterium_acnes__diff_k5_rep3_d0.5_R2.fastq.gz	figure_raw_data/sim_single_species/Cutibacterium_acnes/truth/Cutibacterium_acnes__diff_k5_rep3_d0.5.truth.tsv
single	Cutibacterium_acnes__diff_k5_rep3_d1	Cutibacterium_acnes	figure_raw_data/sim_single_species/Cutibacterium_acnes/reads/Cutibacterium_acnes__diff_k5_rep3_d1_R1.fastq.gz	figure_raw_data/sim_single_species/Cutibacterium_acnes/reads/Cutibacterium_acnes__diff_k5_rep3_d1_R2.fastq.gz	figure_raw_data/sim_single_species/Cutibacterium_acnes/truth/Cutibacterium_acnes__diff_k5_rep3_d1.truth.tsv
single	Cutibacterium_acnes__diff_k5_rep3_d3	Cutibacterium_acnes	figure_raw_data/sim_single_species/Cutibacterium_acnes/reads/Cutibacterium_acnes__diff_k5_rep3_d3_R1.fastq.gz	figure_raw_data/sim_single_species/Cutibacterium_acnes/reads/Cutibacterium_acnes__diff_k5_rep3_d3_R2.fastq.gz	figure_raw_data/sim_single_species/Cutibacterium_acnes/truth/Cutibacterium_acnes__diff_k5_rep3_d3.truth.tsv
single	Cutibacterium_acnes__diff_k5_rep3_d5	Cutibacterium_acnes	figure_raw_data/sim_single_species/Cutibacterium_acnes/reads/Cutibacterium_acnes__diff_k5_rep3_d5_R1.fastq.gz	figure_raw_data/sim_single_species/Cutibacterium_acnes/reads/Cutibacterium_acnes__diff_k5_rep3_d5_R2.fastq.gz	figure_raw_data/sim_single_species/Cutibacterium_acnes/truth/Cutibacterium_acnes__diff_k5_rep3_d5.truth.tsv
single	Cutibacterium_acnes__diff_k5_rep3_d10	Cutibacterium_acnes	figure_raw_data/sim_single_species/Cutibacterium_acnes/reads/Cutibacterium_acnes__diff_k5_rep3_d10_R1.fastq.gz	figure_raw_data/sim_single_species/Cutibacterium_acnes/reads/Cutibacterium_acnes__diff_k5_rep3_d10_R2.fastq.gz	figure_raw_data/sim_single_species/Cutibacterium_acnes/truth/Cutibacterium_acnes__diff_k5_rep3_d10.truth.tsv
single	Cutibacterium_acnes__diff_k5_rep4_d0.5	Cutibacterium_acnes	figure_raw_data/sim_single_species/Cutibacterium_acnes/reads/Cutibacterium_acnes__diff_k5_rep4_d0.5_R1.fastq.gz	figure_raw_data/sim_single_species/Cutibacterium_acnes/reads/Cutibacterium_acnes__diff_k5_rep4_d0.5_R2.fastq.gz	figure_raw_data/sim_single_species/Cutibacterium_acnes/truth/Cutibacterium_acnes__diff_k5_rep4_d0.5.truth.tsv
single	Cutibacterium_acnes__diff_k5_rep4_d1	Cutibacterium_acnes	figure_raw_data/sim_single_species/Cutibacterium_acnes/reads/Cutibacterium_acnes__diff_k5_rep4_d1_R1.fastq.gz	figure_raw_data/sim_single_species/Cutibacterium_acnes/reads/Cutibacterium_acnes__diff_k5_rep4_d1_R2.fastq.gz	figure_raw_data/sim_single_species/Cutibacterium_acnes/truth/Cutibacterium_acnes__diff_k5_rep4_d1.truth.tsv
single	Cutibacterium_acnes__diff_k5_rep4_d3	Cutibacterium_acnes	figure_raw_data/sim_single_species/Cutibacterium_acnes/reads/Cutibacterium_acnes__diff_k5_rep4_d3_R1.fastq.gz	figure_raw_data/sim_single_species/Cutibacterium_acnes/reads/Cutibacterium_acnes__diff_k5_rep4_d3_R2.fastq.gz	figure_raw_data/sim_single_species/Cutibacterium_acnes/truth/Cutibacterium_acnes__diff_k5_rep4_d3.truth.tsv
single	Cutibacterium_acnes__diff_k5_rep4_d5	Cutibacterium_acnes	figure_raw_data/sim_single_species/Cutibacterium_acnes/reads/Cutibacterium_acnes__diff_k5_rep4_d5_R1.fastq.gz	figure_raw_data/sim_single_species/Cutibacterium_acnes/reads/Cutibacterium_acnes__diff_k5_rep4_d5_R2.fastq.gz	figure_raw_data/sim_single_species/Cutibacterium_acnes/truth/Cutibacterium_acnes__diff_k5_rep4_d5.truth.tsv
single	Cutibacterium_acnes__diff_k5_rep4_d10	Cutibacterium_acnes	figure_raw_data/sim_single_species/Cutibacterium_acnes/reads/Cutibacterium_acnes__diff_k5_rep4_d10_R1.fastq.gz	figure_raw_data/sim_single_species/Cutibacterium_acnes/reads/Cutibacterium_acnes__diff_k5_rep4_d10_R2.fastq.gz	figure_raw_data/sim_single_species/Cutibacterium_acnes/truth/Cutibacterium_acnes__diff_k5_rep4_d10.truth.tsv
single	Cutibacterium_acnes__diff_k5_rep5_d0.5	Cutibacterium_acnes	figure_raw_data/sim_single_species/Cutibacterium_acnes/reads/Cutibacterium_acnes__diff_k5_rep5_d0.5_R1.fastq.gz	figure_raw_data/sim_single_species/Cutibacterium_acnes/reads/Cutibacterium_acnes__diff_k5_rep5_d0.5_R2.fastq.gz	figure_raw_data/sim_single_species/Cutibacterium_acnes/truth/Cutibacterium_acnes__diff_k5_rep5_d0.5.truth.tsv
single	Cutibacterium_acnes__diff_k5_rep5_d1	Cutibacterium_acnes	figure_raw_data/sim_single_species/Cutibacterium_acnes/reads/Cutibacterium_acnes__diff_k5_rep5_d1_R1.fastq.gz	figure_raw_data/sim_single_species/Cutibacterium_acnes/reads/Cutibacterium_acnes__diff_k5_rep5_d1_R2.fastq.gz	figure_raw_data/sim_single_species/Cutibacterium_acnes/truth/Cutibacterium_acnes__diff_k5_rep5_d1.truth.tsv
single	Cutibacterium_acnes__diff_k5_rep5_d3	Cutibacterium_acnes	figure_raw_data/sim_single_species/Cutibacterium_acnes/reads/Cutibacterium_acnes__diff_k5_rep5_d3_R1.fastq.gz	figure_raw_data/sim_single_species/Cutibacterium_acnes/reads/Cutibacterium_acnes__diff_k5_rep5_d3_R2.fastq.gz	figure_raw_data/sim_single_species/Cutibacterium_acnes/truth/Cutibacterium_acnes__diff_k5_rep5_d3.truth.tsv
single	Cutibacterium_acnes__diff_k5_rep5_d5	Cutibacterium_acnes	figure_raw_data/sim_single_species/Cutibacterium_acnes/reads/Cutibacterium_acnes__diff_k5_rep5_d5_R1.fastq.gz	figure_raw_data/sim_single_species/Cutibacterium_acnes/reads/Cutibacterium_acnes__diff_k5_rep5_d5_R2.fastq.gz	figure_raw_data/sim_single_species/Cutibacterium_acnes/truth/Cutibacterium_acnes__diff_k5_rep5_d5.truth.tsv
single	Cutibacterium_acnes__diff_k5_rep5_d10	Cutibacterium_acnes	figure_raw_data/sim_single_species/Cutibacterium_acnes/reads/Cutibacterium_acnes__diff_k5_rep5_d10_R1.fastq.gz	figure_raw_data/sim_single_species/Cutibacterium_acnes/reads/Cutibacterium_acnes__diff_k5_rep5_d10_R2.fastq.gz	figure_raw_data/sim_single_species/Cutibacterium_acnes/truth/Cutibacterium_acnes__diff_k5_rep5_d10.truth.tsv
single	Escherichia_coli__diff_k2_rep1_d0.5	Escherichia_coli	figure_raw_data/sim_single_species/Escherichia_coli/reads/Escherichia_coli__diff_k2_rep1_d0.5_R1.fastq.gz	figure_raw_data/sim_single_species/Escherichia_coli/reads/Escherichia_coli__diff_k2_rep1_d0.5_R2.fastq.gz	figure_raw_data/sim_single_species/Escherichia_coli/truth/Escherichia_coli__diff_k2_rep1_d0.5.truth.tsv
single	Escherichia_coli__diff_k2_rep1_d1	Escherichia_coli	figure_raw_data/sim_single_species/Escherichia_coli/reads/Escherichia_coli__diff_k2_rep1_d1_R1.fastq.gz	figure_raw_data/sim_single_species/Escherichia_coli/reads/Escherichia_coli__diff_k2_rep1_d1_R2.fastq.gz	figure_raw_data/sim_single_species/Escherichia_coli/truth/Escherichia_coli__diff_k2_rep1_d1.truth.tsv
single	Escherichia_coli__diff_k2_rep1_d3	Escherichia_coli	figure_raw_data/sim_single_species/Escherichia_coli/reads/Escherichia_coli__diff_k2_rep1_d3_R1.fastq.gz	figure_raw_data/sim_single_species/Escherichia_coli/reads/Escherichia_coli__diff_k2_rep1_d3_R2.fastq.gz	figure_raw_data/sim_single_species/Escherichia_coli/truth/Escherichia_coli__diff_k2_rep1_d3.truth.tsv
single	Escherichia_coli__diff_k2_rep1_d5	Escherichia_coli	figure_raw_data/sim_single_species/Escherichia_coli/reads/Escherichia_coli__diff_k2_rep1_d5_R1.fastq.gz	figure_raw_data/sim_single_species/Escherichia_coli/reads/Escherichia_coli__diff_k2_rep1_d5_R2.fastq.gz	figure_raw_data/sim_single_species/Escherichia_coli/truth/Escherichia_coli__diff_k2_rep1_d5.truth.tsv
single	Escherichia_coli__diff_k2_rep1_d10	Escherichia_coli	figure_raw_data/sim_single_species/Escherichia_coli/reads/Escherichia_coli__diff_k2_rep1_d10_R1.fastq.gz	figure_raw_data/sim_single_species/Escherichia_coli/reads/Escherichia_coli__diff_k2_rep1_d10_R2.fastq.gz	figure_raw_data/sim_single_species/Escherichia_coli/truth/Escherichia_coli__diff_k2_rep1_d10.truth.tsv
single	Escherichia_coli__diff_k2_rep2_d0.5	Escherichia_coli	figure_raw_data/sim_single_species/Escherichia_coli/reads/Escherichia_coli__diff_k2_rep2_d0.5_R1.fastq.gz	figure_raw_data/sim_single_species/Escherichia_coli/reads/Escherichia_coli__diff_k2_rep2_d0.5_R2.fastq.gz	figure_raw_data/sim_single_species/Escherichia_coli/truth/Escherichia_coli__diff_k2_rep2_d0.5.truth.tsv
single	Escherichia_coli__diff_k2_rep2_d1	Escherichia_coli	figure_raw_data/sim_single_species/Escherichia_coli/reads/Escherichia_coli__diff_k2_rep2_d1_R1.fastq.gz	figure_raw_data/sim_single_species/Escherichia_coli/reads/Escherichia_coli__diff_k2_rep2_d1_R2.fastq.gz	figure_raw_data/sim_single_species/Escherichia_coli/truth/Escherichia_coli__diff_k2_rep2_d1.truth.tsv
single	Escherichia_coli__diff_k2_rep2_d3	Escherichia_coli	figure_raw_data/sim_single_species/Escherichia_coli/reads/Escherichia_coli__diff_k2_rep2_d3_R1.fastq.gz	figure_raw_data/sim_single_species/Escherichia_coli/reads/Escherichia_coli__diff_k2_rep2_d3_R2.fastq.gz	figure_raw_data/sim_single_species/Escherichia_coli/truth/Escherichia_coli__diff_k2_rep2_d3.truth.tsv
single	Escherichia_coli__diff_k2_rep2_d5	Escherichia_coli	figure_raw_data/sim_single_species/Escherichia_coli/reads/Escherichia_coli__diff_k2_rep2_d5_R1.fastq.gz	figure_raw_data/sim_single_species/Escherichia_coli/reads/Escherichia_coli__diff_k2_rep2_d5_R2.fastq.gz	figure_raw_data/sim_single_species/Escherichia_coli/truth/Escherichia_coli__diff_k2_rep2_d5.truth.tsv
single	Escherichia_coli__diff_k2_rep2_d10	Escherichia_coli	figure_raw_data/sim_single_species/Escherichia_coli/reads/Escherichia_coli__diff_k2_rep2_d10_R1.fastq.gz	figure_raw_data/sim_single_species/Escherichia_coli/reads/Escherichia_coli__diff_k2_rep2_d10_R2.fastq.gz	figure_raw_data/sim_single_species/Escherichia_coli/truth/Escherichia_coli__diff_k2_rep2_d10.truth.tsv
single	Escherichia_coli__diff_k2_rep3_d0.5	Escherichia_coli	figure_raw_data/sim_single_species/Escherichia_coli/reads/Escherichia_coli__diff_k2_rep3_d0.5_R1.fastq.gz	figure_raw_data/sim_single_species/Escherichia_coli/reads/Escherichia_coli__diff_k2_rep3_d0.5_R2.fastq.gz	figure_raw_data/sim_single_species/Escherichia_coli/truth/Escherichia_coli__diff_k2_rep3_d0.5.truth.tsv
single	Escherichia_coli__diff_k2_rep3_d1	Escherichia_coli	figure_raw_data/sim_single_species/Escherichia_coli/reads/Escherichia_coli__diff_k2_rep3_d1_R1.fastq.gz	figure_raw_data/sim_single_species/Escherichia_coli/reads/Escherichia_coli__diff_k2_rep3_d1_R2.fastq.gz	figure_raw_data/sim_single_species/Escherichia_coli/truth/Escherichia_coli__diff_k2_rep3_d1.truth.tsv
single	Escherichia_coli__diff_k2_rep3_d3	Escherichia_coli	figure_raw_data/sim_single_species/Escherichia_coli/reads/Escherichia_coli__diff_k2_rep3_d3_R1.fastq.gz	figure_raw_data/sim_single_species/Escherichia_coli/reads/Escherichia_coli__diff_k2_rep3_d3_R2.fastq.gz	figure_raw_data/sim_single_species/Escherichia_coli/truth/Escherichia_coli__diff_k2_rep3_d3.truth.tsv
single	Escherichia_coli__diff_k2_rep3_d5	Escherichia_coli	figure_raw_data/sim_single_species/Escherichia_coli/reads/Escherichia_coli__diff_k2_rep3_d5_R1.fastq.gz	figure_raw_data/sim_single_species/Escherichia_coli/reads/Escherichia_coli__diff_k2_rep3_d5_R2.fastq.gz	figure_raw_data/sim_single_species/Escherichia_coli/truth/Escherichia_coli__diff_k2_rep3_d5.truth.tsv
single	Escherichia_coli__diff_k2_rep3_d10	Escherichia_coli	figure_raw_data/sim_single_species/Escherichia_coli/reads/Escherichia_coli__diff_k2_rep3_d10_R1.fastq.gz	figure_raw_data/sim_single_species/Escherichia_coli/reads/Escherichia_coli__diff_k2_rep3_d10_R2.fastq.gz	figure_raw_data/sim_single_species/Escherichia_coli/truth/Escherichia_coli__diff_k2_rep3_d10.truth.tsv
single	Escherichia_coli__diff_k2_rep4_d0.5	Escherichia_coli	figure_raw_data/sim_single_species/Escherichia_coli/reads/Escherichia_coli__diff_k2_rep4_d0.5_R1.fastq.gz	figure_raw_data/sim_single_species/Escherichia_coli/reads/Escherichia_coli__diff_k2_rep4_d0.5_R2.fastq.gz	figure_raw_data/sim_single_species/Escherichia_coli/truth/Escherichia_coli__diff_k2_rep4_d0.5.truth.tsv
single	Escherichia_coli__diff_k2_rep4_d1	Escherichia_coli	figure_raw_data/sim_single_species/Escherichia_coli/reads/Escherichia_coli__diff_k2_rep4_d1_R1.fastq.gz	figure_raw_data/sim_single_species/Escherichia_coli/reads/Escherichia_coli__diff_k2_rep4_d1_R2.fastq.gz	figure_raw_data/sim_single_species/Escherichia_coli/truth/Escherichia_coli__diff_k2_rep4_d1.truth.tsv
single	Escherichia_coli__diff_k2_rep4_d3	Escherichia_coli	figure_raw_data/sim_single_species/Escherichia_coli/reads/Escherichia_coli__diff_k2_rep4_d3_R1.fastq.gz	figure_raw_data/sim_single_species/Escherichia_coli/reads/Escherichia_coli__diff_k2_rep4_d3_R2.fastq.gz	figure_raw_data/sim_single_species/Escherichia_coli/truth/Escherichia_coli__diff_k2_rep4_d3.truth.tsv
single	Escherichia_coli__diff_k2_rep4_d5	Escherichia_coli	figure_raw_data/sim_single_species/Escherichia_coli/reads/Escherichia_coli__diff_k2_rep4_d5_R1.fastq.gz	figure_raw_data/sim_single_species/Escherichia_coli/reads/Escherichia_coli__diff_k2_rep4_d5_R2.fastq.gz	figure_raw_data/sim_single_species/Escherichia_coli/truth/Escherichia_coli__diff_k2_rep4_d5.truth.tsv
single	Escherichia_coli__diff_k2_rep4_d10	Escherichia_coli	figure_raw_data/sim_single_species/Escherichia_coli/reads/Escherichia_coli__diff_k2_rep4_d10_R1.fastq.gz	figure_raw_data/sim_single_species/Escherichia_coli/reads/Escherichia_coli__diff_k2_rep4_d10_R2.fastq.gz	figure_raw_data/sim_single_species/Escherichia_coli/truth/Escherichia_coli__diff_k2_rep4_d10.truth.tsv
single	Escherichia_coli__diff_k2_rep5_d0.5	Escherichia_coli	figure_raw_data/sim_single_species/Escherichia_coli/reads/Escherichia_coli__diff_k2_rep5_d0.5_R1.fastq.gz	figure_raw_data/sim_single_species/Escherichia_coli/reads/Escherichia_coli__diff_k2_rep5_d0.5_R2.fastq.gz	figure_raw_data/sim_single_species/Escherichia_coli/truth/Escherichia_coli__diff_k2_rep5_d0.5.truth.tsv
single	Escherichia_coli__diff_k2_rep5_d1	Escherichia_coli	figure_raw_data/sim_single_species/Escherichia_coli/reads/Escherichia_coli__diff_k2_rep5_d1_R1.fastq.gz	figure_raw_data/sim_single_species/Escherichia_coli/reads/Escherichia_coli__diff_k2_rep5_d1_R2.fastq.gz	figure_raw_data/sim_single_species/Escherichia_coli/truth/Escherichia_coli__diff_k2_rep5_d1.truth.tsv
single	Escherichia_coli__diff_k2_rep5_d3	Escherichia_coli	figure_raw_data/sim_single_species/Escherichia_coli/reads/Escherichia_coli__diff_k2_rep5_d3_R1.fastq.gz	figure_raw_data/sim_single_species/Escherichia_coli/reads/Escherichia_coli__diff_k2_rep5_d3_R2.fastq.gz	figure_raw_data/sim_single_species/Escherichia_coli/truth/Escherichia_coli__diff_k2_rep5_d3.truth.tsv
single	Escherichia_coli__diff_k2_rep5_d5	Escherichia_coli	figure_raw_data/sim_single_species/Escherichia_coli/reads/Escherichia_coli__diff_k2_rep5_d5_R1.fastq.gz	figure_raw_data/sim_single_species/Escherichia_coli/reads/Escherichia_coli__diff_k2_rep5_d5_R2.fastq.gz	figure_raw_data/sim_single_species/Escherichia_coli/truth/Escherichia_coli__diff_k2_rep5_d5.truth.tsv
single	Escherichia_coli__diff_k2_rep5_d10	Escherichia_coli	figure_raw_data/sim_single_species/Escherichia_coli/reads/Escherichia_coli__diff_k2_rep5_d10_R1.fastq.gz	figure_raw_data/sim_single_species/Escherichia_coli/reads/Escherichia_coli__diff_k2_rep5_d10_R2.fastq.gz	figure_raw_data/sim_single_species/Escherichia_coli/truth/Escherichia_coli__diff_k2_rep5_d10.truth.tsv
single	Escherichia_coli__diff_k3_rep1_d0.5	Escherichia_coli	figure_raw_data/sim_single_species/Escherichia_coli/reads/Escherichia_coli__diff_k3_rep1_d0.5_R1.fastq.gz	figure_raw_data/sim_single_species/Escherichia_coli/reads/Escherichia_coli__diff_k3_rep1_d0.5_R2.fastq.gz	figure_raw_data/sim_single_species/Escherichia_coli/truth/Escherichia_coli__diff_k3_rep1_d0.5.truth.tsv
single	Escherichia_coli__diff_k3_rep1_d1	Escherichia_coli	figure_raw_data/sim_single_species/Escherichia_coli/reads/Escherichia_coli__diff_k3_rep1_d1_R1.fastq.gz	figure_raw_data/sim_single_species/Escherichia_coli/reads/Escherichia_coli__diff_k3_rep1_d1_R2.fastq.gz	figure_raw_data/sim_single_species/Escherichia_coli/truth/Escherichia_coli__diff_k3_rep1_d1.truth.tsv
single	Escherichia_coli__diff_k3_rep1_d3	Escherichia_coli	figure_raw_data/sim_single_species/Escherichia_coli/reads/Escherichia_coli__diff_k3_rep1_d3_R1.fastq.gz	figure_raw_data/sim_single_species/Escherichia_coli/reads/Escherichia_coli__diff_k3_rep1_d3_R2.fastq.gz	figure_raw_data/sim_single_species/Escherichia_coli/truth/Escherichia_coli__diff_k3_rep1_d3.truth.tsv
single	Escherichia_coli__diff_k3_rep1_d5	Escherichia_coli	figure_raw_data/sim_single_species/Escherichia_coli/reads/Escherichia_coli__diff_k3_rep1_d5_R1.fastq.gz	figure_raw_data/sim_single_species/Escherichia_coli/reads/Escherichia_coli__diff_k3_rep1_d5_R2.fastq.gz	figure_raw_data/sim_single_species/Escherichia_coli/truth/Escherichia_coli__diff_k3_rep1_d5.truth.tsv
single	Escherichia_coli__diff_k3_rep1_d10	Escherichia_coli	figure_raw_data/sim_single_species/Escherichia_coli/reads/Escherichia_coli__diff_k3_rep1_d10_R1.fastq.gz	figure_raw_data/sim_single_species/Escherichia_coli/reads/Escherichia_coli__diff_k3_rep1_d10_R2.fastq.gz	figure_raw_data/sim_single_species/Escherichia_coli/truth/Escherichia_coli__diff_k3_rep1_d10.truth.tsv
single	Escherichia_coli__diff_k3_rep2_d0.5	Escherichia_coli	figure_raw_data/sim_single_species/Escherichia_coli/reads/Escherichia_coli__diff_k3_rep2_d0.5_R1.fastq.gz	figure_raw_data/sim_single_species/Escherichia_coli/reads/Escherichia_coli__diff_k3_rep2_d0.5_R2.fastq.gz	figure_raw_data/sim_single_species/Escherichia_coli/truth/Escherichia_coli__diff_k3_rep2_d0.5.truth.tsv
single	Escherichia_coli__diff_k3_rep2_d1	Escherichia_coli	figure_raw_data/sim_single_species/Escherichia_coli/reads/Escherichia_coli__diff_k3_rep2_d1_R1.fastq.gz	figure_raw_data/sim_single_species/Escherichia_coli/reads/Escherichia_coli__diff_k3_rep2_d1_R2.fastq.gz	figure_raw_data/sim_single_species/Escherichia_coli/truth/Escherichia_coli__diff_k3_rep2_d1.truth.tsv
single	Escherichia_coli__diff_k3_rep2_d3	Escherichia_coli	figure_raw_data/sim_single_species/Escherichia_coli/reads/Escherichia_coli__diff_k3_rep2_d3_R1.fastq.gz	figure_raw_data/sim_single_species/Escherichia_coli/reads/Escherichia_coli__diff_k3_rep2_d3_R2.fastq.gz	figure_raw_data/sim_single_species/Escherichia_coli/truth/Escherichia_coli__diff_k3_rep2_d3.truth.tsv
single	Escherichia_coli__diff_k3_rep2_d5	Escherichia_coli	figure_raw_data/sim_single_species/Escherichia_coli/reads/Escherichia_coli__diff_k3_rep2_d5_R1.fastq.gz	figure_raw_data/sim_single_species/Escherichia_coli/reads/Escherichia_coli__diff_k3_rep2_d5_R2.fastq.gz	figure_raw_data/sim_single_species/Escherichia_coli/truth/Escherichia_coli__diff_k3_rep2_d5.truth.tsv
single	Escherichia_coli__diff_k3_rep2_d10	Escherichia_coli	figure_raw_data/sim_single_species/Escherichia_coli/reads/Escherichia_coli__diff_k3_rep2_d10_R1.fastq.gz	figure_raw_data/sim_single_species/Escherichia_coli/reads/Escherichia_coli__diff_k3_rep2_d10_R2.fastq.gz	figure_raw_data/sim_single_species/Escherichia_coli/truth/Escherichia_coli__diff_k3_rep2_d10.truth.tsv
single	Escherichia_coli__diff_k3_rep3_d0.5	Escherichia_coli	figure_raw_data/sim_single_species/Escherichia_coli/reads/Escherichia_coli__diff_k3_rep3_d0.5_R1.fastq.gz	figure_raw_data/sim_single_species/Escherichia_coli/reads/Escherichia_coli__diff_k3_rep3_d0.5_R2.fastq.gz	figure_raw_data/sim_single_species/Escherichia_coli/truth/Escherichia_coli__diff_k3_rep3_d0.5.truth.tsv
single	Escherichia_coli__diff_k3_rep3_d1	Escherichia_coli	figure_raw_data/sim_single_species/Escherichia_coli/reads/Escherichia_coli__diff_k3_rep3_d1_R1.fastq.gz	figure_raw_data/sim_single_species/Escherichia_coli/reads/Escherichia_coli__diff_k3_rep3_d1_R2.fastq.gz	figure_raw_data/sim_single_species/Escherichia_coli/truth/Escherichia_coli__diff_k3_rep3_d1.truth.tsv
single	Escherichia_coli__diff_k3_rep3_d3	Escherichia_coli	figure_raw_data/sim_single_species/Escherichia_coli/reads/Escherichia_coli__diff_k3_rep3_d3_R1.fastq.gz	figure_raw_data/sim_single_species/Escherichia_coli/reads/Escherichia_coli__diff_k3_rep3_d3_R2.fastq.gz	figure_raw_data/sim_single_species/Escherichia_coli/truth/Escherichia_coli__diff_k3_rep3_d3.truth.tsv
single	Escherichia_coli__diff_k3_rep3_d5	Escherichia_coli	figure_raw_data/sim_single_species/Escherichia_coli/reads/Escherichia_coli__diff_k3_rep3_d5_R1.fastq.gz	figure_raw_data/sim_single_species/Escherichia_coli/reads/Escherichia_coli__diff_k3_rep3_d5_R2.fastq.gz	figure_raw_data/sim_single_species/Escherichia_coli/truth/Escherichia_coli__diff_k3_rep3_d5.truth.tsv
single	Escherichia_coli__diff_k3_rep3_d10	Escherichia_coli	figure_raw_data/sim_single_species/Escherichia_coli/reads/Escherichia_coli__diff_k3_rep3_d10_R1.fastq.gz	figure_raw_data/sim_single_species/Escherichia_coli/reads/Escherichia_coli__diff_k3_rep3_d10_R2.fastq.gz	figure_raw_data/sim_single_species/Escherichia_coli/truth/Escherichia_coli__diff_k3_rep3_d10.truth.tsv
single	Escherichia_coli__diff_k3_rep4_d0.5	Escherichia_coli	figure_raw_data/sim_single_species/Escherichia_coli/reads/Escherichia_coli__diff_k3_rep4_d0.5_R1.fastq.gz	figure_raw_data/sim_single_species/Escherichia_coli/reads/Escherichia_coli__diff_k3_rep4_d0.5_R2.fastq.gz	figure_raw_data/sim_single_species/Escherichia_coli/truth/Escherichia_coli__diff_k3_rep4_d0.5.truth.tsv
single	Escherichia_coli__diff_k3_rep4_d1	Escherichia_coli	figure_raw_data/sim_single_species/Escherichia_coli/reads/Escherichia_coli__diff_k3_rep4_d1_R1.fastq.gz	figure_raw_data/sim_single_species/Escherichia_coli/reads/Escherichia_coli__diff_k3_rep4_d1_R2.fastq.gz	figure_raw_data/sim_single_species/Escherichia_coli/truth/Escherichia_coli__diff_k3_rep4_d1.truth.tsv
single	Escherichia_coli__diff_k3_rep4_d3	Escherichia_coli	figure_raw_data/sim_single_species/Escherichia_coli/reads/Escherichia_coli__diff_k3_rep4_d3_R1.fastq.gz	figure_raw_data/sim_single_species/Escherichia_coli/reads/Escherichia_coli__diff_k3_rep4_d3_R2.fastq.gz	figure_raw_data/sim_single_species/Escherichia_coli/truth/Escherichia_coli__diff_k3_rep4_d3.truth.tsv
single	Escherichia_coli__diff_k3_rep4_d5	Escherichia_coli	figure_raw_data/sim_single_species/Escherichia_coli/reads/Escherichia_coli__diff_k3_rep4_d5_R1.fastq.gz	figure_raw_data/sim_single_species/Escherichia_coli/reads/Escherichia_coli__diff_k3_rep4_d5_R2.fastq.gz	figure_raw_data/sim_single_species/Escherichia_coli/truth/Escherichia_coli__diff_k3_rep4_d5.truth.tsv
single	Escherichia_coli__diff_k3_rep4_d10	Escherichia_coli	figure_raw_data/sim_single_species/Escherichia_coli/reads/Escherichia_coli__diff_k3_rep4_d10_R1.fastq.gz	figure_raw_data/sim_single_species/Escherichia_coli/reads/Escherichia_coli__diff_k3_rep4_d10_R2.fastq.gz	figure_raw_data/sim_single_species/Escherichia_coli/truth/Escherichia_coli__diff_k3_rep4_d10.truth.tsv
single	Escherichia_coli__diff_k3_rep5_d0.5	Escherichia_coli	figure_raw_data/sim_single_species/Escherichia_coli/reads/Escherichia_coli__diff_k3_rep5_d0.5_R1.fastq.gz	figure_raw_data/sim_single_species/Escherichia_coli/reads/Escherichia_coli__diff_k3_rep5_d0.5_R2.fastq.gz	figure_raw_data/sim_single_species/Escherichia_coli/truth/Escherichia_coli__diff_k3_rep5_d0.5.truth.tsv
single	Escherichia_coli__diff_k3_rep5_d1	Escherichia_coli	figure_raw_data/sim_single_species/Escherichia_coli/reads/Escherichia_coli__diff_k3_rep5_d1_R1.fastq.gz	figure_raw_data/sim_single_species/Escherichia_coli/reads/Escherichia_coli__diff_k3_rep5_d1_R2.fastq.gz	figure_raw_data/sim_single_species/Escherichia_coli/truth/Escherichia_coli__diff_k3_rep5_d1.truth.tsv
single	Escherichia_coli__diff_k3_rep5_d3	Escherichia_coli	figure_raw_data/sim_single_species/Escherichia_coli/reads/Escherichia_coli__diff_k3_rep5_d3_R1.fastq.gz	figure_raw_data/sim_single_species/Escherichia_coli/reads/Escherichia_coli__diff_k3_rep5_d3_R2.fastq.gz	figure_raw_data/sim_single_species/Escherichia_coli/truth/Escherichia_coli__diff_k3_rep5_d3.truth.tsv
single	Escherichia_coli__diff_k3_rep5_d5	Escherichia_coli	figure_raw_data/sim_single_species/Escherichia_coli/reads/Escherichia_coli__diff_k3_rep5_d5_R1.fastq.gz	figure_raw_data/sim_single_species/Escherichia_coli/reads/Escherichia_coli__diff_k3_rep5_d5_R2.fastq.gz	figure_raw_data/sim_single_species/Escherichia_coli/truth/Escherichia_coli__diff_k3_rep5_d5.truth.tsv
single	Escherichia_coli__diff_k3_rep5_d10	Escherichia_coli	figure_raw_data/sim_single_species/Escherichia_coli/reads/Escherichia_coli__diff_k3_rep5_d10_R1.fastq.gz	figure_raw_data/sim_single_species/Escherichia_coli/reads/Escherichia_coli__diff_k3_rep5_d10_R2.fastq.gz	figure_raw_data/sim_single_species/Escherichia_coli/truth/Escherichia_coli__diff_k3_rep5_d10.truth.tsv
single	Escherichia_coli__diff_k5_rep1_d0.5	Escherichia_coli	figure_raw_data/sim_single_species/Escherichia_coli/reads/Escherichia_coli__diff_k5_rep1_d0.5_R1.fastq.gz	figure_raw_data/sim_single_species/Escherichia_coli/reads/Escherichia_coli__diff_k5_rep1_d0.5_R2.fastq.gz	figure_raw_data/sim_single_species/Escherichia_coli/truth/Escherichia_coli__diff_k5_rep1_d0.5.truth.tsv
single	Escherichia_coli__diff_k5_rep1_d1	Escherichia_coli	figure_raw_data/sim_single_species/Escherichia_coli/reads/Escherichia_coli__diff_k5_rep1_d1_R1.fastq.gz	figure_raw_data/sim_single_species/Escherichia_coli/reads/Escherichia_coli__diff_k5_rep1_d1_R2.fastq.gz	figure_raw_data/sim_single_species/Escherichia_coli/truth/Escherichia_coli__diff_k5_rep1_d1.truth.tsv
single	Escherichia_coli__diff_k5_rep1_d3	Escherichia_coli	figure_raw_data/sim_single_species/Escherichia_coli/reads/Escherichia_coli__diff_k5_rep1_d3_R1.fastq.gz	figure_raw_data/sim_single_species/Escherichia_coli/reads/Escherichia_coli__diff_k5_rep1_d3_R2.fastq.gz	figure_raw_data/sim_single_species/Escherichia_coli/truth/Escherichia_coli__diff_k5_rep1_d3.truth.tsv
single	Escherichia_coli__diff_k5_rep1_d5	Escherichia_coli	figure_raw_data/sim_single_species/Escherichia_coli/reads/Escherichia_coli__diff_k5_rep1_d5_R1.fastq.gz	figure_raw_data/sim_single_species/Escherichia_coli/reads/Escherichia_coli__diff_k5_rep1_d5_R2.fastq.gz	figure_raw_data/sim_single_species/Escherichia_coli/truth/Escherichia_coli__diff_k5_rep1_d5.truth.tsv
single	Escherichia_coli__diff_k5_rep1_d10	Escherichia_coli	figure_raw_data/sim_single_species/Escherichia_coli/reads/Escherichia_coli__diff_k5_rep1_d10_R1.fastq.gz	figure_raw_data/sim_single_species/Escherichia_coli/reads/Escherichia_coli__diff_k5_rep1_d10_R2.fastq.gz	figure_raw_data/sim_single_species/Escherichia_coli/truth/Escherichia_coli__diff_k5_rep1_d10.truth.tsv
single	Escherichia_coli__diff_k5_rep2_d0.5	Escherichia_coli	figure_raw_data/sim_single_species/Escherichia_coli/reads/Escherichia_coli__diff_k5_rep2_d0.5_R1.fastq.gz	figure_raw_data/sim_single_species/Escherichia_coli/reads/Escherichia_coli__diff_k5_rep2_d0.5_R2.fastq.gz	figure_raw_data/sim_single_species/Escherichia_coli/truth/Escherichia_coli__diff_k5_rep2_d0.5.truth.tsv
single	Escherichia_coli__diff_k5_rep2_d1	Escherichia_coli	figure_raw_data/sim_single_species/Escherichia_coli/reads/Escherichia_coli__diff_k5_rep2_d1_R1.fastq.gz	figure_raw_data/sim_single_species/Escherichia_coli/reads/Escherichia_coli__diff_k5_rep2_d1_R2.fastq.gz	figure_raw_data/sim_single_species/Escherichia_coli/truth/Escherichia_coli__diff_k5_rep2_d1.truth.tsv
single	Escherichia_coli__diff_k5_rep2_d3	Escherichia_coli	figure_raw_data/sim_single_species/Escherichia_coli/reads/Escherichia_coli__diff_k5_rep2_d3_R1.fastq.gz	figure_raw_data/sim_single_species/Escherichia_coli/reads/Escherichia_coli__diff_k5_rep2_d3_R2.fastq.gz	figure_raw_data/sim_single_species/Escherichia_coli/truth/Escherichia_coli__diff_k5_rep2_d3.truth.tsv
single	Escherichia_coli__diff_k5_rep2_d5	Escherichia_coli	figure_raw_data/sim_single_species/Escherichia_coli/reads/Escherichia_coli__diff_k5_rep2_d5_R1.fastq.gz	figure_raw_data/sim_single_species/Escherichia_coli/reads/Escherichia_coli__diff_k5_rep2_d5_R2.fastq.gz	figure_raw_data/sim_single_species/Escherichia_coli/truth/Escherichia_coli__diff_k5_rep2_d5.truth.tsv
single	Escherichia_coli__diff_k5_rep2_d10	Escherichia_coli	figure_raw_data/sim_single_species/Escherichia_coli/reads/Escherichia_coli__diff_k5_rep2_d10_R1.fastq.gz	figure_raw_data/sim_single_species/Escherichia_coli/reads/Escherichia_coli__diff_k5_rep2_d10_R2.fastq.gz	figure_raw_data/sim_single_species/Escherichia_coli/truth/Escherichia_coli__diff_k5_rep2_d10.truth.tsv
single	Escherichia_coli__diff_k5_rep3_d0.5	Escherichia_coli	figure_raw_data/sim_single_species/Escherichia_coli/reads/Escherichia_coli__diff_k5_rep3_d0.5_R1.fastq.gz	figure_raw_data/sim_single_species/Escherichia_coli/reads/Escherichia_coli__diff_k5_rep3_d0.5_R2.fastq.gz	figure_raw_data/sim_single_species/Escherichia_coli/truth/Escherichia_coli__diff_k5_rep3_d0.5.truth.tsv
single	Escherichia_coli__diff_k5_rep3_d1	Escherichia_coli	figure_raw_data/sim_single_species/Escherichia_coli/reads/Escherichia_coli__diff_k5_rep3_d1_R1.fastq.gz	figure_raw_data/sim_single_species/Escherichia_coli/reads/Escherichia_coli__diff_k5_rep3_d1_R2.fastq.gz	figure_raw_data/sim_single_species/Escherichia_coli/truth/Escherichia_coli__diff_k5_rep3_d1.truth.tsv
single	Escherichia_coli__diff_k5_rep3_d3	Escherichia_coli	figure_raw_data/sim_single_species/Escherichia_coli/reads/Escherichia_coli__diff_k5_rep3_d3_R1.fastq.gz	figure_raw_data/sim_single_species/Escherichia_coli/reads/Escherichia_coli__diff_k5_rep3_d3_R2.fastq.gz	figure_raw_data/sim_single_species/Escherichia_coli/truth/Escherichia_coli__diff_k5_rep3_d3.truth.tsv
single	Escherichia_coli__diff_k5_rep3_d5	Escherichia_coli	figure_raw_data/sim_single_species/Escherichia_coli/reads/Escherichia_coli__diff_k5_rep3_d5_R1.fastq.gz	figure_raw_data/sim_single_species/Escherichia_coli/reads/Escherichia_coli__diff_k5_rep3_d5_R2.fastq.gz	figure_raw_data/sim_single_species/Escherichia_coli/truth/Escherichia_coli__diff_k5_rep3_d5.truth.tsv
single	Escherichia_coli__diff_k5_rep3_d10	Escherichia_coli	figure_raw_data/sim_single_species/Escherichia_coli/reads/Escherichia_coli__diff_k5_rep3_d10_R1.fastq.gz	figure_raw_data/sim_single_species/Escherichia_coli/reads/Escherichia_coli__diff_k5_rep3_d10_R2.fastq.gz	figure_raw_data/sim_single_species/Escherichia_coli/truth/Escherichia_coli__diff_k5_rep3_d10.truth.tsv
single	Escherichia_coli__diff_k5_rep4_d0.5	Escherichia_coli	figure_raw_data/sim_single_species/Escherichia_coli/reads/Escherichia_coli__diff_k5_rep4_d0.5_R1.fastq.gz	figure_raw_data/sim_single_species/Escherichia_coli/reads/Escherichia_coli__diff_k5_rep4_d0.5_R2.fastq.gz	figure_raw_data/sim_single_species/Escherichia_coli/truth/Escherichia_coli__diff_k5_rep4_d0.5.truth.tsv
single	Escherichia_coli__diff_k5_rep4_d1	Escherichia_coli	figure_raw_data/sim_single_species/Escherichia_coli/reads/Escherichia_coli__diff_k5_rep4_d1_R1.fastq.gz	figure_raw_data/sim_single_species/Escherichia_coli/reads/Escherichia_coli__diff_k5_rep4_d1_R2.fastq.gz	figure_raw_data/sim_single_species/Escherichia_coli/truth/Escherichia_coli__diff_k5_rep4_d1.truth.tsv
single	Escherichia_coli__diff_k5_rep4_d3	Escherichia_coli	figure_raw_data/sim_single_species/Escherichia_coli/reads/Escherichia_coli__diff_k5_rep4_d3_R1.fastq.gz	figure_raw_data/sim_single_species/Escherichia_coli/reads/Escherichia_coli__diff_k5_rep4_d3_R2.fastq.gz	figure_raw_data/sim_single_species/Escherichia_coli/truth/Escherichia_coli__diff_k5_rep4_d3.truth.tsv
single	Escherichia_coli__diff_k5_rep4_d5	Escherichia_coli	figure_raw_data/sim_single_species/Escherichia_coli/reads/Escherichia_coli__diff_k5_rep4_d5_R1.fastq.gz	figure_raw_data/sim_single_species/Escherichia_coli/reads/Escherichia_coli__diff_k5_rep4_d5_R2.fastq.gz	figure_raw_data/sim_single_species/Escherichia_coli/truth/Escherichia_coli__diff_k5_rep4_d5.truth.tsv
single	Escherichia_coli__diff_k5_rep4_d10	Escherichia_coli	figure_raw_data/sim_single_species/Escherichia_coli/reads/Escherichia_coli__diff_k5_rep4_d10_R1.fastq.gz	figure_raw_data/sim_single_species/Escherichia_coli/reads/Escherichia_coli__diff_k5_rep4_d10_R2.fastq.gz	figure_raw_data/sim_single_species/Escherichia_coli/truth/Escherichia_coli__diff_k5_rep4_d10.truth.tsv
single	Escherichia_coli__diff_k5_rep5_d0.5	Escherichia_coli	figure_raw_data/sim_single_species/Escherichia_coli/reads/Escherichia_coli__diff_k5_rep5_d0.5_R1.fastq.gz	figure_raw_data/sim_single_species/Escherichia_coli/reads/Escherichia_coli__diff_k5_rep5_d0.5_R2.fastq.gz	figure_raw_data/sim_single_species/Escherichia_coli/truth/Escherichia_coli__diff_k5_rep5_d0.5.truth.tsv
single	Escherichia_coli__diff_k5_rep5_d1	Escherichia_coli	figure_raw_data/sim_single_species/Escherichia_coli/reads/Escherichia_coli__diff_k5_rep5_d1_R1.fastq.gz	figure_raw_data/sim_single_species/Escherichia_coli/reads/Escherichia_coli__diff_k5_rep5_d1_R2.fastq.gz	figure_raw_data/sim_single_species/Escherichia_coli/truth/Escherichia_coli__diff_k5_rep5_d1.truth.tsv
single	Escherichia_coli__diff_k5_rep5_d3	Escherichia_coli	figure_raw_data/sim_single_species/Escherichia_coli/reads/Escherichia_coli__diff_k5_rep5_d3_R1.fastq.gz	figure_raw_data/sim_single_species/Escherichia_coli/reads/Escherichia_coli__diff_k5_rep5_d3_R2.fastq.gz	figure_raw_data/sim_single_species/Escherichia_coli/truth/Escherichia_coli__diff_k5_rep5_d3.truth.tsv
single	Escherichia_coli__diff_k5_rep5_d5	Escherichia_coli	figure_raw_data/sim_single_species/Escherichia_coli/reads/Escherichia_coli__diff_k5_rep5_d5_R1.fastq.gz	figure_raw_data/sim_single_species/Escherichia_coli/reads/Escherichia_coli__diff_k5_rep5_d5_R2.fastq.gz	figure_raw_data/sim_single_species/Escherichia_coli/truth/Escherichia_coli__diff_k5_rep5_d5.truth.tsv
single	Escherichia_coli__diff_k5_rep5_d10	Escherichia_coli	figure_raw_data/sim_single_species/Escherichia_coli/reads/Escherichia_coli__diff_k5_rep5_d10_R1.fastq.gz	figure_raw_data/sim_single_species/Escherichia_coli/reads/Escherichia_coli__diff_k5_rep5_d10_R2.fastq.gz	figure_raw_data/sim_single_species/Escherichia_coli/truth/Escherichia_coli__diff_k5_rep5_d10.truth.tsv
single	Fusobacterium_nucleatum__diff_k2_rep1_d0.5	Fusobacterium_nucleatum	figure_raw_data/sim_single_species/Fusobacterium_nucleatum/reads/Fusobacterium_nucleatum__diff_k2_rep1_d0.5_R1.fastq.gz	figure_raw_data/sim_single_species/Fusobacterium_nucleatum/reads/Fusobacterium_nucleatum__diff_k2_rep1_d0.5_R2.fastq.gz	figure_raw_data/sim_single_species/Fusobacterium_nucleatum/truth/Fusobacterium_nucleatum__diff_k2_rep1_d0.5.truth.tsv
single	Fusobacterium_nucleatum__diff_k2_rep1_d1	Fusobacterium_nucleatum	figure_raw_data/sim_single_species/Fusobacterium_nucleatum/reads/Fusobacterium_nucleatum__diff_k2_rep1_d1_R1.fastq.gz	figure_raw_data/sim_single_species/Fusobacterium_nucleatum/reads/Fusobacterium_nucleatum__diff_k2_rep1_d1_R2.fastq.gz	figure_raw_data/sim_single_species/Fusobacterium_nucleatum/truth/Fusobacterium_nucleatum__diff_k2_rep1_d1.truth.tsv
single	Fusobacterium_nucleatum__diff_k2_rep1_d3	Fusobacterium_nucleatum	figure_raw_data/sim_single_species/Fusobacterium_nucleatum/reads/Fusobacterium_nucleatum__diff_k2_rep1_d3_R1.fastq.gz	figure_raw_data/sim_single_species/Fusobacterium_nucleatum/reads/Fusobacterium_nucleatum__diff_k2_rep1_d3_R2.fastq.gz	figure_raw_data/sim_single_species/Fusobacterium_nucleatum/truth/Fusobacterium_nucleatum__diff_k2_rep1_d3.truth.tsv
single	Fusobacterium_nucleatum__diff_k2_rep1_d5	Fusobacterium_nucleatum	figure_raw_data/sim_single_species/Fusobacterium_nucleatum/reads/Fusobacterium_nucleatum__diff_k2_rep1_d5_R1.fastq.gz	figure_raw_data/sim_single_species/Fusobacterium_nucleatum/reads/Fusobacterium_nucleatum__diff_k2_rep1_d5_R2.fastq.gz	figure_raw_data/sim_single_species/Fusobacterium_nucleatum/truth/Fusobacterium_nucleatum__diff_k2_rep1_d5.truth.tsv
single	Fusobacterium_nucleatum__diff_k2_rep1_d10	Fusobacterium_nucleatum	figure_raw_data/sim_single_species/Fusobacterium_nucleatum/reads/Fusobacterium_nucleatum__diff_k2_rep1_d10_R1.fastq.gz	figure_raw_data/sim_single_species/Fusobacterium_nucleatum/reads/Fusobacterium_nucleatum__diff_k2_rep1_d10_R2.fastq.gz	figure_raw_data/sim_single_species/Fusobacterium_nucleatum/truth/Fusobacterium_nucleatum__diff_k2_rep1_d10.truth.tsv
single	Fusobacterium_nucleatum__diff_k2_rep2_d0.5	Fusobacterium_nucleatum	figure_raw_data/sim_single_species/Fusobacterium_nucleatum/reads/Fusobacterium_nucleatum__diff_k2_rep2_d0.5_R1.fastq.gz	figure_raw_data/sim_single_species/Fusobacterium_nucleatum/reads/Fusobacterium_nucleatum__diff_k2_rep2_d0.5_R2.fastq.gz	figure_raw_data/sim_single_species/Fusobacterium_nucleatum/truth/Fusobacterium_nucleatum__diff_k2_rep2_d0.5.truth.tsv
single	Fusobacterium_nucleatum__diff_k2_rep2_d1	Fusobacterium_nucleatum	figure_raw_data/sim_single_species/Fusobacterium_nucleatum/reads/Fusobacterium_nucleatum__diff_k2_rep2_d1_R1.fastq.gz	figure_raw_data/sim_single_species/Fusobacterium_nucleatum/reads/Fusobacterium_nucleatum__diff_k2_rep2_d1_R2.fastq.gz	figure_raw_data/sim_single_species/Fusobacterium_nucleatum/truth/Fusobacterium_nucleatum__diff_k2_rep2_d1.truth.tsv
single	Fusobacterium_nucleatum__diff_k2_rep2_d3	Fusobacterium_nucleatum	figure_raw_data/sim_single_species/Fusobacterium_nucleatum/reads/Fusobacterium_nucleatum__diff_k2_rep2_d3_R1.fastq.gz	figure_raw_data/sim_single_species/Fusobacterium_nucleatum/reads/Fusobacterium_nucleatum__diff_k2_rep2_d3_R2.fastq.gz	figure_raw_data/sim_single_species/Fusobacterium_nucleatum/truth/Fusobacterium_nucleatum__diff_k2_rep2_d3.truth.tsv
single	Fusobacterium_nucleatum__diff_k2_rep2_d5	Fusobacterium_nucleatum	figure_raw_data/sim_single_species/Fusobacterium_nucleatum/reads/Fusobacterium_nucleatum__diff_k2_rep2_d5_R1.fastq.gz	figure_raw_data/sim_single_species/Fusobacterium_nucleatum/reads/Fusobacterium_nucleatum__diff_k2_rep2_d5_R2.fastq.gz	figure_raw_data/sim_single_species/Fusobacterium_nucleatum/truth/Fusobacterium_nucleatum__diff_k2_rep2_d5.truth.tsv
single	Fusobacterium_nucleatum__diff_k2_rep2_d10	Fusobacterium_nucleatum	figure_raw_data/sim_single_species/Fusobacterium_nucleatum/reads/Fusobacterium_nucleatum__diff_k2_rep2_d10_R1.fastq.gz	figure_raw_data/sim_single_species/Fusobacterium_nucleatum/reads/Fusobacterium_nucleatum__diff_k2_rep2_d10_R2.fastq.gz	figure_raw_data/sim_single_species/Fusobacterium_nucleatum/truth/Fusobacterium_nucleatum__diff_k2_rep2_d10.truth.tsv
single	Fusobacterium_nucleatum__diff_k2_rep3_d0.5	Fusobacterium_nucleatum	figure_raw_data/sim_single_species/Fusobacterium_nucleatum/reads/Fusobacterium_nucleatum__diff_k2_rep3_d0.5_R1.fastq.gz	figure_raw_data/sim_single_species/Fusobacterium_nucleatum/reads/Fusobacterium_nucleatum__diff_k2_rep3_d0.5_R2.fastq.gz	figure_raw_data/sim_single_species/Fusobacterium_nucleatum/truth/Fusobacterium_nucleatum__diff_k2_rep3_d0.5.truth.tsv
single	Fusobacterium_nucleatum__diff_k2_rep3_d1	Fusobacterium_nucleatum	figure_raw_data/sim_single_species/Fusobacterium_nucleatum/reads/Fusobacterium_nucleatum__diff_k2_rep3_d1_R1.fastq.gz	figure_raw_data/sim_single_species/Fusobacterium_nucleatum/reads/Fusobacterium_nucleatum__diff_k2_rep3_d1_R2.fastq.gz	figure_raw_data/sim_single_species/Fusobacterium_nucleatum/truth/Fusobacterium_nucleatum__diff_k2_rep3_d1.truth.tsv
single	Fusobacterium_nucleatum__diff_k2_rep3_d3	Fusobacterium_nucleatum	figure_raw_data/sim_single_species/Fusobacterium_nucleatum/reads/Fusobacterium_nucleatum__diff_k2_rep3_d3_R1.fastq.gz	figure_raw_data/sim_single_species/Fusobacterium_nucleatum/reads/Fusobacterium_nucleatum__diff_k2_rep3_d3_R2.fastq.gz	figure_raw_data/sim_single_species/Fusobacterium_nucleatum/truth/Fusobacterium_nucleatum__diff_k2_rep3_d3.truth.tsv
single	Fusobacterium_nucleatum__diff_k2_rep3_d5	Fusobacterium_nucleatum	figure_raw_data/sim_single_species/Fusobacterium_nucleatum/reads/Fusobacterium_nucleatum__diff_k2_rep3_d5_R1.fastq.gz	figure_raw_data/sim_single_species/Fusobacterium_nucleatum/reads/Fusobacterium_nucleatum__diff_k2_rep3_d5_R2.fastq.gz	figure_raw_data/sim_single_species/Fusobacterium_nucleatum/truth/Fusobacterium_nucleatum__diff_k2_rep3_d5.truth.tsv
single	Fusobacterium_nucleatum__diff_k2_rep3_d10	Fusobacterium_nucleatum	figure_raw_data/sim_single_species/Fusobacterium_nucleatum/reads/Fusobacterium_nucleatum__diff_k2_rep3_d10_R1.fastq.gz	figure_raw_data/sim_single_species/Fusobacterium_nucleatum/reads/Fusobacterium_nucleatum__diff_k2_rep3_d10_R2.fastq.gz	figure_raw_data/sim_single_species/Fusobacterium_nucleatum/truth/Fusobacterium_nucleatum__diff_k2_rep3_d10.truth.tsv
single	Fusobacterium_nucleatum__diff_k2_rep4_d0.5	Fusobacterium_nucleatum	figure_raw_data/sim_single_species/Fusobacterium_nucleatum/reads/Fusobacterium_nucleatum__diff_k2_rep4_d0.5_R1.fastq.gz	figure_raw_data/sim_single_species/Fusobacterium_nucleatum/reads/Fusobacterium_nucleatum__diff_k2_rep4_d0.5_R2.fastq.gz	figure_raw_data/sim_single_species/Fusobacterium_nucleatum/truth/Fusobacterium_nucleatum__diff_k2_rep4_d0.5.truth.tsv
single	Fusobacterium_nucleatum__diff_k2_rep4_d1	Fusobacterium_nucleatum	figure_raw_data/sim_single_species/Fusobacterium_nucleatum/reads/Fusobacterium_nucleatum__diff_k2_rep4_d1_R1.fastq.gz	figure_raw_data/sim_single_species/Fusobacterium_nucleatum/reads/Fusobacterium_nucleatum__diff_k2_rep4_d1_R2.fastq.gz	figure_raw_data/sim_single_species/Fusobacterium_nucleatum/truth/Fusobacterium_nucleatum__diff_k2_rep4_d1.truth.tsv
single	Fusobacterium_nucleatum__diff_k2_rep4_d3	Fusobacterium_nucleatum	figure_raw_data/sim_single_species/Fusobacterium_nucleatum/reads/Fusobacterium_nucleatum__diff_k2_rep4_d3_R1.fastq.gz	figure_raw_data/sim_single_species/Fusobacterium_nucleatum/reads/Fusobacterium_nucleatum__diff_k2_rep4_d3_R2.fastq.gz	figure_raw_data/sim_single_species/Fusobacterium_nucleatum/truth/Fusobacterium_nucleatum__diff_k2_rep4_d3.truth.tsv
single	Fusobacterium_nucleatum__diff_k2_rep4_d5	Fusobacterium_nucleatum	figure_raw_data/sim_single_species/Fusobacterium_nucleatum/reads/Fusobacterium_nucleatum__diff_k2_rep4_d5_R1.fastq.gz	figure_raw_data/sim_single_species/Fusobacterium_nucleatum/reads/Fusobacterium_nucleatum__diff_k2_rep4_d5_R2.fastq.gz	figure_raw_data/sim_single_species/Fusobacterium_nucleatum/truth/Fusobacterium_nucleatum__diff_k2_rep4_d5.truth.tsv
single	Fusobacterium_nucleatum__diff_k2_rep4_d10	Fusobacterium_nucleatum	figure_raw_data/sim_single_species/Fusobacterium_nucleatum/reads/Fusobacterium_nucleatum__diff_k2_rep4_d10_R1.fastq.gz	figure_raw_data/sim_single_species/Fusobacterium_nucleatum/reads/Fusobacterium_nucleatum__diff_k2_rep4_d10_R2.fastq.gz	figure_raw_data/sim_single_species/Fusobacterium_nucleatum/truth/Fusobacterium_nucleatum__diff_k2_rep4_d10.truth.tsv
single	Fusobacterium_nucleatum__diff_k2_rep5_d0.5	Fusobacterium_nucleatum	figure_raw_data/sim_single_species/Fusobacterium_nucleatum/reads/Fusobacterium_nucleatum__diff_k2_rep5_d0.5_R1.fastq.gz	figure_raw_data/sim_single_species/Fusobacterium_nucleatum/reads/Fusobacterium_nucleatum__diff_k2_rep5_d0.5_R2.fastq.gz	figure_raw_data/sim_single_species/Fusobacterium_nucleatum/truth/Fusobacterium_nucleatum__diff_k2_rep5_d0.5.truth.tsv
single	Fusobacterium_nucleatum__diff_k2_rep5_d1	Fusobacterium_nucleatum	figure_raw_data/sim_single_species/Fusobacterium_nucleatum/reads/Fusobacterium_nucleatum__diff_k2_rep5_d1_R1.fastq.gz	figure_raw_data/sim_single_species/Fusobacterium_nucleatum/reads/Fusobacterium_nucleatum__diff_k2_rep5_d1_R2.fastq.gz	figure_raw_data/sim_single_species/Fusobacterium_nucleatum/truth/Fusobacterium_nucleatum__diff_k2_rep5_d1.truth.tsv
single	Fusobacterium_nucleatum__diff_k2_rep5_d3	Fusobacterium_nucleatum	figure_raw_data/sim_single_species/Fusobacterium_nucleatum/reads/Fusobacterium_nucleatum__diff_k2_rep5_d3_R1.fastq.gz	figure_raw_data/sim_single_species/Fusobacterium_nucleatum/reads/Fusobacterium_nucleatum__diff_k2_rep5_d3_R2.fastq.gz	figure_raw_data/sim_single_species/Fusobacterium_nucleatum/truth/Fusobacterium_nucleatum__diff_k2_rep5_d3.truth.tsv
single	Fusobacterium_nucleatum__diff_k2_rep5_d5	Fusobacterium_nucleatum	figure_raw_data/sim_single_species/Fusobacterium_nucleatum/reads/Fusobacterium_nucleatum__diff_k2_rep5_d5_R1.fastq.gz	figure_raw_data/sim_single_species/Fusobacterium_nucleatum/reads/Fusobacterium_nucleatum__diff_k2_rep5_d5_R2.fastq.gz	figure_raw_data/sim_single_species/Fusobacterium_nucleatum/truth/Fusobacterium_nucleatum__diff_k2_rep5_d5.truth.tsv
single	Fusobacterium_nucleatum__diff_k2_rep5_d10	Fusobacterium_nucleatum	figure_raw_data/sim_single_species/Fusobacterium_nucleatum/reads/Fusobacterium_nucleatum__diff_k2_rep5_d10_R1.fastq.gz	figure_raw_data/sim_single_species/Fusobacterium_nucleatum/reads/Fusobacterium_nucleatum__diff_k2_rep5_d10_R2.fastq.gz	figure_raw_data/sim_single_species/Fusobacterium_nucleatum/truth/Fusobacterium_nucleatum__diff_k2_rep5_d10.truth.tsv
single	Fusobacterium_nucleatum__diff_k3_rep1_d0.5	Fusobacterium_nucleatum	figure_raw_data/sim_single_species/Fusobacterium_nucleatum/reads/Fusobacterium_nucleatum__diff_k3_rep1_d0.5_R1.fastq.gz	figure_raw_data/sim_single_species/Fusobacterium_nucleatum/reads/Fusobacterium_nucleatum__diff_k3_rep1_d0.5_R2.fastq.gz	figure_raw_data/sim_single_species/Fusobacterium_nucleatum/truth/Fusobacterium_nucleatum__diff_k3_rep1_d0.5.truth.tsv
single	Fusobacterium_nucleatum__diff_k3_rep1_d1	Fusobacterium_nucleatum	figure_raw_data/sim_single_species/Fusobacterium_nucleatum/reads/Fusobacterium_nucleatum__diff_k3_rep1_d1_R1.fastq.gz	figure_raw_data/sim_single_species/Fusobacterium_nucleatum/reads/Fusobacterium_nucleatum__diff_k3_rep1_d1_R2.fastq.gz	figure_raw_data/sim_single_species/Fusobacterium_nucleatum/truth/Fusobacterium_nucleatum__diff_k3_rep1_d1.truth.tsv
single	Fusobacterium_nucleatum__diff_k3_rep1_d3	Fusobacterium_nucleatum	figure_raw_data/sim_single_species/Fusobacterium_nucleatum/reads/Fusobacterium_nucleatum__diff_k3_rep1_d3_R1.fastq.gz	figure_raw_data/sim_single_species/Fusobacterium_nucleatum/reads/Fusobacterium_nucleatum__diff_k3_rep1_d3_R2.fastq.gz	figure_raw_data/sim_single_species/Fusobacterium_nucleatum/truth/Fusobacterium_nucleatum__diff_k3_rep1_d3.truth.tsv
single	Fusobacterium_nucleatum__diff_k3_rep1_d5	Fusobacterium_nucleatum	figure_raw_data/sim_single_species/Fusobacterium_nucleatum/reads/Fusobacterium_nucleatum__diff_k3_rep1_d5_R1.fastq.gz	figure_raw_data/sim_single_species/Fusobacterium_nucleatum/reads/Fusobacterium_nucleatum__diff_k3_rep1_d5_R2.fastq.gz	figure_raw_data/sim_single_species/Fusobacterium_nucleatum/truth/Fusobacterium_nucleatum__diff_k3_rep1_d5.truth.tsv
single	Fusobacterium_nucleatum__diff_k3_rep1_d10	Fusobacterium_nucleatum	figure_raw_data/sim_single_species/Fusobacterium_nucleatum/reads/Fusobacterium_nucleatum__diff_k3_rep1_d10_R1.fastq.gz	figure_raw_data/sim_single_species/Fusobacterium_nucleatum/reads/Fusobacterium_nucleatum__diff_k3_rep1_d10_R2.fastq.gz	figure_raw_data/sim_single_species/Fusobacterium_nucleatum/truth/Fusobacterium_nucleatum__diff_k3_rep1_d10.truth.tsv
single	Fusobacterium_nucleatum__diff_k3_rep2_d0.5	Fusobacterium_nucleatum	figure_raw_data/sim_single_species/Fusobacterium_nucleatum/reads/Fusobacterium_nucleatum__diff_k3_rep2_d0.5_R1.fastq.gz	figure_raw_data/sim_single_species/Fusobacterium_nucleatum/reads/Fusobacterium_nucleatum__diff_k3_rep2_d0.5_R2.fastq.gz	figure_raw_data/sim_single_species/Fusobacterium_nucleatum/truth/Fusobacterium_nucleatum__diff_k3_rep2_d0.5.truth.tsv
single	Fusobacterium_nucleatum__diff_k3_rep2_d1	Fusobacterium_nucleatum	figure_raw_data/sim_single_species/Fusobacterium_nucleatum/reads/Fusobacterium_nucleatum__diff_k3_rep2_d1_R1.fastq.gz	figure_raw_data/sim_single_species/Fusobacterium_nucleatum/reads/Fusobacterium_nucleatum__diff_k3_rep2_d1_R2.fastq.gz	figure_raw_data/sim_single_species/Fusobacterium_nucleatum/truth/Fusobacterium_nucleatum__diff_k3_rep2_d1.truth.tsv
single	Fusobacterium_nucleatum__diff_k3_rep2_d3	Fusobacterium_nucleatum	figure_raw_data/sim_single_species/Fusobacterium_nucleatum/reads/Fusobacterium_nucleatum__diff_k3_rep2_d3_R1.fastq.gz	figure_raw_data/sim_single_species/Fusobacterium_nucleatum/reads/Fusobacterium_nucleatum__diff_k3_rep2_d3_R2.fastq.gz	figure_raw_data/sim_single_species/Fusobacterium_nucleatum/truth/Fusobacterium_nucleatum__diff_k3_rep2_d3.truth.tsv
single	Fusobacterium_nucleatum__diff_k3_rep2_d5	Fusobacterium_nucleatum	figure_raw_data/sim_single_species/Fusobacterium_nucleatum/reads/Fusobacterium_nucleatum__diff_k3_rep2_d5_R1.fastq.gz	figure_raw_data/sim_single_species/Fusobacterium_nucleatum/reads/Fusobacterium_nucleatum__diff_k3_rep2_d5_R2.fastq.gz	figure_raw_data/sim_single_species/Fusobacterium_nucleatum/truth/Fusobacterium_nucleatum__diff_k3_rep2_d5.truth.tsv
single	Fusobacterium_nucleatum__diff_k3_rep2_d10	Fusobacterium_nucleatum	figure_raw_data/sim_single_species/Fusobacterium_nucleatum/reads/Fusobacterium_nucleatum__diff_k3_rep2_d10_R1.fastq.gz	figure_raw_data/sim_single_species/Fusobacterium_nucleatum/reads/Fusobacterium_nucleatum__diff_k3_rep2_d10_R2.fastq.gz	figure_raw_data/sim_single_species/Fusobacterium_nucleatum/truth/Fusobacterium_nucleatum__diff_k3_rep2_d10.truth.tsv
single	Fusobacterium_nucleatum__diff_k3_rep3_d0.5	Fusobacterium_nucleatum	figure_raw_data/sim_single_species/Fusobacterium_nucleatum/reads/Fusobacterium_nucleatum__diff_k3_rep3_d0.5_R1.fastq.gz	figure_raw_data/sim_single_species/Fusobacterium_nucleatum/reads/Fusobacterium_nucleatum__diff_k3_rep3_d0.5_R2.fastq.gz	figure_raw_data/sim_single_species/Fusobacterium_nucleatum/truth/Fusobacterium_nucleatum__diff_k3_rep3_d0.5.truth.tsv
single	Fusobacterium_nucleatum__diff_k3_rep3_d1	Fusobacterium_nucleatum	figure_raw_data/sim_single_species/Fusobacterium_nucleatum/reads/Fusobacterium_nucleatum__diff_k3_rep3_d1_R1.fastq.gz	figure_raw_data/sim_single_species/Fusobacterium_nucleatum/reads/Fusobacterium_nucleatum__diff_k3_rep3_d1_R2.fastq.gz	figure_raw_data/sim_single_species/Fusobacterium_nucleatum/truth/Fusobacterium_nucleatum__diff_k3_rep3_d1.truth.tsv
single	Fusobacterium_nucleatum__diff_k3_rep3_d3	Fusobacterium_nucleatum	figure_raw_data/sim_single_species/Fusobacterium_nucleatum/reads/Fusobacterium_nucleatum__diff_k3_rep3_d3_R1.fastq.gz	figure_raw_data/sim_single_species/Fusobacterium_nucleatum/reads/Fusobacterium_nucleatum__diff_k3_rep3_d3_R2.fastq.gz	figure_raw_data/sim_single_species/Fusobacterium_nucleatum/truth/Fusobacterium_nucleatum__diff_k3_rep3_d3.truth.tsv
single	Fusobacterium_nucleatum__diff_k3_rep3_d5	Fusobacterium_nucleatum	figure_raw_data/sim_single_species/Fusobacterium_nucleatum/reads/Fusobacterium_nucleatum__diff_k3_rep3_d5_R1.fastq.gz	figure_raw_data/sim_single_species/Fusobacterium_nucleatum/reads/Fusobacterium_nucleatum__diff_k3_rep3_d5_R2.fastq.gz	figure_raw_data/sim_single_species/Fusobacterium_nucleatum/truth/Fusobacterium_nucleatum__diff_k3_rep3_d5.truth.tsv
single	Fusobacterium_nucleatum__diff_k3_rep3_d10	Fusobacterium_nucleatum	figure_raw_data/sim_single_species/Fusobacterium_nucleatum/reads/Fusobacterium_nucleatum__diff_k3_rep3_d10_R1.fastq.gz	figure_raw_data/sim_single_species/Fusobacterium_nucleatum/reads/Fusobacterium_nucleatum__diff_k3_rep3_d10_R2.fastq.gz	figure_raw_data/sim_single_species/Fusobacterium_nucleatum/truth/Fusobacterium_nucleatum__diff_k3_rep3_d10.truth.tsv
single	Fusobacterium_nucleatum__diff_k3_rep4_d0.5	Fusobacterium_nucleatum	figure_raw_data/sim_single_species/Fusobacterium_nucleatum/reads/Fusobacterium_nucleatum__diff_k3_rep4_d0.5_R1.fastq.gz	figure_raw_data/sim_single_species/Fusobacterium_nucleatum/reads/Fusobacterium_nucleatum__diff_k3_rep4_d0.5_R2.fastq.gz	figure_raw_data/sim_single_species/Fusobacterium_nucleatum/truth/Fusobacterium_nucleatum__diff_k3_rep4_d0.5.truth.tsv
single	Fusobacterium_nucleatum__diff_k3_rep4_d1	Fusobacterium_nucleatum	figure_raw_data/sim_single_species/Fusobacterium_nucleatum/reads/Fusobacterium_nucleatum__diff_k3_rep4_d1_R1.fastq.gz	figure_raw_data/sim_single_species/Fusobacterium_nucleatum/reads/Fusobacterium_nucleatum__diff_k3_rep4_d1_R2.fastq.gz	figure_raw_data/sim_single_species/Fusobacterium_nucleatum/truth/Fusobacterium_nucleatum__diff_k3_rep4_d1.truth.tsv
single	Fusobacterium_nucleatum__diff_k3_rep4_d3	Fusobacterium_nucleatum	figure_raw_data/sim_single_species/Fusobacterium_nucleatum/reads/Fusobacterium_nucleatum__diff_k3_rep4_d3_R1.fastq.gz	figure_raw_data/sim_single_species/Fusobacterium_nucleatum/reads/Fusobacterium_nucleatum__diff_k3_rep4_d3_R2.fastq.gz	figure_raw_data/sim_single_species/Fusobacterium_nucleatum/truth/Fusobacterium_nucleatum__diff_k3_rep4_d3.truth.tsv
single	Fusobacterium_nucleatum__diff_k3_rep4_d5	Fusobacterium_nucleatum	figure_raw_data/sim_single_species/Fusobacterium_nucleatum/reads/Fusobacterium_nucleatum__diff_k3_rep4_d5_R1.fastq.gz	figure_raw_data/sim_single_species/Fusobacterium_nucleatum/reads/Fusobacterium_nucleatum__diff_k3_rep4_d5_R2.fastq.gz	figure_raw_data/sim_single_species/Fusobacterium_nucleatum/truth/Fusobacterium_nucleatum__diff_k3_rep4_d5.truth.tsv
single	Fusobacterium_nucleatum__diff_k3_rep4_d10	Fusobacterium_nucleatum	figure_raw_data/sim_single_species/Fusobacterium_nucleatum/reads/Fusobacterium_nucleatum__diff_k3_rep4_d10_R1.fastq.gz	figure_raw_data/sim_single_species/Fusobacterium_nucleatum/reads/Fusobacterium_nucleatum__diff_k3_rep4_d10_R2.fastq.gz	figure_raw_data/sim_single_species/Fusobacterium_nucleatum/truth/Fusobacterium_nucleatum__diff_k3_rep4_d10.truth.tsv
single	Fusobacterium_nucleatum__diff_k3_rep5_d0.5	Fusobacterium_nucleatum	figure_raw_data/sim_single_species/Fusobacterium_nucleatum/reads/Fusobacterium_nucleatum__diff_k3_rep5_d0.5_R1.fastq.gz	figure_raw_data/sim_single_species/Fusobacterium_nucleatum/reads/Fusobacterium_nucleatum__diff_k3_rep5_d0.5_R2.fastq.gz	figure_raw_data/sim_single_species/Fusobacterium_nucleatum/truth/Fusobacterium_nucleatum__diff_k3_rep5_d0.5.truth.tsv
single	Fusobacterium_nucleatum__diff_k3_rep5_d1	Fusobacterium_nucleatum	figure_raw_data/sim_single_species/Fusobacterium_nucleatum/reads/Fusobacterium_nucleatum__diff_k3_rep5_d1_R1.fastq.gz	figure_raw_data/sim_single_species/Fusobacterium_nucleatum/reads/Fusobacterium_nucleatum__diff_k3_rep5_d1_R2.fastq.gz	figure_raw_data/sim_single_species/Fusobacterium_nucleatum/truth/Fusobacterium_nucleatum__diff_k3_rep5_d1.truth.tsv
single	Fusobacterium_nucleatum__diff_k3_rep5_d3	Fusobacterium_nucleatum	figure_raw_data/sim_single_species/Fusobacterium_nucleatum/reads/Fusobacterium_nucleatum__diff_k3_rep5_d3_R1.fastq.gz	figure_raw_data/sim_single_species/Fusobacterium_nucleatum/reads/Fusobacterium_nucleatum__diff_k3_rep5_d3_R2.fastq.gz	figure_raw_data/sim_single_species/Fusobacterium_nucleatum/truth/Fusobacterium_nucleatum__diff_k3_rep5_d3.truth.tsv
single	Fusobacterium_nucleatum__diff_k3_rep5_d5	Fusobacterium_nucleatum	figure_raw_data/sim_single_species/Fusobacterium_nucleatum/reads/Fusobacterium_nucleatum__diff_k3_rep5_d5_R1.fastq.gz	figure_raw_data/sim_single_species/Fusobacterium_nucleatum/reads/Fusobacterium_nucleatum__diff_k3_rep5_d5_R2.fastq.gz	figure_raw_data/sim_single_species/Fusobacterium_nucleatum/truth/Fusobacterium_nucleatum__diff_k3_rep5_d5.truth.tsv
single	Fusobacterium_nucleatum__diff_k3_rep5_d10	Fusobacterium_nucleatum	figure_raw_data/sim_single_species/Fusobacterium_nucleatum/reads/Fusobacterium_nucleatum__diff_k3_rep5_d10_R1.fastq.gz	figure_raw_data/sim_single_species/Fusobacterium_nucleatum/reads/Fusobacterium_nucleatum__diff_k3_rep5_d10_R2.fastq.gz	figure_raw_data/sim_single_species/Fusobacterium_nucleatum/truth/Fusobacterium_nucleatum__diff_k3_rep5_d10.truth.tsv
single	Fusobacterium_nucleatum__diff_k5_rep1_d0.5	Fusobacterium_nucleatum	figure_raw_data/sim_single_species/Fusobacterium_nucleatum/reads/Fusobacterium_nucleatum__diff_k5_rep1_d0.5_R1.fastq.gz	figure_raw_data/sim_single_species/Fusobacterium_nucleatum/reads/Fusobacterium_nucleatum__diff_k5_rep1_d0.5_R2.fastq.gz	figure_raw_data/sim_single_species/Fusobacterium_nucleatum/truth/Fusobacterium_nucleatum__diff_k5_rep1_d0.5.truth.tsv
single	Fusobacterium_nucleatum__diff_k5_rep1_d1	Fusobacterium_nucleatum	figure_raw_data/sim_single_species/Fusobacterium_nucleatum/reads/Fusobacterium_nucleatum__diff_k5_rep1_d1_R1.fastq.gz	figure_raw_data/sim_single_species/Fusobacterium_nucleatum/reads/Fusobacterium_nucleatum__diff_k5_rep1_d1_R2.fastq.gz	figure_raw_data/sim_single_species/Fusobacterium_nucleatum/truth/Fusobacterium_nucleatum__diff_k5_rep1_d1.truth.tsv
single	Fusobacterium_nucleatum__diff_k5_rep1_d3	Fusobacterium_nucleatum	figure_raw_data/sim_single_species/Fusobacterium_nucleatum/reads/Fusobacterium_nucleatum__diff_k5_rep1_d3_R1.fastq.gz	figure_raw_data/sim_single_species/Fusobacterium_nucleatum/reads/Fusobacterium_nucleatum__diff_k5_rep1_d3_R2.fastq.gz	figure_raw_data/sim_single_species/Fusobacterium_nucleatum/truth/Fusobacterium_nucleatum__diff_k5_rep1_d3.truth.tsv
single	Fusobacterium_nucleatum__diff_k5_rep1_d5	Fusobacterium_nucleatum	figure_raw_data/sim_single_species/Fusobacterium_nucleatum/reads/Fusobacterium_nucleatum__diff_k5_rep1_d5_R1.fastq.gz	figure_raw_data/sim_single_species/Fusobacterium_nucleatum/reads/Fusobacterium_nucleatum__diff_k5_rep1_d5_R2.fastq.gz	figure_raw_data/sim_single_species/Fusobacterium_nucleatum/truth/Fusobacterium_nucleatum__diff_k5_rep1_d5.truth.tsv
single	Fusobacterium_nucleatum__diff_k5_rep1_d10	Fusobacterium_nucleatum	figure_raw_data/sim_single_species/Fusobacterium_nucleatum/reads/Fusobacterium_nucleatum__diff_k5_rep1_d10_R1.fastq.gz	figure_raw_data/sim_single_species/Fusobacterium_nucleatum/reads/Fusobacterium_nucleatum__diff_k5_rep1_d10_R2.fastq.gz	figure_raw_data/sim_single_species/Fusobacterium_nucleatum/truth/Fusobacterium_nucleatum__diff_k5_rep1_d10.truth.tsv
single	Fusobacterium_nucleatum__diff_k5_rep2_d0.5	Fusobacterium_nucleatum	figure_raw_data/sim_single_species/Fusobacterium_nucleatum/reads/Fusobacterium_nucleatum__diff_k5_rep2_d0.5_R1.fastq.gz	figure_raw_data/sim_single_species/Fusobacterium_nucleatum/reads/Fusobacterium_nucleatum__diff_k5_rep2_d0.5_R2.fastq.gz	figure_raw_data/sim_single_species/Fusobacterium_nucleatum/truth/Fusobacterium_nucleatum__diff_k5_rep2_d0.5.truth.tsv
single	Fusobacterium_nucleatum__diff_k5_rep2_d1	Fusobacterium_nucleatum	figure_raw_data/sim_single_species/Fusobacterium_nucleatum/reads/Fusobacterium_nucleatum__diff_k5_rep2_d1_R1.fastq.gz	figure_raw_data/sim_single_species/Fusobacterium_nucleatum/reads/Fusobacterium_nucleatum__diff_k5_rep2_d1_R2.fastq.gz	figure_raw_data/sim_single_species/Fusobacterium_nucleatum/truth/Fusobacterium_nucleatum__diff_k5_rep2_d1.truth.tsv
single	Fusobacterium_nucleatum__diff_k5_rep2_d3	Fusobacterium_nucleatum	figure_raw_data/sim_single_species/Fusobacterium_nucleatum/reads/Fusobacterium_nucleatum__diff_k5_rep2_d3_R1.fastq.gz	figure_raw_data/sim_single_species/Fusobacterium_nucleatum/reads/Fusobacterium_nucleatum__diff_k5_rep2_d3_R2.fastq.gz	figure_raw_data/sim_single_species/Fusobacterium_nucleatum/truth/Fusobacterium_nucleatum__diff_k5_rep2_d3.truth.tsv
single	Fusobacterium_nucleatum__diff_k5_rep2_d5	Fusobacterium_nucleatum	figure_raw_data/sim_single_species/Fusobacterium_nucleatum/reads/Fusobacterium_nucleatum__diff_k5_rep2_d5_R1.fastq.gz	figure_raw_data/sim_single_species/Fusobacterium_nucleatum/reads/Fusobacterium_nucleatum__diff_k5_rep2_d5_R2.fastq.gz	figure_raw_data/sim_single_species/Fusobacterium_nucleatum/truth/Fusobacterium_nucleatum__diff_k5_rep2_d5.truth.tsv
single	Fusobacterium_nucleatum__diff_k5_rep2_d10	Fusobacterium_nucleatum	figure_raw_data/sim_single_species/Fusobacterium_nucleatum/reads/Fusobacterium_nucleatum__diff_k5_rep2_d10_R1.fastq.gz	figure_raw_data/sim_single_species/Fusobacterium_nucleatum/reads/Fusobacterium_nucleatum__diff_k5_rep2_d10_R2.fastq.gz	figure_raw_data/sim_single_species/Fusobacterium_nucleatum/truth/Fusobacterium_nucleatum__diff_k5_rep2_d10.truth.tsv
single	Fusobacterium_nucleatum__diff_k5_rep3_d0.5	Fusobacterium_nucleatum	figure_raw_data/sim_single_species/Fusobacterium_nucleatum/reads/Fusobacterium_nucleatum__diff_k5_rep3_d0.5_R1.fastq.gz	figure_raw_data/sim_single_species/Fusobacterium_nucleatum/reads/Fusobacterium_nucleatum__diff_k5_rep3_d0.5_R2.fastq.gz	figure_raw_data/sim_single_species/Fusobacterium_nucleatum/truth/Fusobacterium_nucleatum__diff_k5_rep3_d0.5.truth.tsv
single	Fusobacterium_nucleatum__diff_k5_rep3_d1	Fusobacterium_nucleatum	figure_raw_data/sim_single_species/Fusobacterium_nucleatum/reads/Fusobacterium_nucleatum__diff_k5_rep3_d1_R1.fastq.gz	figure_raw_data/sim_single_species/Fusobacterium_nucleatum/reads/Fusobacterium_nucleatum__diff_k5_rep3_d1_R2.fastq.gz	figure_raw_data/sim_single_species/Fusobacterium_nucleatum/truth/Fusobacterium_nucleatum__diff_k5_rep3_d1.truth.tsv
single	Fusobacterium_nucleatum__diff_k5_rep3_d3	Fusobacterium_nucleatum	figure_raw_data/sim_single_species/Fusobacterium_nucleatum/reads/Fusobacterium_nucleatum__diff_k5_rep3_d3_R1.fastq.gz	figure_raw_data/sim_single_species/Fusobacterium_nucleatum/reads/Fusobacterium_nucleatum__diff_k5_rep3_d3_R2.fastq.gz	figure_raw_data/sim_single_species/Fusobacterium_nucleatum/truth/Fusobacterium_nucleatum__diff_k5_rep3_d3.truth.tsv
single	Fusobacterium_nucleatum__diff_k5_rep3_d5	Fusobacterium_nucleatum	figure_raw_data/sim_single_species/Fusobacterium_nucleatum/reads/Fusobacterium_nucleatum__diff_k5_rep3_d5_R1.fastq.gz	figure_raw_data/sim_single_species/Fusobacterium_nucleatum/reads/Fusobacterium_nucleatum__diff_k5_rep3_d5_R2.fastq.gz	figure_raw_data/sim_single_species/Fusobacterium_nucleatum/truth/Fusobacterium_nucleatum__diff_k5_rep3_d5.truth.tsv
single	Fusobacterium_nucleatum__diff_k5_rep3_d10	Fusobacterium_nucleatum	figure_raw_data/sim_single_species/Fusobacterium_nucleatum/reads/Fusobacterium_nucleatum__diff_k5_rep3_d10_R1.fastq.gz	figure_raw_data/sim_single_species/Fusobacterium_nucleatum/reads/Fusobacterium_nucleatum__diff_k5_rep3_d10_R2.fastq.gz	figure_raw_data/sim_single_species/Fusobacterium_nucleatum/truth/Fusobacterium_nucleatum__diff_k5_rep3_d10.truth.tsv
single	Fusobacterium_nucleatum__diff_k5_rep4_d0.5	Fusobacterium_nucleatum	figure_raw_data/sim_single_species/Fusobacterium_nucleatum/reads/Fusobacterium_nucleatum__diff_k5_rep4_d0.5_R1.fastq.gz	figure_raw_data/sim_single_species/Fusobacterium_nucleatum/reads/Fusobacterium_nucleatum__diff_k5_rep4_d0.5_R2.fastq.gz	figure_raw_data/sim_single_species/Fusobacterium_nucleatum/truth/Fusobacterium_nucleatum__diff_k5_rep4_d0.5.truth.tsv
single	Fusobacterium_nucleatum__diff_k5_rep4_d1	Fusobacterium_nucleatum	figure_raw_data/sim_single_species/Fusobacterium_nucleatum/reads/Fusobacterium_nucleatum__diff_k5_rep4_d1_R1.fastq.gz	figure_raw_data/sim_single_species/Fusobacterium_nucleatum/reads/Fusobacterium_nucleatum__diff_k5_rep4_d1_R2.fastq.gz	figure_raw_data/sim_single_species/Fusobacterium_nucleatum/truth/Fusobacterium_nucleatum__diff_k5_rep4_d1.truth.tsv
single	Fusobacterium_nucleatum__diff_k5_rep4_d3	Fusobacterium_nucleatum	figure_raw_data/sim_single_species/Fusobacterium_nucleatum/reads/Fusobacterium_nucleatum__diff_k5_rep4_d3_R1.fastq.gz	figure_raw_data/sim_single_species/Fusobacterium_nucleatum/reads/Fusobacterium_nucleatum__diff_k5_rep4_d3_R2.fastq.gz	figure_raw_data/sim_single_species/Fusobacterium_nucleatum/truth/Fusobacterium_nucleatum__diff_k5_rep4_d3.truth.tsv
single	Fusobacterium_nucleatum__diff_k5_rep4_d5	Fusobacterium_nucleatum	figure_raw_data/sim_single_species/Fusobacterium_nucleatum/reads/Fusobacterium_nucleatum__diff_k5_rep4_d5_R1.fastq.gz	figure_raw_data/sim_single_species/Fusobacterium_nucleatum/reads/Fusobacterium_nucleatum__diff_k5_rep4_d5_R2.fastq.gz	figure_raw_data/sim_single_species/Fusobacterium_nucleatum/truth/Fusobacterium_nucleatum__diff_k5_rep4_d5.truth.tsv
single	Fusobacterium_nucleatum__diff_k5_rep4_d10	Fusobacterium_nucleatum	figure_raw_data/sim_single_species/Fusobacterium_nucleatum/reads/Fusobacterium_nucleatum__diff_k5_rep4_d10_R1.fastq.gz	figure_raw_data/sim_single_species/Fusobacterium_nucleatum/reads/Fusobacterium_nucleatum__diff_k5_rep4_d10_R2.fastq.gz	figure_raw_data/sim_single_species/Fusobacterium_nucleatum/truth/Fusobacterium_nucleatum__diff_k5_rep4_d10.truth.tsv
single	Fusobacterium_nucleatum__diff_k5_rep5_d0.5	Fusobacterium_nucleatum	figure_raw_data/sim_single_species/Fusobacterium_nucleatum/reads/Fusobacterium_nucleatum__diff_k5_rep5_d0.5_R1.fastq.gz	figure_raw_data/sim_single_species/Fusobacterium_nucleatum/reads/Fusobacterium_nucleatum__diff_k5_rep5_d0.5_R2.fastq.gz	figure_raw_data/sim_single_species/Fusobacterium_nucleatum/truth/Fusobacterium_nucleatum__diff_k5_rep5_d0.5.truth.tsv
single	Fusobacterium_nucleatum__diff_k5_rep5_d1	Fusobacterium_nucleatum	figure_raw_data/sim_single_species/Fusobacterium_nucleatum/reads/Fusobacterium_nucleatum__diff_k5_rep5_d1_R1.fastq.gz	figure_raw_data/sim_single_species/Fusobacterium_nucleatum/reads/Fusobacterium_nucleatum__diff_k5_rep5_d1_R2.fastq.gz	figure_raw_data/sim_single_species/Fusobacterium_nucleatum/truth/Fusobacterium_nucleatum__diff_k5_rep5_d1.truth.tsv
single	Fusobacterium_nucleatum__diff_k5_rep5_d3	Fusobacterium_nucleatum	figure_raw_data/sim_single_species/Fusobacterium_nucleatum/reads/Fusobacterium_nucleatum__diff_k5_rep5_d3_R1.fastq.gz	figure_raw_data/sim_single_species/Fusobacterium_nucleatum/reads/Fusobacterium_nucleatum__diff_k5_rep5_d3_R2.fastq.gz	figure_raw_data/sim_single_species/Fusobacterium_nucleatum/truth/Fusobacterium_nucleatum__diff_k5_rep5_d3.truth.tsv
single	Fusobacterium_nucleatum__diff_k5_rep5_d5	Fusobacterium_nucleatum	figure_raw_data/sim_single_species/Fusobacterium_nucleatum/reads/Fusobacterium_nucleatum__diff_k5_rep5_d5_R1.fastq.gz	figure_raw_data/sim_single_species/Fusobacterium_nucleatum/reads/Fusobacterium_nucleatum__diff_k5_rep5_d5_R2.fastq.gz	figure_raw_data/sim_single_species/Fusobacterium_nucleatum/truth/Fusobacterium_nucleatum__diff_k5_rep5_d5.truth.tsv
single	Fusobacterium_nucleatum__diff_k5_rep5_d10	Fusobacterium_nucleatum	figure_raw_data/sim_single_species/Fusobacterium_nucleatum/reads/Fusobacterium_nucleatum__diff_k5_rep5_d10_R1.fastq.gz	figure_raw_data/sim_single_species/Fusobacterium_nucleatum/reads/Fusobacterium_nucleatum__diff_k5_rep5_d10_R2.fastq.gz	figure_raw_data/sim_single_species/Fusobacterium_nucleatum/truth/Fusobacterium_nucleatum__diff_k5_rep5_d10.truth.tsv
single	Klebsiella_pneumoniae__diff_k2_rep1_d0.5	Klebsiella_pneumoniae	figure_raw_data/sim_single_species/Klebsiella_pneumoniae/reads/Klebsiella_pneumoniae__diff_k2_rep1_d0.5_R1.fastq.gz	figure_raw_data/sim_single_species/Klebsiella_pneumoniae/reads/Klebsiella_pneumoniae__diff_k2_rep1_d0.5_R2.fastq.gz	figure_raw_data/sim_single_species/Klebsiella_pneumoniae/truth/Klebsiella_pneumoniae__diff_k2_rep1_d0.5.truth.tsv
single	Klebsiella_pneumoniae__diff_k2_rep1_d1	Klebsiella_pneumoniae	figure_raw_data/sim_single_species/Klebsiella_pneumoniae/reads/Klebsiella_pneumoniae__diff_k2_rep1_d1_R1.fastq.gz	figure_raw_data/sim_single_species/Klebsiella_pneumoniae/reads/Klebsiella_pneumoniae__diff_k2_rep1_d1_R2.fastq.gz	figure_raw_data/sim_single_species/Klebsiella_pneumoniae/truth/Klebsiella_pneumoniae__diff_k2_rep1_d1.truth.tsv
single	Klebsiella_pneumoniae__diff_k2_rep1_d3	Klebsiella_pneumoniae	figure_raw_data/sim_single_species/Klebsiella_pneumoniae/reads/Klebsiella_pneumoniae__diff_k2_rep1_d3_R1.fastq.gz	figure_raw_data/sim_single_species/Klebsiella_pneumoniae/reads/Klebsiella_pneumoniae__diff_k2_rep1_d3_R2.fastq.gz	figure_raw_data/sim_single_species/Klebsiella_pneumoniae/truth/Klebsiella_pneumoniae__diff_k2_rep1_d3.truth.tsv
single	Klebsiella_pneumoniae__diff_k2_rep1_d5	Klebsiella_pneumoniae	figure_raw_data/sim_single_species/Klebsiella_pneumoniae/reads/Klebsiella_pneumoniae__diff_k2_rep1_d5_R1.fastq.gz	figure_raw_data/sim_single_species/Klebsiella_pneumoniae/reads/Klebsiella_pneumoniae__diff_k2_rep1_d5_R2.fastq.gz	figure_raw_data/sim_single_species/Klebsiella_pneumoniae/truth/Klebsiella_pneumoniae__diff_k2_rep1_d5.truth.tsv
single	Klebsiella_pneumoniae__diff_k2_rep1_d10	Klebsiella_pneumoniae	figure_raw_data/sim_single_species/Klebsiella_pneumoniae/reads/Klebsiella_pneumoniae__diff_k2_rep1_d10_R1.fastq.gz	figure_raw_data/sim_single_species/Klebsiella_pneumoniae/reads/Klebsiella_pneumoniae__diff_k2_rep1_d10_R2.fastq.gz	figure_raw_data/sim_single_species/Klebsiella_pneumoniae/truth/Klebsiella_pneumoniae__diff_k2_rep1_d10.truth.tsv
single	Klebsiella_pneumoniae__diff_k2_rep2_d0.5	Klebsiella_pneumoniae	figure_raw_data/sim_single_species/Klebsiella_pneumoniae/reads/Klebsiella_pneumoniae__diff_k2_rep2_d0.5_R1.fastq.gz	figure_raw_data/sim_single_species/Klebsiella_pneumoniae/reads/Klebsiella_pneumoniae__diff_k2_rep2_d0.5_R2.fastq.gz	figure_raw_data/sim_single_species/Klebsiella_pneumoniae/truth/Klebsiella_pneumoniae__diff_k2_rep2_d0.5.truth.tsv
single	Klebsiella_pneumoniae__diff_k2_rep2_d1	Klebsiella_pneumoniae	figure_raw_data/sim_single_species/Klebsiella_pneumoniae/reads/Klebsiella_pneumoniae__diff_k2_rep2_d1_R1.fastq.gz	figure_raw_data/sim_single_species/Klebsiella_pneumoniae/reads/Klebsiella_pneumoniae__diff_k2_rep2_d1_R2.fastq.gz	figure_raw_data/sim_single_species/Klebsiella_pneumoniae/truth/Klebsiella_pneumoniae__diff_k2_rep2_d1.truth.tsv
single	Klebsiella_pneumoniae__diff_k2_rep2_d3	Klebsiella_pneumoniae	figure_raw_data/sim_single_species/Klebsiella_pneumoniae/reads/Klebsiella_pneumoniae__diff_k2_rep2_d3_R1.fastq.gz	figure_raw_data/sim_single_species/Klebsiella_pneumoniae/reads/Klebsiella_pneumoniae__diff_k2_rep2_d3_R2.fastq.gz	figure_raw_data/sim_single_species/Klebsiella_pneumoniae/truth/Klebsiella_pneumoniae__diff_k2_rep2_d3.truth.tsv
single	Klebsiella_pneumoniae__diff_k2_rep2_d5	Klebsiella_pneumoniae	figure_raw_data/sim_single_species/Klebsiella_pneumoniae/reads/Klebsiella_pneumoniae__diff_k2_rep2_d5_R1.fastq.gz	figure_raw_data/sim_single_species/Klebsiella_pneumoniae/reads/Klebsiella_pneumoniae__diff_k2_rep2_d5_R2.fastq.gz	figure_raw_data/sim_single_species/Klebsiella_pneumoniae/truth/Klebsiella_pneumoniae__diff_k2_rep2_d5.truth.tsv
single	Klebsiella_pneumoniae__diff_k2_rep2_d10	Klebsiella_pneumoniae	figure_raw_data/sim_single_species/Klebsiella_pneumoniae/reads/Klebsiella_pneumoniae__diff_k2_rep2_d10_R1.fastq.gz	figure_raw_data/sim_single_species/Klebsiella_pneumoniae/reads/Klebsiella_pneumoniae__diff_k2_rep2_d10_R2.fastq.gz	figure_raw_data/sim_single_species/Klebsiella_pneumoniae/truth/Klebsiella_pneumoniae__diff_k2_rep2_d10.truth.tsv
single	Klebsiella_pneumoniae__diff_k2_rep3_d0.5	Klebsiella_pneumoniae	figure_raw_data/sim_single_species/Klebsiella_pneumoniae/reads/Klebsiella_pneumoniae__diff_k2_rep3_d0.5_R1.fastq.gz	figure_raw_data/sim_single_species/Klebsiella_pneumoniae/reads/Klebsiella_pneumoniae__diff_k2_rep3_d0.5_R2.fastq.gz	figure_raw_data/sim_single_species/Klebsiella_pneumoniae/truth/Klebsiella_pneumoniae__diff_k2_rep3_d0.5.truth.tsv
single	Klebsiella_pneumoniae__diff_k2_rep3_d1	Klebsiella_pneumoniae	figure_raw_data/sim_single_species/Klebsiella_pneumoniae/reads/Klebsiella_pneumoniae__diff_k2_rep3_d1_R1.fastq.gz	figure_raw_data/sim_single_species/Klebsiella_pneumoniae/reads/Klebsiella_pneumoniae__diff_k2_rep3_d1_R2.fastq.gz	figure_raw_data/sim_single_species/Klebsiella_pneumoniae/truth/Klebsiella_pneumoniae__diff_k2_rep3_d1.truth.tsv
single	Klebsiella_pneumoniae__diff_k2_rep3_d3	Klebsiella_pneumoniae	figure_raw_data/sim_single_species/Klebsiella_pneumoniae/reads/Klebsiella_pneumoniae__diff_k2_rep3_d3_R1.fastq.gz	figure_raw_data/sim_single_species/Klebsiella_pneumoniae/reads/Klebsiella_pneumoniae__diff_k2_rep3_d3_R2.fastq.gz	figure_raw_data/sim_single_species/Klebsiella_pneumoniae/truth/Klebsiella_pneumoniae__diff_k2_rep3_d3.truth.tsv
single	Klebsiella_pneumoniae__diff_k2_rep3_d5	Klebsiella_pneumoniae	figure_raw_data/sim_single_species/Klebsiella_pneumoniae/reads/Klebsiella_pneumoniae__diff_k2_rep3_d5_R1.fastq.gz	figure_raw_data/sim_single_species/Klebsiella_pneumoniae/reads/Klebsiella_pneumoniae__diff_k2_rep3_d5_R2.fastq.gz	figure_raw_data/sim_single_species/Klebsiella_pneumoniae/truth/Klebsiella_pneumoniae__diff_k2_rep3_d5.truth.tsv
single	Klebsiella_pneumoniae__diff_k2_rep3_d10	Klebsiella_pneumoniae	figure_raw_data/sim_single_species/Klebsiella_pneumoniae/reads/Klebsiella_pneumoniae__diff_k2_rep3_d10_R1.fastq.gz	figure_raw_data/sim_single_species/Klebsiella_pneumoniae/reads/Klebsiella_pneumoniae__diff_k2_rep3_d10_R2.fastq.gz	figure_raw_data/sim_single_species/Klebsiella_pneumoniae/truth/Klebsiella_pneumoniae__diff_k2_rep3_d10.truth.tsv
single	Klebsiella_pneumoniae__diff_k2_rep4_d0.5	Klebsiella_pneumoniae	figure_raw_data/sim_single_species/Klebsiella_pneumoniae/reads/Klebsiella_pneumoniae__diff_k2_rep4_d0.5_R1.fastq.gz	figure_raw_data/sim_single_species/Klebsiella_pneumoniae/reads/Klebsiella_pneumoniae__diff_k2_rep4_d0.5_R2.fastq.gz	figure_raw_data/sim_single_species/Klebsiella_pneumoniae/truth/Klebsiella_pneumoniae__diff_k2_rep4_d0.5.truth.tsv
single	Klebsiella_pneumoniae__diff_k2_rep4_d1	Klebsiella_pneumoniae	figure_raw_data/sim_single_species/Klebsiella_pneumoniae/reads/Klebsiella_pneumoniae__diff_k2_rep4_d1_R1.fastq.gz	figure_raw_data/sim_single_species/Klebsiella_pneumoniae/reads/Klebsiella_pneumoniae__diff_k2_rep4_d1_R2.fastq.gz	figure_raw_data/sim_single_species/Klebsiella_pneumoniae/truth/Klebsiella_pneumoniae__diff_k2_rep4_d1.truth.tsv
single	Klebsiella_pneumoniae__diff_k2_rep4_d3	Klebsiella_pneumoniae	figure_raw_data/sim_single_species/Klebsiella_pneumoniae/reads/Klebsiella_pneumoniae__diff_k2_rep4_d3_R1.fastq.gz	figure_raw_data/sim_single_species/Klebsiella_pneumoniae/reads/Klebsiella_pneumoniae__diff_k2_rep4_d3_R2.fastq.gz	figure_raw_data/sim_single_species/Klebsiella_pneumoniae/truth/Klebsiella_pneumoniae__diff_k2_rep4_d3.truth.tsv
single	Klebsiella_pneumoniae__diff_k2_rep4_d5	Klebsiella_pneumoniae	figure_raw_data/sim_single_species/Klebsiella_pneumoniae/reads/Klebsiella_pneumoniae__diff_k2_rep4_d5_R1.fastq.gz	figure_raw_data/sim_single_species/Klebsiella_pneumoniae/reads/Klebsiella_pneumoniae__diff_k2_rep4_d5_R2.fastq.gz	figure_raw_data/sim_single_species/Klebsiella_pneumoniae/truth/Klebsiella_pneumoniae__diff_k2_rep4_d5.truth.tsv
single	Klebsiella_pneumoniae__diff_k2_rep4_d10	Klebsiella_pneumoniae	figure_raw_data/sim_single_species/Klebsiella_pneumoniae/reads/Klebsiella_pneumoniae__diff_k2_rep4_d10_R1.fastq.gz	figure_raw_data/sim_single_species/Klebsiella_pneumoniae/reads/Klebsiella_pneumoniae__diff_k2_rep4_d10_R2.fastq.gz	figure_raw_data/sim_single_species/Klebsiella_pneumoniae/truth/Klebsiella_pneumoniae__diff_k2_rep4_d10.truth.tsv
single	Klebsiella_pneumoniae__diff_k2_rep5_d0.5	Klebsiella_pneumoniae	figure_raw_data/sim_single_species/Klebsiella_pneumoniae/reads/Klebsiella_pneumoniae__diff_k2_rep5_d0.5_R1.fastq.gz	figure_raw_data/sim_single_species/Klebsiella_pneumoniae/reads/Klebsiella_pneumoniae__diff_k2_rep5_d0.5_R2.fastq.gz	figure_raw_data/sim_single_species/Klebsiella_pneumoniae/truth/Klebsiella_pneumoniae__diff_k2_rep5_d0.5.truth.tsv
single	Klebsiella_pneumoniae__diff_k2_rep5_d1	Klebsiella_pneumoniae	figure_raw_data/sim_single_species/Klebsiella_pneumoniae/reads/Klebsiella_pneumoniae__diff_k2_rep5_d1_R1.fastq.gz	figure_raw_data/sim_single_species/Klebsiella_pneumoniae/reads/Klebsiella_pneumoniae__diff_k2_rep5_d1_R2.fastq.gz	figure_raw_data/sim_single_species/Klebsiella_pneumoniae/truth/Klebsiella_pneumoniae__diff_k2_rep5_d1.truth.tsv
single	Klebsiella_pneumoniae__diff_k2_rep5_d3	Klebsiella_pneumoniae	figure_raw_data/sim_single_species/Klebsiella_pneumoniae/reads/Klebsiella_pneumoniae__diff_k2_rep5_d3_R1.fastq.gz	figure_raw_data/sim_single_species/Klebsiella_pneumoniae/reads/Klebsiella_pneumoniae__diff_k2_rep5_d3_R2.fastq.gz	figure_raw_data/sim_single_species/Klebsiella_pneumoniae/truth/Klebsiella_pneumoniae__diff_k2_rep5_d3.truth.tsv
single	Klebsiella_pneumoniae__diff_k2_rep5_d5	Klebsiella_pneumoniae	figure_raw_data/sim_single_species/Klebsiella_pneumoniae/reads/Klebsiella_pneumoniae__diff_k2_rep5_d5_R1.fastq.gz	figure_raw_data/sim_single_species/Klebsiella_pneumoniae/reads/Klebsiella_pneumoniae__diff_k2_rep5_d5_R2.fastq.gz	figure_raw_data/sim_single_species/Klebsiella_pneumoniae/truth/Klebsiella_pneumoniae__diff_k2_rep5_d5.truth.tsv
single	Klebsiella_pneumoniae__diff_k2_rep5_d10	Klebsiella_pneumoniae	figure_raw_data/sim_single_species/Klebsiella_pneumoniae/reads/Klebsiella_pneumoniae__diff_k2_rep5_d10_R1.fastq.gz	figure_raw_data/sim_single_species/Klebsiella_pneumoniae/reads/Klebsiella_pneumoniae__diff_k2_rep5_d10_R2.fastq.gz	figure_raw_data/sim_single_species/Klebsiella_pneumoniae/truth/Klebsiella_pneumoniae__diff_k2_rep5_d10.truth.tsv
single	Klebsiella_pneumoniae__diff_k3_rep1_d0.5	Klebsiella_pneumoniae	figure_raw_data/sim_single_species/Klebsiella_pneumoniae/reads/Klebsiella_pneumoniae__diff_k3_rep1_d0.5_R1.fastq.gz	figure_raw_data/sim_single_species/Klebsiella_pneumoniae/reads/Klebsiella_pneumoniae__diff_k3_rep1_d0.5_R2.fastq.gz	figure_raw_data/sim_single_species/Klebsiella_pneumoniae/truth/Klebsiella_pneumoniae__diff_k3_rep1_d0.5.truth.tsv
single	Klebsiella_pneumoniae__diff_k3_rep1_d1	Klebsiella_pneumoniae	figure_raw_data/sim_single_species/Klebsiella_pneumoniae/reads/Klebsiella_pneumoniae__diff_k3_rep1_d1_R1.fastq.gz	figure_raw_data/sim_single_species/Klebsiella_pneumoniae/reads/Klebsiella_pneumoniae__diff_k3_rep1_d1_R2.fastq.gz	figure_raw_data/sim_single_species/Klebsiella_pneumoniae/truth/Klebsiella_pneumoniae__diff_k3_rep1_d1.truth.tsv
single	Klebsiella_pneumoniae__diff_k3_rep1_d3	Klebsiella_pneumoniae	figure_raw_data/sim_single_species/Klebsiella_pneumoniae/reads/Klebsiella_pneumoniae__diff_k3_rep1_d3_R1.fastq.gz	figure_raw_data/sim_single_species/Klebsiella_pneumoniae/reads/Klebsiella_pneumoniae__diff_k3_rep1_d3_R2.fastq.gz	figure_raw_data/sim_single_species/Klebsiella_pneumoniae/truth/Klebsiella_pneumoniae__diff_k3_rep1_d3.truth.tsv
single	Klebsiella_pneumoniae__diff_k3_rep1_d5	Klebsiella_pneumoniae	figure_raw_data/sim_single_species/Klebsiella_pneumoniae/reads/Klebsiella_pneumoniae__diff_k3_rep1_d5_R1.fastq.gz	figure_raw_data/sim_single_species/Klebsiella_pneumoniae/reads/Klebsiella_pneumoniae__diff_k3_rep1_d5_R2.fastq.gz	figure_raw_data/sim_single_species/Klebsiella_pneumoniae/truth/Klebsiella_pneumoniae__diff_k3_rep1_d5.truth.tsv
single	Klebsiella_pneumoniae__diff_k3_rep1_d10	Klebsiella_pneumoniae	figure_raw_data/sim_single_species/Klebsiella_pneumoniae/reads/Klebsiella_pneumoniae__diff_k3_rep1_d10_R1.fastq.gz	figure_raw_data/sim_single_species/Klebsiella_pneumoniae/reads/Klebsiella_pneumoniae__diff_k3_rep1_d10_R2.fastq.gz	figure_raw_data/sim_single_species/Klebsiella_pneumoniae/truth/Klebsiella_pneumoniae__diff_k3_rep1_d10.truth.tsv
single	Klebsiella_pneumoniae__diff_k3_rep2_d0.5	Klebsiella_pneumoniae	figure_raw_data/sim_single_species/Klebsiella_pneumoniae/reads/Klebsiella_pneumoniae__diff_k3_rep2_d0.5_R1.fastq.gz	figure_raw_data/sim_single_species/Klebsiella_pneumoniae/reads/Klebsiella_pneumoniae__diff_k3_rep2_d0.5_R2.fastq.gz	figure_raw_data/sim_single_species/Klebsiella_pneumoniae/truth/Klebsiella_pneumoniae__diff_k3_rep2_d0.5.truth.tsv
single	Klebsiella_pneumoniae__diff_k3_rep2_d1	Klebsiella_pneumoniae	figure_raw_data/sim_single_species/Klebsiella_pneumoniae/reads/Klebsiella_pneumoniae__diff_k3_rep2_d1_R1.fastq.gz	figure_raw_data/sim_single_species/Klebsiella_pneumoniae/reads/Klebsiella_pneumoniae__diff_k3_rep2_d1_R2.fastq.gz	figure_raw_data/sim_single_species/Klebsiella_pneumoniae/truth/Klebsiella_pneumoniae__diff_k3_rep2_d1.truth.tsv
single	Klebsiella_pneumoniae__diff_k3_rep2_d3	Klebsiella_pneumoniae	figure_raw_data/sim_single_species/Klebsiella_pneumoniae/reads/Klebsiella_pneumoniae__diff_k3_rep2_d3_R1.fastq.gz	figure_raw_data/sim_single_species/Klebsiella_pneumoniae/reads/Klebsiella_pneumoniae__diff_k3_rep2_d3_R2.fastq.gz	figure_raw_data/sim_single_species/Klebsiella_pneumoniae/truth/Klebsiella_pneumoniae__diff_k3_rep2_d3.truth.tsv
single	Klebsiella_pneumoniae__diff_k3_rep2_d5	Klebsiella_pneumoniae	figure_raw_data/sim_single_species/Klebsiella_pneumoniae/reads/Klebsiella_pneumoniae__diff_k3_rep2_d5_R1.fastq.gz	figure_raw_data/sim_single_species/Klebsiella_pneumoniae/reads/Klebsiella_pneumoniae__diff_k3_rep2_d5_R2.fastq.gz	figure_raw_data/sim_single_species/Klebsiella_pneumoniae/truth/Klebsiella_pneumoniae__diff_k3_rep2_d5.truth.tsv
single	Klebsiella_pneumoniae__diff_k3_rep2_d10	Klebsiella_pneumoniae	figure_raw_data/sim_single_species/Klebsiella_pneumoniae/reads/Klebsiella_pneumoniae__diff_k3_rep2_d10_R1.fastq.gz	figure_raw_data/sim_single_species/Klebsiella_pneumoniae/reads/Klebsiella_pneumoniae__diff_k3_rep2_d10_R2.fastq.gz	figure_raw_data/sim_single_species/Klebsiella_pneumoniae/truth/Klebsiella_pneumoniae__diff_k3_rep2_d10.truth.tsv
single	Klebsiella_pneumoniae__diff_k3_rep3_d0.5	Klebsiella_pneumoniae	figure_raw_data/sim_single_species/Klebsiella_pneumoniae/reads/Klebsiella_pneumoniae__diff_k3_rep3_d0.5_R1.fastq.gz	figure_raw_data/sim_single_species/Klebsiella_pneumoniae/reads/Klebsiella_pneumoniae__diff_k3_rep3_d0.5_R2.fastq.gz	figure_raw_data/sim_single_species/Klebsiella_pneumoniae/truth/Klebsiella_pneumoniae__diff_k3_rep3_d0.5.truth.tsv
single	Klebsiella_pneumoniae__diff_k3_rep3_d1	Klebsiella_pneumoniae	figure_raw_data/sim_single_species/Klebsiella_pneumoniae/reads/Klebsiella_pneumoniae__diff_k3_rep3_d1_R1.fastq.gz	figure_raw_data/sim_single_species/Klebsiella_pneumoniae/reads/Klebsiella_pneumoniae__diff_k3_rep3_d1_R2.fastq.gz	figure_raw_data/sim_single_species/Klebsiella_pneumoniae/truth/Klebsiella_pneumoniae__diff_k3_rep3_d1.truth.tsv
single	Klebsiella_pneumoniae__diff_k3_rep3_d3	Klebsiella_pneumoniae	figure_raw_data/sim_single_species/Klebsiella_pneumoniae/reads/Klebsiella_pneumoniae__diff_k3_rep3_d3_R1.fastq.gz	figure_raw_data/sim_single_species/Klebsiella_pneumoniae/reads/Klebsiella_pneumoniae__diff_k3_rep3_d3_R2.fastq.gz	figure_raw_data/sim_single_species/Klebsiella_pneumoniae/truth/Klebsiella_pneumoniae__diff_k3_rep3_d3.truth.tsv
single	Klebsiella_pneumoniae__diff_k3_rep3_d5	Klebsiella_pneumoniae	figure_raw_data/sim_single_species/Klebsiella_pneumoniae/reads/Klebsiella_pneumoniae__diff_k3_rep3_d5_R1.fastq.gz	figure_raw_data/sim_single_species/Klebsiella_pneumoniae/reads/Klebsiella_pneumoniae__diff_k3_rep3_d5_R2.fastq.gz	figure_raw_data/sim_single_species/Klebsiella_pneumoniae/truth/Klebsiella_pneumoniae__diff_k3_rep3_d5.truth.tsv
single	Klebsiella_pneumoniae__diff_k3_rep3_d10	Klebsiella_pneumoniae	figure_raw_data/sim_single_species/Klebsiella_pneumoniae/reads/Klebsiella_pneumoniae__diff_k3_rep3_d10_R1.fastq.gz	figure_raw_data/sim_single_species/Klebsiella_pneumoniae/reads/Klebsiella_pneumoniae__diff_k3_rep3_d10_R2.fastq.gz	figure_raw_data/sim_single_species/Klebsiella_pneumoniae/truth/Klebsiella_pneumoniae__diff_k3_rep3_d10.truth.tsv
single	Klebsiella_pneumoniae__diff_k3_rep4_d0.5	Klebsiella_pneumoniae	figure_raw_data/sim_single_species/Klebsiella_pneumoniae/reads/Klebsiella_pneumoniae__diff_k3_rep4_d0.5_R1.fastq.gz	figure_raw_data/sim_single_species/Klebsiella_pneumoniae/reads/Klebsiella_pneumoniae__diff_k3_rep4_d0.5_R2.fastq.gz	figure_raw_data/sim_single_species/Klebsiella_pneumoniae/truth/Klebsiella_pneumoniae__diff_k3_rep4_d0.5.truth.tsv
single	Klebsiella_pneumoniae__diff_k3_rep4_d1	Klebsiella_pneumoniae	figure_raw_data/sim_single_species/Klebsiella_pneumoniae/reads/Klebsiella_pneumoniae__diff_k3_rep4_d1_R1.fastq.gz	figure_raw_data/sim_single_species/Klebsiella_pneumoniae/reads/Klebsiella_pneumoniae__diff_k3_rep4_d1_R2.fastq.gz	figure_raw_data/sim_single_species/Klebsiella_pneumoniae/truth/Klebsiella_pneumoniae__diff_k3_rep4_d1.truth.tsv
single	Klebsiella_pneumoniae__diff_k3_rep4_d3	Klebsiella_pneumoniae	figure_raw_data/sim_single_species/Klebsiella_pneumoniae/reads/Klebsiella_pneumoniae__diff_k3_rep4_d3_R1.fastq.gz	figure_raw_data/sim_single_species/Klebsiella_pneumoniae/reads/Klebsiella_pneumoniae__diff_k3_rep4_d3_R2.fastq.gz	figure_raw_data/sim_single_species/Klebsiella_pneumoniae/truth/Klebsiella_pneumoniae__diff_k3_rep4_d3.truth.tsv
single	Klebsiella_pneumoniae__diff_k3_rep4_d5	Klebsiella_pneumoniae	figure_raw_data/sim_single_species/Klebsiella_pneumoniae/reads/Klebsiella_pneumoniae__diff_k3_rep4_d5_R1.fastq.gz	figure_raw_data/sim_single_species/Klebsiella_pneumoniae/reads/Klebsiella_pneumoniae__diff_k3_rep4_d5_R2.fastq.gz	figure_raw_data/sim_single_species/Klebsiella_pneumoniae/truth/Klebsiella_pneumoniae__diff_k3_rep4_d5.truth.tsv
single	Klebsiella_pneumoniae__diff_k3_rep4_d10	Klebsiella_pneumoniae	figure_raw_data/sim_single_species/Klebsiella_pneumoniae/reads/Klebsiella_pneumoniae__diff_k3_rep4_d10_R1.fastq.gz	figure_raw_data/sim_single_species/Klebsiella_pneumoniae/reads/Klebsiella_pneumoniae__diff_k3_rep4_d10_R2.fastq.gz	figure_raw_data/sim_single_species/Klebsiella_pneumoniae/truth/Klebsiella_pneumoniae__diff_k3_rep4_d10.truth.tsv
single	Klebsiella_pneumoniae__diff_k3_rep5_d0.5	Klebsiella_pneumoniae	figure_raw_data/sim_single_species/Klebsiella_pneumoniae/reads/Klebsiella_pneumoniae__diff_k3_rep5_d0.5_R1.fastq.gz	figure_raw_data/sim_single_species/Klebsiella_pneumoniae/reads/Klebsiella_pneumoniae__diff_k3_rep5_d0.5_R2.fastq.gz	figure_raw_data/sim_single_species/Klebsiella_pneumoniae/truth/Klebsiella_pneumoniae__diff_k3_rep5_d0.5.truth.tsv
single	Klebsiella_pneumoniae__diff_k3_rep5_d1	Klebsiella_pneumoniae	figure_raw_data/sim_single_species/Klebsiella_pneumoniae/reads/Klebsiella_pneumoniae__diff_k3_rep5_d1_R1.fastq.gz	figure_raw_data/sim_single_species/Klebsiella_pneumoniae/reads/Klebsiella_pneumoniae__diff_k3_rep5_d1_R2.fastq.gz	figure_raw_data/sim_single_species/Klebsiella_pneumoniae/truth/Klebsiella_pneumoniae__diff_k3_rep5_d1.truth.tsv
single	Klebsiella_pneumoniae__diff_k3_rep5_d3	Klebsiella_pneumoniae	figure_raw_data/sim_single_species/Klebsiella_pneumoniae/reads/Klebsiella_pneumoniae__diff_k3_rep5_d3_R1.fastq.gz	figure_raw_data/sim_single_species/Klebsiella_pneumoniae/reads/Klebsiella_pneumoniae__diff_k3_rep5_d3_R2.fastq.gz	figure_raw_data/sim_single_species/Klebsiella_pneumoniae/truth/Klebsiella_pneumoniae__diff_k3_rep5_d3.truth.tsv
single	Klebsiella_pneumoniae__diff_k3_rep5_d5	Klebsiella_pneumoniae	figure_raw_data/sim_single_species/Klebsiella_pneumoniae/reads/Klebsiella_pneumoniae__diff_k3_rep5_d5_R1.fastq.gz	figure_raw_data/sim_single_species/Klebsiella_pneumoniae/reads/Klebsiella_pneumoniae__diff_k3_rep5_d5_R2.fastq.gz	figure_raw_data/sim_single_species/Klebsiella_pneumoniae/truth/Klebsiella_pneumoniae__diff_k3_rep5_d5.truth.tsv
single	Klebsiella_pneumoniae__diff_k3_rep5_d10	Klebsiella_pneumoniae	figure_raw_data/sim_single_species/Klebsiella_pneumoniae/reads/Klebsiella_pneumoniae__diff_k3_rep5_d10_R1.fastq.gz	figure_raw_data/sim_single_species/Klebsiella_pneumoniae/reads/Klebsiella_pneumoniae__diff_k3_rep5_d10_R2.fastq.gz	figure_raw_data/sim_single_species/Klebsiella_pneumoniae/truth/Klebsiella_pneumoniae__diff_k3_rep5_d10.truth.tsv
single	Klebsiella_pneumoniae__diff_k5_rep1_d0.5	Klebsiella_pneumoniae	figure_raw_data/sim_single_species/Klebsiella_pneumoniae/reads/Klebsiella_pneumoniae__diff_k5_rep1_d0.5_R1.fastq.gz	figure_raw_data/sim_single_species/Klebsiella_pneumoniae/reads/Klebsiella_pneumoniae__diff_k5_rep1_d0.5_R2.fastq.gz	figure_raw_data/sim_single_species/Klebsiella_pneumoniae/truth/Klebsiella_pneumoniae__diff_k5_rep1_d0.5.truth.tsv
single	Klebsiella_pneumoniae__diff_k5_rep1_d1	Klebsiella_pneumoniae	figure_raw_data/sim_single_species/Klebsiella_pneumoniae/reads/Klebsiella_pneumoniae__diff_k5_rep1_d1_R1.fastq.gz	figure_raw_data/sim_single_species/Klebsiella_pneumoniae/reads/Klebsiella_pneumoniae__diff_k5_rep1_d1_R2.fastq.gz	figure_raw_data/sim_single_species/Klebsiella_pneumoniae/truth/Klebsiella_pneumoniae__diff_k5_rep1_d1.truth.tsv
single	Klebsiella_pneumoniae__diff_k5_rep1_d3	Klebsiella_pneumoniae	figure_raw_data/sim_single_species/Klebsiella_pneumoniae/reads/Klebsiella_pneumoniae__diff_k5_rep1_d3_R1.fastq.gz	figure_raw_data/sim_single_species/Klebsiella_pneumoniae/reads/Klebsiella_pneumoniae__diff_k5_rep1_d3_R2.fastq.gz	figure_raw_data/sim_single_species/Klebsiella_pneumoniae/truth/Klebsiella_pneumoniae__diff_k5_rep1_d3.truth.tsv
single	Klebsiella_pneumoniae__diff_k5_rep1_d5	Klebsiella_pneumoniae	figure_raw_data/sim_single_species/Klebsiella_pneumoniae/reads/Klebsiella_pneumoniae__diff_k5_rep1_d5_R1.fastq.gz	figure_raw_data/sim_single_species/Klebsiella_pneumoniae/reads/Klebsiella_pneumoniae__diff_k5_rep1_d5_R2.fastq.gz	figure_raw_data/sim_single_species/Klebsiella_pneumoniae/truth/Klebsiella_pneumoniae__diff_k5_rep1_d5.truth.tsv
single	Klebsiella_pneumoniae__diff_k5_rep1_d10	Klebsiella_pneumoniae	figure_raw_data/sim_single_species/Klebsiella_pneumoniae/reads/Klebsiella_pneumoniae__diff_k5_rep1_d10_R1.fastq.gz	figure_raw_data/sim_single_species/Klebsiella_pneumoniae/reads/Klebsiella_pneumoniae__diff_k5_rep1_d10_R2.fastq.gz	figure_raw_data/sim_single_species/Klebsiella_pneumoniae/truth/Klebsiella_pneumoniae__diff_k5_rep1_d10.truth.tsv
single	Klebsiella_pneumoniae__diff_k5_rep2_d0.5	Klebsiella_pneumoniae	figure_raw_data/sim_single_species/Klebsiella_pneumoniae/reads/Klebsiella_pneumoniae__diff_k5_rep2_d0.5_R1.fastq.gz	figure_raw_data/sim_single_species/Klebsiella_pneumoniae/reads/Klebsiella_pneumoniae__diff_k5_rep2_d0.5_R2.fastq.gz	figure_raw_data/sim_single_species/Klebsiella_pneumoniae/truth/Klebsiella_pneumoniae__diff_k5_rep2_d0.5.truth.tsv
single	Klebsiella_pneumoniae__diff_k5_rep2_d1	Klebsiella_pneumoniae	figure_raw_data/sim_single_species/Klebsiella_pneumoniae/reads/Klebsiella_pneumoniae__diff_k5_rep2_d1_R1.fastq.gz	figure_raw_data/sim_single_species/Klebsiella_pneumoniae/reads/Klebsiella_pneumoniae__diff_k5_rep2_d1_R2.fastq.gz	figure_raw_data/sim_single_species/Klebsiella_pneumoniae/truth/Klebsiella_pneumoniae__diff_k5_rep2_d1.truth.tsv
single	Klebsiella_pneumoniae__diff_k5_rep2_d3	Klebsiella_pneumoniae	figure_raw_data/sim_single_species/Klebsiella_pneumoniae/reads/Klebsiella_pneumoniae__diff_k5_rep2_d3_R1.fastq.gz	figure_raw_data/sim_single_species/Klebsiella_pneumoniae/reads/Klebsiella_pneumoniae__diff_k5_rep2_d3_R2.fastq.gz	figure_raw_data/sim_single_species/Klebsiella_pneumoniae/truth/Klebsiella_pneumoniae__diff_k5_rep2_d3.truth.tsv
single	Klebsiella_pneumoniae__diff_k5_rep2_d5	Klebsiella_pneumoniae	figure_raw_data/sim_single_species/Klebsiella_pneumoniae/reads/Klebsiella_pneumoniae__diff_k5_rep2_d5_R1.fastq.gz	figure_raw_data/sim_single_species/Klebsiella_pneumoniae/reads/Klebsiella_pneumoniae__diff_k5_rep2_d5_R2.fastq.gz	figure_raw_data/sim_single_species/Klebsiella_pneumoniae/truth/Klebsiella_pneumoniae__diff_k5_rep2_d5.truth.tsv
single	Klebsiella_pneumoniae__diff_k5_rep2_d10	Klebsiella_pneumoniae	figure_raw_data/sim_single_species/Klebsiella_pneumoniae/reads/Klebsiella_pneumoniae__diff_k5_rep2_d10_R1.fastq.gz	figure_raw_data/sim_single_species/Klebsiella_pneumoniae/reads/Klebsiella_pneumoniae__diff_k5_rep2_d10_R2.fastq.gz	figure_raw_data/sim_single_species/Klebsiella_pneumoniae/truth/Klebsiella_pneumoniae__diff_k5_rep2_d10.truth.tsv
single	Klebsiella_pneumoniae__diff_k5_rep3_d0.5	Klebsiella_pneumoniae	figure_raw_data/sim_single_species/Klebsiella_pneumoniae/reads/Klebsiella_pneumoniae__diff_k5_rep3_d0.5_R1.fastq.gz	figure_raw_data/sim_single_species/Klebsiella_pneumoniae/reads/Klebsiella_pneumoniae__diff_k5_rep3_d0.5_R2.fastq.gz	figure_raw_data/sim_single_species/Klebsiella_pneumoniae/truth/Klebsiella_pneumoniae__diff_k5_rep3_d0.5.truth.tsv
single	Klebsiella_pneumoniae__diff_k5_rep3_d1	Klebsiella_pneumoniae	figure_raw_data/sim_single_species/Klebsiella_pneumoniae/reads/Klebsiella_pneumoniae__diff_k5_rep3_d1_R1.fastq.gz	figure_raw_data/sim_single_species/Klebsiella_pneumoniae/reads/Klebsiella_pneumoniae__diff_k5_rep3_d1_R2.fastq.gz	figure_raw_data/sim_single_species/Klebsiella_pneumoniae/truth/Klebsiella_pneumoniae__diff_k5_rep3_d1.truth.tsv
single	Klebsiella_pneumoniae__diff_k5_rep3_d3	Klebsiella_pneumoniae	figure_raw_data/sim_single_species/Klebsiella_pneumoniae/reads/Klebsiella_pneumoniae__diff_k5_rep3_d3_R1.fastq.gz	figure_raw_data/sim_single_species/Klebsiella_pneumoniae/reads/Klebsiella_pneumoniae__diff_k5_rep3_d3_R2.fastq.gz	figure_raw_data/sim_single_species/Klebsiella_pneumoniae/truth/Klebsiella_pneumoniae__diff_k5_rep3_d3.truth.tsv
single	Klebsiella_pneumoniae__diff_k5_rep3_d5	Klebsiella_pneumoniae	figure_raw_data/sim_single_species/Klebsiella_pneumoniae/reads/Klebsiella_pneumoniae__diff_k5_rep3_d5_R1.fastq.gz	figure_raw_data/sim_single_species/Klebsiella_pneumoniae/reads/Klebsiella_pneumoniae__diff_k5_rep3_d5_R2.fastq.gz	figure_raw_data/sim_single_species/Klebsiella_pneumoniae/truth/Klebsiella_pneumoniae__diff_k5_rep3_d5.truth.tsv
single	Klebsiella_pneumoniae__diff_k5_rep3_d10	Klebsiella_pneumoniae	figure_raw_data/sim_single_species/Klebsiella_pneumoniae/reads/Klebsiella_pneumoniae__diff_k5_rep3_d10_R1.fastq.gz	figure_raw_data/sim_single_species/Klebsiella_pneumoniae/reads/Klebsiella_pneumoniae__diff_k5_rep3_d10_R2.fastq.gz	figure_raw_data/sim_single_species/Klebsiella_pneumoniae/truth/Klebsiella_pneumoniae__diff_k5_rep3_d10.truth.tsv
single	Klebsiella_pneumoniae__diff_k5_rep4_d0.5	Klebsiella_pneumoniae	figure_raw_data/sim_single_species/Klebsiella_pneumoniae/reads/Klebsiella_pneumoniae__diff_k5_rep4_d0.5_R1.fastq.gz	figure_raw_data/sim_single_species/Klebsiella_pneumoniae/reads/Klebsiella_pneumoniae__diff_k5_rep4_d0.5_R2.fastq.gz	figure_raw_data/sim_single_species/Klebsiella_pneumoniae/truth/Klebsiella_pneumoniae__diff_k5_rep4_d0.5.truth.tsv
single	Klebsiella_pneumoniae__diff_k5_rep4_d1	Klebsiella_pneumoniae	figure_raw_data/sim_single_species/Klebsiella_pneumoniae/reads/Klebsiella_pneumoniae__diff_k5_rep4_d1_R1.fastq.gz	figure_raw_data/sim_single_species/Klebsiella_pneumoniae/reads/Klebsiella_pneumoniae__diff_k5_rep4_d1_R2.fastq.gz	figure_raw_data/sim_single_species/Klebsiella_pneumoniae/truth/Klebsiella_pneumoniae__diff_k5_rep4_d1.truth.tsv
single	Klebsiella_pneumoniae__diff_k5_rep4_d3	Klebsiella_pneumoniae	figure_raw_data/sim_single_species/Klebsiella_pneumoniae/reads/Klebsiella_pneumoniae__diff_k5_rep4_d3_R1.fastq.gz	figure_raw_data/sim_single_species/Klebsiella_pneumoniae/reads/Klebsiella_pneumoniae__diff_k5_rep4_d3_R2.fastq.gz	figure_raw_data/sim_single_species/Klebsiella_pneumoniae/truth/Klebsiella_pneumoniae__diff_k5_rep4_d3.truth.tsv
single	Klebsiella_pneumoniae__diff_k5_rep4_d5	Klebsiella_pneumoniae	figure_raw_data/sim_single_species/Klebsiella_pneumoniae/reads/Klebsiella_pneumoniae__diff_k5_rep4_d5_R1.fastq.gz	figure_raw_data/sim_single_species/Klebsiella_pneumoniae/reads/Klebsiella_pneumoniae__diff_k5_rep4_d5_R2.fastq.gz	figure_raw_data/sim_single_species/Klebsiella_pneumoniae/truth/Klebsiella_pneumoniae__diff_k5_rep4_d5.truth.tsv
single	Klebsiella_pneumoniae__diff_k5_rep4_d10	Klebsiella_pneumoniae	figure_raw_data/sim_single_species/Klebsiella_pneumoniae/reads/Klebsiella_pneumoniae__diff_k5_rep4_d10_R1.fastq.gz	figure_raw_data/sim_single_species/Klebsiella_pneumoniae/reads/Klebsiella_pneumoniae__diff_k5_rep4_d10_R2.fastq.gz	figure_raw_data/sim_single_species/Klebsiella_pneumoniae/truth/Klebsiella_pneumoniae__diff_k5_rep4_d10.truth.tsv
single	Klebsiella_pneumoniae__diff_k5_rep5_d0.5	Klebsiella_pneumoniae	figure_raw_data/sim_single_species/Klebsiella_pneumoniae/reads/Klebsiella_pneumoniae__diff_k5_rep5_d0.5_R1.fastq.gz	figure_raw_data/sim_single_species/Klebsiella_pneumoniae/reads/Klebsiella_pneumoniae__diff_k5_rep5_d0.5_R2.fastq.gz	figure_raw_data/sim_single_species/Klebsiella_pneumoniae/truth/Klebsiella_pneumoniae__diff_k5_rep5_d0.5.truth.tsv
single	Klebsiella_pneumoniae__diff_k5_rep5_d1	Klebsiella_pneumoniae	figure_raw_data/sim_single_species/Klebsiella_pneumoniae/reads/Klebsiella_pneumoniae__diff_k5_rep5_d1_R1.fastq.gz	figure_raw_data/sim_single_species/Klebsiella_pneumoniae/reads/Klebsiella_pneumoniae__diff_k5_rep5_d1_R2.fastq.gz	figure_raw_data/sim_single_species/Klebsiella_pneumoniae/truth/Klebsiella_pneumoniae__diff_k5_rep5_d1.truth.tsv
single	Klebsiella_pneumoniae__diff_k5_rep5_d3	Klebsiella_pneumoniae	figure_raw_data/sim_single_species/Klebsiella_pneumoniae/reads/Klebsiella_pneumoniae__diff_k5_rep5_d3_R1.fastq.gz	figure_raw_data/sim_single_species/Klebsiella_pneumoniae/reads/Klebsiella_pneumoniae__diff_k5_rep5_d3_R2.fastq.gz	figure_raw_data/sim_single_species/Klebsiella_pneumoniae/truth/Klebsiella_pneumoniae__diff_k5_rep5_d3.truth.tsv
single	Klebsiella_pneumoniae__diff_k5_rep5_d5	Klebsiella_pneumoniae	figure_raw_data/sim_single_species/Klebsiella_pneumoniae/reads/Klebsiella_pneumoniae__diff_k5_rep5_d5_R1.fastq.gz	figure_raw_data/sim_single_species/Klebsiella_pneumoniae/reads/Klebsiella_pneumoniae__diff_k5_rep5_d5_R2.fastq.gz	figure_raw_data/sim_single_species/Klebsiella_pneumoniae/truth/Klebsiella_pneumoniae__diff_k5_rep5_d5.truth.tsv
single	Klebsiella_pneumoniae__diff_k5_rep5_d10	Klebsiella_pneumoniae	figure_raw_data/sim_single_species/Klebsiella_pneumoniae/reads/Klebsiella_pneumoniae__diff_k5_rep5_d10_R1.fastq.gz	figure_raw_data/sim_single_species/Klebsiella_pneumoniae/reads/Klebsiella_pneumoniae__diff_k5_rep5_d10_R2.fastq.gz	figure_raw_data/sim_single_species/Klebsiella_pneumoniae/truth/Klebsiella_pneumoniae__diff_k5_rep5_d10.truth.tsv
single	Lactiplantibacillus_plantarum__diff_k2_rep1_d0.5	Lactiplantibacillus_plantarum	figure_raw_data/sim_single_species/Lactiplantibacillus_plantarum/reads/Lactiplantibacillus_plantarum__diff_k2_rep1_d0.5_R1.fastq.gz	figure_raw_data/sim_single_species/Lactiplantibacillus_plantarum/reads/Lactiplantibacillus_plantarum__diff_k2_rep1_d0.5_R2.fastq.gz	figure_raw_data/sim_single_species/Lactiplantibacillus_plantarum/truth/Lactiplantibacillus_plantarum__diff_k2_rep1_d0.5.truth.tsv
single	Lactiplantibacillus_plantarum__diff_k2_rep1_d1	Lactiplantibacillus_plantarum	figure_raw_data/sim_single_species/Lactiplantibacillus_plantarum/reads/Lactiplantibacillus_plantarum__diff_k2_rep1_d1_R1.fastq.gz	figure_raw_data/sim_single_species/Lactiplantibacillus_plantarum/reads/Lactiplantibacillus_plantarum__diff_k2_rep1_d1_R2.fastq.gz	figure_raw_data/sim_single_species/Lactiplantibacillus_plantarum/truth/Lactiplantibacillus_plantarum__diff_k2_rep1_d1.truth.tsv
single	Lactiplantibacillus_plantarum__diff_k2_rep1_d3	Lactiplantibacillus_plantarum	figure_raw_data/sim_single_species/Lactiplantibacillus_plantarum/reads/Lactiplantibacillus_plantarum__diff_k2_rep1_d3_R1.fastq.gz	figure_raw_data/sim_single_species/Lactiplantibacillus_plantarum/reads/Lactiplantibacillus_plantarum__diff_k2_rep1_d3_R2.fastq.gz	figure_raw_data/sim_single_species/Lactiplantibacillus_plantarum/truth/Lactiplantibacillus_plantarum__diff_k2_rep1_d3.truth.tsv
single	Lactiplantibacillus_plantarum__diff_k2_rep1_d5	Lactiplantibacillus_plantarum	figure_raw_data/sim_single_species/Lactiplantibacillus_plantarum/reads/Lactiplantibacillus_plantarum__diff_k2_rep1_d5_R1.fastq.gz	figure_raw_data/sim_single_species/Lactiplantibacillus_plantarum/reads/Lactiplantibacillus_plantarum__diff_k2_rep1_d5_R2.fastq.gz	figure_raw_data/sim_single_species/Lactiplantibacillus_plantarum/truth/Lactiplantibacillus_plantarum__diff_k2_rep1_d5.truth.tsv
single	Lactiplantibacillus_plantarum__diff_k2_rep1_d10	Lactiplantibacillus_plantarum	figure_raw_data/sim_single_species/Lactiplantibacillus_plantarum/reads/Lactiplantibacillus_plantarum__diff_k2_rep1_d10_R1.fastq.gz	figure_raw_data/sim_single_species/Lactiplantibacillus_plantarum/reads/Lactiplantibacillus_plantarum__diff_k2_rep1_d10_R2.fastq.gz	figure_raw_data/sim_single_species/Lactiplantibacillus_plantarum/truth/Lactiplantibacillus_plantarum__diff_k2_rep1_d10.truth.tsv
single	Lactiplantibacillus_plantarum__diff_k2_rep2_d0.5	Lactiplantibacillus_plantarum	figure_raw_data/sim_single_species/Lactiplantibacillus_plantarum/reads/Lactiplantibacillus_plantarum__diff_k2_rep2_d0.5_R1.fastq.gz	figure_raw_data/sim_single_species/Lactiplantibacillus_plantarum/reads/Lactiplantibacillus_plantarum__diff_k2_rep2_d0.5_R2.fastq.gz	figure_raw_data/sim_single_species/Lactiplantibacillus_plantarum/truth/Lactiplantibacillus_plantarum__diff_k2_rep2_d0.5.truth.tsv
single	Lactiplantibacillus_plantarum__diff_k2_rep2_d1	Lactiplantibacillus_plantarum	figure_raw_data/sim_single_species/Lactiplantibacillus_plantarum/reads/Lactiplantibacillus_plantarum__diff_k2_rep2_d1_R1.fastq.gz	figure_raw_data/sim_single_species/Lactiplantibacillus_plantarum/reads/Lactiplantibacillus_plantarum__diff_k2_rep2_d1_R2.fastq.gz	figure_raw_data/sim_single_species/Lactiplantibacillus_plantarum/truth/Lactiplantibacillus_plantarum__diff_k2_rep2_d1.truth.tsv
single	Lactiplantibacillus_plantarum__diff_k2_rep2_d3	Lactiplantibacillus_plantarum	figure_raw_data/sim_single_species/Lactiplantibacillus_plantarum/reads/Lactiplantibacillus_plantarum__diff_k2_rep2_d3_R1.fastq.gz	figure_raw_data/sim_single_species/Lactiplantibacillus_plantarum/reads/Lactiplantibacillus_plantarum__diff_k2_rep2_d3_R2.fastq.gz	figure_raw_data/sim_single_species/Lactiplantibacillus_plantarum/truth/Lactiplantibacillus_plantarum__diff_k2_rep2_d3.truth.tsv
single	Lactiplantibacillus_plantarum__diff_k2_rep2_d5	Lactiplantibacillus_plantarum	figure_raw_data/sim_single_species/Lactiplantibacillus_plantarum/reads/Lactiplantibacillus_plantarum__diff_k2_rep2_d5_R1.fastq.gz	figure_raw_data/sim_single_species/Lactiplantibacillus_plantarum/reads/Lactiplantibacillus_plantarum__diff_k2_rep2_d5_R2.fastq.gz	figure_raw_data/sim_single_species/Lactiplantibacillus_plantarum/truth/Lactiplantibacillus_plantarum__diff_k2_rep2_d5.truth.tsv
single	Lactiplantibacillus_plantarum__diff_k2_rep2_d10	Lactiplantibacillus_plantarum	figure_raw_data/sim_single_species/Lactiplantibacillus_plantarum/reads/Lactiplantibacillus_plantarum__diff_k2_rep2_d10_R1.fastq.gz	figure_raw_data/sim_single_species/Lactiplantibacillus_plantarum/reads/Lactiplantibacillus_plantarum__diff_k2_rep2_d10_R2.fastq.gz	figure_raw_data/sim_single_species/Lactiplantibacillus_plantarum/truth/Lactiplantibacillus_plantarum__diff_k2_rep2_d10.truth.tsv
single	Lactiplantibacillus_plantarum__diff_k2_rep3_d0.5	Lactiplantibacillus_plantarum	figure_raw_data/sim_single_species/Lactiplantibacillus_plantarum/reads/Lactiplantibacillus_plantarum__diff_k2_rep3_d0.5_R1.fastq.gz	figure_raw_data/sim_single_species/Lactiplantibacillus_plantarum/reads/Lactiplantibacillus_plantarum__diff_k2_rep3_d0.5_R2.fastq.gz	figure_raw_data/sim_single_species/Lactiplantibacillus_plantarum/truth/Lactiplantibacillus_plantarum__diff_k2_rep3_d0.5.truth.tsv
single	Lactiplantibacillus_plantarum__diff_k2_rep3_d1	Lactiplantibacillus_plantarum	figure_raw_data/sim_single_species/Lactiplantibacillus_plantarum/reads/Lactiplantibacillus_plantarum__diff_k2_rep3_d1_R1.fastq.gz	figure_raw_data/sim_single_species/Lactiplantibacillus_plantarum/reads/Lactiplantibacillus_plantarum__diff_k2_rep3_d1_R2.fastq.gz	figure_raw_data/sim_single_species/Lactiplantibacillus_plantarum/truth/Lactiplantibacillus_plantarum__diff_k2_rep3_d1.truth.tsv
single	Lactiplantibacillus_plantarum__diff_k2_rep3_d3	Lactiplantibacillus_plantarum	figure_raw_data/sim_single_species/Lactiplantibacillus_plantarum/reads/Lactiplantibacillus_plantarum__diff_k2_rep3_d3_R1.fastq.gz	figure_raw_data/sim_single_species/Lactiplantibacillus_plantarum/reads/Lactiplantibacillus_plantarum__diff_k2_rep3_d3_R2.fastq.gz	figure_raw_data/sim_single_species/Lactiplantibacillus_plantarum/truth/Lactiplantibacillus_plantarum__diff_k2_rep3_d3.truth.tsv
single	Lactiplantibacillus_plantarum__diff_k2_rep3_d5	Lactiplantibacillus_plantarum	figure_raw_data/sim_single_species/Lactiplantibacillus_plantarum/reads/Lactiplantibacillus_plantarum__diff_k2_rep3_d5_R1.fastq.gz	figure_raw_data/sim_single_species/Lactiplantibacillus_plantarum/reads/Lactiplantibacillus_plantarum__diff_k2_rep3_d5_R2.fastq.gz	figure_raw_data/sim_single_species/Lactiplantibacillus_plantarum/truth/Lactiplantibacillus_plantarum__diff_k2_rep3_d5.truth.tsv
single	Lactiplantibacillus_plantarum__diff_k2_rep3_d10	Lactiplantibacillus_plantarum	figure_raw_data/sim_single_species/Lactiplantibacillus_plantarum/reads/Lactiplantibacillus_plantarum__diff_k2_rep3_d10_R1.fastq.gz	figure_raw_data/sim_single_species/Lactiplantibacillus_plantarum/reads/Lactiplantibacillus_plantarum__diff_k2_rep3_d10_R2.fastq.gz	figure_raw_data/sim_single_species/Lactiplantibacillus_plantarum/truth/Lactiplantibacillus_plantarum__diff_k2_rep3_d10.truth.tsv
single	Lactiplantibacillus_plantarum__diff_k2_rep4_d0.5	Lactiplantibacillus_plantarum	figure_raw_data/sim_single_species/Lactiplantibacillus_plantarum/reads/Lactiplantibacillus_plantarum__diff_k2_rep4_d0.5_R1.fastq.gz	figure_raw_data/sim_single_species/Lactiplantibacillus_plantarum/reads/Lactiplantibacillus_plantarum__diff_k2_rep4_d0.5_R2.fastq.gz	figure_raw_data/sim_single_species/Lactiplantibacillus_plantarum/truth/Lactiplantibacillus_plantarum__diff_k2_rep4_d0.5.truth.tsv
single	Lactiplantibacillus_plantarum__diff_k2_rep4_d1	Lactiplantibacillus_plantarum	figure_raw_data/sim_single_species/Lactiplantibacillus_plantarum/reads/Lactiplantibacillus_plantarum__diff_k2_rep4_d1_R1.fastq.gz	figure_raw_data/sim_single_species/Lactiplantibacillus_plantarum/reads/Lactiplantibacillus_plantarum__diff_k2_rep4_d1_R2.fastq.gz	figure_raw_data/sim_single_species/Lactiplantibacillus_plantarum/truth/Lactiplantibacillus_plantarum__diff_k2_rep4_d1.truth.tsv
single	Lactiplantibacillus_plantarum__diff_k2_rep4_d3	Lactiplantibacillus_plantarum	figure_raw_data/sim_single_species/Lactiplantibacillus_plantarum/reads/Lactiplantibacillus_plantarum__diff_k2_rep4_d3_R1.fastq.gz	figure_raw_data/sim_single_species/Lactiplantibacillus_plantarum/reads/Lactiplantibacillus_plantarum__diff_k2_rep4_d3_R2.fastq.gz	figure_raw_data/sim_single_species/Lactiplantibacillus_plantarum/truth/Lactiplantibacillus_plantarum__diff_k2_rep4_d3.truth.tsv
single	Lactiplantibacillus_plantarum__diff_k2_rep4_d5	Lactiplantibacillus_plantarum	figure_raw_data/sim_single_species/Lactiplantibacillus_plantarum/reads/Lactiplantibacillus_plantarum__diff_k2_rep4_d5_R1.fastq.gz	figure_raw_data/sim_single_species/Lactiplantibacillus_plantarum/reads/Lactiplantibacillus_plantarum__diff_k2_rep4_d5_R2.fastq.gz	figure_raw_data/sim_single_species/Lactiplantibacillus_plantarum/truth/Lactiplantibacillus_plantarum__diff_k2_rep4_d5.truth.tsv
single	Lactiplantibacillus_plantarum__diff_k2_rep4_d10	Lactiplantibacillus_plantarum	figure_raw_data/sim_single_species/Lactiplantibacillus_plantarum/reads/Lactiplantibacillus_plantarum__diff_k2_rep4_d10_R1.fastq.gz	figure_raw_data/sim_single_species/Lactiplantibacillus_plantarum/reads/Lactiplantibacillus_plantarum__diff_k2_rep4_d10_R2.fastq.gz	figure_raw_data/sim_single_species/Lactiplantibacillus_plantarum/truth/Lactiplantibacillus_plantarum__diff_k2_rep4_d10.truth.tsv
single	Lactiplantibacillus_plantarum__diff_k2_rep5_d0.5	Lactiplantibacillus_plantarum	figure_raw_data/sim_single_species/Lactiplantibacillus_plantarum/reads/Lactiplantibacillus_plantarum__diff_k2_rep5_d0.5_R1.fastq.gz	figure_raw_data/sim_single_species/Lactiplantibacillus_plantarum/reads/Lactiplantibacillus_plantarum__diff_k2_rep5_d0.5_R2.fastq.gz	figure_raw_data/sim_single_species/Lactiplantibacillus_plantarum/truth/Lactiplantibacillus_plantarum__diff_k2_rep5_d0.5.truth.tsv
single	Lactiplantibacillus_plantarum__diff_k2_rep5_d1	Lactiplantibacillus_plantarum	figure_raw_data/sim_single_species/Lactiplantibacillus_plantarum/reads/Lactiplantibacillus_plantarum__diff_k2_rep5_d1_R1.fastq.gz	figure_raw_data/sim_single_species/Lactiplantibacillus_plantarum/reads/Lactiplantibacillus_plantarum__diff_k2_rep5_d1_R2.fastq.gz	figure_raw_data/sim_single_species/Lactiplantibacillus_plantarum/truth/Lactiplantibacillus_plantarum__diff_k2_rep5_d1.truth.tsv
single	Lactiplantibacillus_plantarum__diff_k2_rep5_d3	Lactiplantibacillus_plantarum	figure_raw_data/sim_single_species/Lactiplantibacillus_plantarum/reads/Lactiplantibacillus_plantarum__diff_k2_rep5_d3_R1.fastq.gz	figure_raw_data/sim_single_species/Lactiplantibacillus_plantarum/reads/Lactiplantibacillus_plantarum__diff_k2_rep5_d3_R2.fastq.gz	figure_raw_data/sim_single_species/Lactiplantibacillus_plantarum/truth/Lactiplantibacillus_plantarum__diff_k2_rep5_d3.truth.tsv
single	Lactiplantibacillus_plantarum__diff_k2_rep5_d5	Lactiplantibacillus_plantarum	figure_raw_data/sim_single_species/Lactiplantibacillus_plantarum/reads/Lactiplantibacillus_plantarum__diff_k2_rep5_d5_R1.fastq.gz	figure_raw_data/sim_single_species/Lactiplantibacillus_plantarum/reads/Lactiplantibacillus_plantarum__diff_k2_rep5_d5_R2.fastq.gz	figure_raw_data/sim_single_species/Lactiplantibacillus_plantarum/truth/Lactiplantibacillus_plantarum__diff_k2_rep5_d5.truth.tsv
single	Lactiplantibacillus_plantarum__diff_k2_rep5_d10	Lactiplantibacillus_plantarum	figure_raw_data/sim_single_species/Lactiplantibacillus_plantarum/reads/Lactiplantibacillus_plantarum__diff_k2_rep5_d10_R1.fastq.gz	figure_raw_data/sim_single_species/Lactiplantibacillus_plantarum/reads/Lactiplantibacillus_plantarum__diff_k2_rep5_d10_R2.fastq.gz	figure_raw_data/sim_single_species/Lactiplantibacillus_plantarum/truth/Lactiplantibacillus_plantarum__diff_k2_rep5_d10.truth.tsv
single	Lactiplantibacillus_plantarum__diff_k3_rep1_d0.5	Lactiplantibacillus_plantarum	figure_raw_data/sim_single_species/Lactiplantibacillus_plantarum/reads/Lactiplantibacillus_plantarum__diff_k3_rep1_d0.5_R1.fastq.gz	figure_raw_data/sim_single_species/Lactiplantibacillus_plantarum/reads/Lactiplantibacillus_plantarum__diff_k3_rep1_d0.5_R2.fastq.gz	figure_raw_data/sim_single_species/Lactiplantibacillus_plantarum/truth/Lactiplantibacillus_plantarum__diff_k3_rep1_d0.5.truth.tsv
single	Lactiplantibacillus_plantarum__diff_k3_rep1_d1	Lactiplantibacillus_plantarum	figure_raw_data/sim_single_species/Lactiplantibacillus_plantarum/reads/Lactiplantibacillus_plantarum__diff_k3_rep1_d1_R1.fastq.gz	figure_raw_data/sim_single_species/Lactiplantibacillus_plantarum/reads/Lactiplantibacillus_plantarum__diff_k3_rep1_d1_R2.fastq.gz	figure_raw_data/sim_single_species/Lactiplantibacillus_plantarum/truth/Lactiplantibacillus_plantarum__diff_k3_rep1_d1.truth.tsv
single	Lactiplantibacillus_plantarum__diff_k3_rep1_d3	Lactiplantibacillus_plantarum	figure_raw_data/sim_single_species/Lactiplantibacillus_plantarum/reads/Lactiplantibacillus_plantarum__diff_k3_rep1_d3_R1.fastq.gz	figure_raw_data/sim_single_species/Lactiplantibacillus_plantarum/reads/Lactiplantibacillus_plantarum__diff_k3_rep1_d3_R2.fastq.gz	figure_raw_data/sim_single_species/Lactiplantibacillus_plantarum/truth/Lactiplantibacillus_plantarum__diff_k3_rep1_d3.truth.tsv
single	Lactiplantibacillus_plantarum__diff_k3_rep1_d5	Lactiplantibacillus_plantarum	figure_raw_data/sim_single_species/Lactiplantibacillus_plantarum/reads/Lactiplantibacillus_plantarum__diff_k3_rep1_d5_R1.fastq.gz	figure_raw_data/sim_single_species/Lactiplantibacillus_plantarum/reads/Lactiplantibacillus_plantarum__diff_k3_rep1_d5_R2.fastq.gz	figure_raw_data/sim_single_species/Lactiplantibacillus_plantarum/truth/Lactiplantibacillus_plantarum__diff_k3_rep1_d5.truth.tsv
single	Lactiplantibacillus_plantarum__diff_k3_rep1_d10	Lactiplantibacillus_plantarum	figure_raw_data/sim_single_species/Lactiplantibacillus_plantarum/reads/Lactiplantibacillus_plantarum__diff_k3_rep1_d10_R1.fastq.gz	figure_raw_data/sim_single_species/Lactiplantibacillus_plantarum/reads/Lactiplantibacillus_plantarum__diff_k3_rep1_d10_R2.fastq.gz	figure_raw_data/sim_single_species/Lactiplantibacillus_plantarum/truth/Lactiplantibacillus_plantarum__diff_k3_rep1_d10.truth.tsv
single	Lactiplantibacillus_plantarum__diff_k3_rep2_d0.5	Lactiplantibacillus_plantarum	figure_raw_data/sim_single_species/Lactiplantibacillus_plantarum/reads/Lactiplantibacillus_plantarum__diff_k3_rep2_d0.5_R1.fastq.gz	figure_raw_data/sim_single_species/Lactiplantibacillus_plantarum/reads/Lactiplantibacillus_plantarum__diff_k3_rep2_d0.5_R2.fastq.gz	figure_raw_data/sim_single_species/Lactiplantibacillus_plantarum/truth/Lactiplantibacillus_plantarum__diff_k3_rep2_d0.5.truth.tsv
single	Lactiplantibacillus_plantarum__diff_k3_rep2_d1	Lactiplantibacillus_plantarum	figure_raw_data/sim_single_species/Lactiplantibacillus_plantarum/reads/Lactiplantibacillus_plantarum__diff_k3_rep2_d1_R1.fastq.gz	figure_raw_data/sim_single_species/Lactiplantibacillus_plantarum/reads/Lactiplantibacillus_plantarum__diff_k3_rep2_d1_R2.fastq.gz	figure_raw_data/sim_single_species/Lactiplantibacillus_plantarum/truth/Lactiplantibacillus_plantarum__diff_k3_rep2_d1.truth.tsv
single	Lactiplantibacillus_plantarum__diff_k3_rep2_d3	Lactiplantibacillus_plantarum	figure_raw_data/sim_single_species/Lactiplantibacillus_plantarum/reads/Lactiplantibacillus_plantarum__diff_k3_rep2_d3_R1.fastq.gz	figure_raw_data/sim_single_species/Lactiplantibacillus_plantarum/reads/Lactiplantibacillus_plantarum__diff_k3_rep2_d3_R2.fastq.gz	figure_raw_data/sim_single_species/Lactiplantibacillus_plantarum/truth/Lactiplantibacillus_plantarum__diff_k3_rep2_d3.truth.tsv
single	Lactiplantibacillus_plantarum__diff_k3_rep2_d5	Lactiplantibacillus_plantarum	figure_raw_data/sim_single_species/Lactiplantibacillus_plantarum/reads/Lactiplantibacillus_plantarum__diff_k3_rep2_d5_R1.fastq.gz	figure_raw_data/sim_single_species/Lactiplantibacillus_plantarum/reads/Lactiplantibacillus_plantarum__diff_k3_rep2_d5_R2.fastq.gz	figure_raw_data/sim_single_species/Lactiplantibacillus_plantarum/truth/Lactiplantibacillus_plantarum__diff_k3_rep2_d5.truth.tsv
single	Lactiplantibacillus_plantarum__diff_k3_rep2_d10	Lactiplantibacillus_plantarum	figure_raw_data/sim_single_species/Lactiplantibacillus_plantarum/reads/Lactiplantibacillus_plantarum__diff_k3_rep2_d10_R1.fastq.gz	figure_raw_data/sim_single_species/Lactiplantibacillus_plantarum/reads/Lactiplantibacillus_plantarum__diff_k3_rep2_d10_R2.fastq.gz	figure_raw_data/sim_single_species/Lactiplantibacillus_plantarum/truth/Lactiplantibacillus_plantarum__diff_k3_rep2_d10.truth.tsv
single	Lactiplantibacillus_plantarum__diff_k3_rep3_d0.5	Lactiplantibacillus_plantarum	figure_raw_data/sim_single_species/Lactiplantibacillus_plantarum/reads/Lactiplantibacillus_plantarum__diff_k3_rep3_d0.5_R1.fastq.gz	figure_raw_data/sim_single_species/Lactiplantibacillus_plantarum/reads/Lactiplantibacillus_plantarum__diff_k3_rep3_d0.5_R2.fastq.gz	figure_raw_data/sim_single_species/Lactiplantibacillus_plantarum/truth/Lactiplantibacillus_plantarum__diff_k3_rep3_d0.5.truth.tsv
single	Lactiplantibacillus_plantarum__diff_k3_rep3_d1	Lactiplantibacillus_plantarum	figure_raw_data/sim_single_species/Lactiplantibacillus_plantarum/reads/Lactiplantibacillus_plantarum__diff_k3_rep3_d1_R1.fastq.gz	figure_raw_data/sim_single_species/Lactiplantibacillus_plantarum/reads/Lactiplantibacillus_plantarum__diff_k3_rep3_d1_R2.fastq.gz	figure_raw_data/sim_single_species/Lactiplantibacillus_plantarum/truth/Lactiplantibacillus_plantarum__diff_k3_rep3_d1.truth.tsv
single	Lactiplantibacillus_plantarum__diff_k3_rep3_d3	Lactiplantibacillus_plantarum	figure_raw_data/sim_single_species/Lactiplantibacillus_plantarum/reads/Lactiplantibacillus_plantarum__diff_k3_rep3_d3_R1.fastq.gz	figure_raw_data/sim_single_species/Lactiplantibacillus_plantarum/reads/Lactiplantibacillus_plantarum__diff_k3_rep3_d3_R2.fastq.gz	figure_raw_data/sim_single_species/Lactiplantibacillus_plantarum/truth/Lactiplantibacillus_plantarum__diff_k3_rep3_d3.truth.tsv
single	Lactiplantibacillus_plantarum__diff_k3_rep3_d5	Lactiplantibacillus_plantarum	figure_raw_data/sim_single_species/Lactiplantibacillus_plantarum/reads/Lactiplantibacillus_plantarum__diff_k3_rep3_d5_R1.fastq.gz	figure_raw_data/sim_single_species/Lactiplantibacillus_plantarum/reads/Lactiplantibacillus_plantarum__diff_k3_rep3_d5_R2.fastq.gz	figure_raw_data/sim_single_species/Lactiplantibacillus_plantarum/truth/Lactiplantibacillus_plantarum__diff_k3_rep3_d5.truth.tsv
single	Lactiplantibacillus_plantarum__diff_k3_rep3_d10	Lactiplantibacillus_plantarum	figure_raw_data/sim_single_species/Lactiplantibacillus_plantarum/reads/Lactiplantibacillus_plantarum__diff_k3_rep3_d10_R1.fastq.gz	figure_raw_data/sim_single_species/Lactiplantibacillus_plantarum/reads/Lactiplantibacillus_plantarum__diff_k3_rep3_d10_R2.fastq.gz	figure_raw_data/sim_single_species/Lactiplantibacillus_plantarum/truth/Lactiplantibacillus_plantarum__diff_k3_rep3_d10.truth.tsv
single	Lactiplantibacillus_plantarum__diff_k3_rep4_d0.5	Lactiplantibacillus_plantarum	figure_raw_data/sim_single_species/Lactiplantibacillus_plantarum/reads/Lactiplantibacillus_plantarum__diff_k3_rep4_d0.5_R1.fastq.gz	figure_raw_data/sim_single_species/Lactiplantibacillus_plantarum/reads/Lactiplantibacillus_plantarum__diff_k3_rep4_d0.5_R2.fastq.gz	figure_raw_data/sim_single_species/Lactiplantibacillus_plantarum/truth/Lactiplantibacillus_plantarum__diff_k3_rep4_d0.5.truth.tsv
single	Lactiplantibacillus_plantarum__diff_k3_rep4_d1	Lactiplantibacillus_plantarum	figure_raw_data/sim_single_species/Lactiplantibacillus_plantarum/reads/Lactiplantibacillus_plantarum__diff_k3_rep4_d1_R1.fastq.gz	figure_raw_data/sim_single_species/Lactiplantibacillus_plantarum/reads/Lactiplantibacillus_plantarum__diff_k3_rep4_d1_R2.fastq.gz	figure_raw_data/sim_single_species/Lactiplantibacillus_plantarum/truth/Lactiplantibacillus_plantarum__diff_k3_rep4_d1.truth.tsv
single	Lactiplantibacillus_plantarum__diff_k3_rep4_d3	Lactiplantibacillus_plantarum	figure_raw_data/sim_single_species/Lactiplantibacillus_plantarum/reads/Lactiplantibacillus_plantarum__diff_k3_rep4_d3_R1.fastq.gz	figure_raw_data/sim_single_species/Lactiplantibacillus_plantarum/reads/Lactiplantibacillus_plantarum__diff_k3_rep4_d3_R2.fastq.gz	figure_raw_data/sim_single_species/Lactiplantibacillus_plantarum/truth/Lactiplantibacillus_plantarum__diff_k3_rep4_d3.truth.tsv
single	Lactiplantibacillus_plantarum__diff_k3_rep4_d5	Lactiplantibacillus_plantarum	figure_raw_data/sim_single_species/Lactiplantibacillus_plantarum/reads/Lactiplantibacillus_plantarum__diff_k3_rep4_d5_R1.fastq.gz	figure_raw_data/sim_single_species/Lactiplantibacillus_plantarum/reads/Lactiplantibacillus_plantarum__diff_k3_rep4_d5_R2.fastq.gz	figure_raw_data/sim_single_species/Lactiplantibacillus_plantarum/truth/Lactiplantibacillus_plantarum__diff_k3_rep4_d5.truth.tsv
single	Lactiplantibacillus_plantarum__diff_k3_rep4_d10	Lactiplantibacillus_plantarum	figure_raw_data/sim_single_species/Lactiplantibacillus_plantarum/reads/Lactiplantibacillus_plantarum__diff_k3_rep4_d10_R1.fastq.gz	figure_raw_data/sim_single_species/Lactiplantibacillus_plantarum/reads/Lactiplantibacillus_plantarum__diff_k3_rep4_d10_R2.fastq.gz	figure_raw_data/sim_single_species/Lactiplantibacillus_plantarum/truth/Lactiplantibacillus_plantarum__diff_k3_rep4_d10.truth.tsv
single	Lactiplantibacillus_plantarum__diff_k3_rep5_d0.5	Lactiplantibacillus_plantarum	figure_raw_data/sim_single_species/Lactiplantibacillus_plantarum/reads/Lactiplantibacillus_plantarum__diff_k3_rep5_d0.5_R1.fastq.gz	figure_raw_data/sim_single_species/Lactiplantibacillus_plantarum/reads/Lactiplantibacillus_plantarum__diff_k3_rep5_d0.5_R2.fastq.gz	figure_raw_data/sim_single_species/Lactiplantibacillus_plantarum/truth/Lactiplantibacillus_plantarum__diff_k3_rep5_d0.5.truth.tsv
single	Lactiplantibacillus_plantarum__diff_k3_rep5_d1	Lactiplantibacillus_plantarum	figure_raw_data/sim_single_species/Lactiplantibacillus_plantarum/reads/Lactiplantibacillus_plantarum__diff_k3_rep5_d1_R1.fastq.gz	figure_raw_data/sim_single_species/Lactiplantibacillus_plantarum/reads/Lactiplantibacillus_plantarum__diff_k3_rep5_d1_R2.fastq.gz	figure_raw_data/sim_single_species/Lactiplantibacillus_plantarum/truth/Lactiplantibacillus_plantarum__diff_k3_rep5_d1.truth.tsv
single	Lactiplantibacillus_plantarum__diff_k3_rep5_d3	Lactiplantibacillus_plantarum	figure_raw_data/sim_single_species/Lactiplantibacillus_plantarum/reads/Lactiplantibacillus_plantarum__diff_k3_rep5_d3_R1.fastq.gz	figure_raw_data/sim_single_species/Lactiplantibacillus_plantarum/reads/Lactiplantibacillus_plantarum__diff_k3_rep5_d3_R2.fastq.gz	figure_raw_data/sim_single_species/Lactiplantibacillus_plantarum/truth/Lactiplantibacillus_plantarum__diff_k3_rep5_d3.truth.tsv
single	Lactiplantibacillus_plantarum__diff_k3_rep5_d5	Lactiplantibacillus_plantarum	figure_raw_data/sim_single_species/Lactiplantibacillus_plantarum/reads/Lactiplantibacillus_plantarum__diff_k3_rep5_d5_R1.fastq.gz	figure_raw_data/sim_single_species/Lactiplantibacillus_plantarum/reads/Lactiplantibacillus_plantarum__diff_k3_rep5_d5_R2.fastq.gz	figure_raw_data/sim_single_species/Lactiplantibacillus_plantarum/truth/Lactiplantibacillus_plantarum__diff_k3_rep5_d5.truth.tsv
single	Lactiplantibacillus_plantarum__diff_k3_rep5_d10	Lactiplantibacillus_plantarum	figure_raw_data/sim_single_species/Lactiplantibacillus_plantarum/reads/Lactiplantibacillus_plantarum__diff_k3_rep5_d10_R1.fastq.gz	figure_raw_data/sim_single_species/Lactiplantibacillus_plantarum/reads/Lactiplantibacillus_plantarum__diff_k3_rep5_d10_R2.fastq.gz	figure_raw_data/sim_single_species/Lactiplantibacillus_plantarum/truth/Lactiplantibacillus_plantarum__diff_k3_rep5_d10.truth.tsv
single	Lactiplantibacillus_plantarum__diff_k5_rep1_d0.5	Lactiplantibacillus_plantarum	figure_raw_data/sim_single_species/Lactiplantibacillus_plantarum/reads/Lactiplantibacillus_plantarum__diff_k5_rep1_d0.5_R1.fastq.gz	figure_raw_data/sim_single_species/Lactiplantibacillus_plantarum/reads/Lactiplantibacillus_plantarum__diff_k5_rep1_d0.5_R2.fastq.gz	figure_raw_data/sim_single_species/Lactiplantibacillus_plantarum/truth/Lactiplantibacillus_plantarum__diff_k5_rep1_d0.5.truth.tsv
single	Lactiplantibacillus_plantarum__diff_k5_rep1_d1	Lactiplantibacillus_plantarum	figure_raw_data/sim_single_species/Lactiplantibacillus_plantarum/reads/Lactiplantibacillus_plantarum__diff_k5_rep1_d1_R1.fastq.gz	figure_raw_data/sim_single_species/Lactiplantibacillus_plantarum/reads/Lactiplantibacillus_plantarum__diff_k5_rep1_d1_R2.fastq.gz	figure_raw_data/sim_single_species/Lactiplantibacillus_plantarum/truth/Lactiplantibacillus_plantarum__diff_k5_rep1_d1.truth.tsv
single	Lactiplantibacillus_plantarum__diff_k5_rep1_d3	Lactiplantibacillus_plantarum	figure_raw_data/sim_single_species/Lactiplantibacillus_plantarum/reads/Lactiplantibacillus_plantarum__diff_k5_rep1_d3_R1.fastq.gz	figure_raw_data/sim_single_species/Lactiplantibacillus_plantarum/reads/Lactiplantibacillus_plantarum__diff_k5_rep1_d3_R2.fastq.gz	figure_raw_data/sim_single_species/Lactiplantibacillus_plantarum/truth/Lactiplantibacillus_plantarum__diff_k5_rep1_d3.truth.tsv
single	Lactiplantibacillus_plantarum__diff_k5_rep1_d5	Lactiplantibacillus_plantarum	figure_raw_data/sim_single_species/Lactiplantibacillus_plantarum/reads/Lactiplantibacillus_plantarum__diff_k5_rep1_d5_R1.fastq.gz	figure_raw_data/sim_single_species/Lactiplantibacillus_plantarum/reads/Lactiplantibacillus_plantarum__diff_k5_rep1_d5_R2.fastq.gz	figure_raw_data/sim_single_species/Lactiplantibacillus_plantarum/truth/Lactiplantibacillus_plantarum__diff_k5_rep1_d5.truth.tsv
single	Lactiplantibacillus_plantarum__diff_k5_rep1_d10	Lactiplantibacillus_plantarum	figure_raw_data/sim_single_species/Lactiplantibacillus_plantarum/reads/Lactiplantibacillus_plantarum__diff_k5_rep1_d10_R1.fastq.gz	figure_raw_data/sim_single_species/Lactiplantibacillus_plantarum/reads/Lactiplantibacillus_plantarum__diff_k5_rep1_d10_R2.fastq.gz	figure_raw_data/sim_single_species/Lactiplantibacillus_plantarum/truth/Lactiplantibacillus_plantarum__diff_k5_rep1_d10.truth.tsv
single	Lactiplantibacillus_plantarum__diff_k5_rep2_d0.5	Lactiplantibacillus_plantarum	figure_raw_data/sim_single_species/Lactiplantibacillus_plantarum/reads/Lactiplantibacillus_plantarum__diff_k5_rep2_d0.5_R1.fastq.gz	figure_raw_data/sim_single_species/Lactiplantibacillus_plantarum/reads/Lactiplantibacillus_plantarum__diff_k5_rep2_d0.5_R2.fastq.gz	figure_raw_data/sim_single_species/Lactiplantibacillus_plantarum/truth/Lactiplantibacillus_plantarum__diff_k5_rep2_d0.5.truth.tsv
single	Lactiplantibacillus_plantarum__diff_k5_rep2_d1	Lactiplantibacillus_plantarum	figure_raw_data/sim_single_species/Lactiplantibacillus_plantarum/reads/Lactiplantibacillus_plantarum__diff_k5_rep2_d1_R1.fastq.gz	figure_raw_data/sim_single_species/Lactiplantibacillus_plantarum/reads/Lactiplantibacillus_plantarum__diff_k5_rep2_d1_R2.fastq.gz	figure_raw_data/sim_single_species/Lactiplantibacillus_plantarum/truth/Lactiplantibacillus_plantarum__diff_k5_rep2_d1.truth.tsv
single	Lactiplantibacillus_plantarum__diff_k5_rep2_d3	Lactiplantibacillus_plantarum	figure_raw_data/sim_single_species/Lactiplantibacillus_plantarum/reads/Lactiplantibacillus_plantarum__diff_k5_rep2_d3_R1.fastq.gz	figure_raw_data/sim_single_species/Lactiplantibacillus_plantarum/reads/Lactiplantibacillus_plantarum__diff_k5_rep2_d3_R2.fastq.gz	figure_raw_data/sim_single_species/Lactiplantibacillus_plantarum/truth/Lactiplantibacillus_plantarum__diff_k5_rep2_d3.truth.tsv
single	Lactiplantibacillus_plantarum__diff_k5_rep2_d5	Lactiplantibacillus_plantarum	figure_raw_data/sim_single_species/Lactiplantibacillus_plantarum/reads/Lactiplantibacillus_plantarum__diff_k5_rep2_d5_R1.fastq.gz	figure_raw_data/sim_single_species/Lactiplantibacillus_plantarum/reads/Lactiplantibacillus_plantarum__diff_k5_rep2_d5_R2.fastq.gz	figure_raw_data/sim_single_species/Lactiplantibacillus_plantarum/truth/Lactiplantibacillus_plantarum__diff_k5_rep2_d5.truth.tsv
single	Lactiplantibacillus_plantarum__diff_k5_rep2_d10	Lactiplantibacillus_plantarum	figure_raw_data/sim_single_species/Lactiplantibacillus_plantarum/reads/Lactiplantibacillus_plantarum__diff_k5_rep2_d10_R1.fastq.gz	figure_raw_data/sim_single_species/Lactiplantibacillus_plantarum/reads/Lactiplantibacillus_plantarum__diff_k5_rep2_d10_R2.fastq.gz	figure_raw_data/sim_single_species/Lactiplantibacillus_plantarum/truth/Lactiplantibacillus_plantarum__diff_k5_rep2_d10.truth.tsv
single	Lactiplantibacillus_plantarum__diff_k5_rep3_d0.5	Lactiplantibacillus_plantarum	figure_raw_data/sim_single_species/Lactiplantibacillus_plantarum/reads/Lactiplantibacillus_plantarum__diff_k5_rep3_d0.5_R1.fastq.gz	figure_raw_data/sim_single_species/Lactiplantibacillus_plantarum/reads/Lactiplantibacillus_plantarum__diff_k5_rep3_d0.5_R2.fastq.gz	figure_raw_data/sim_single_species/Lactiplantibacillus_plantarum/truth/Lactiplantibacillus_plantarum__diff_k5_rep3_d0.5.truth.tsv
single	Lactiplantibacillus_plantarum__diff_k5_rep3_d1	Lactiplantibacillus_plantarum	figure_raw_data/sim_single_species/Lactiplantibacillus_plantarum/reads/Lactiplantibacillus_plantarum__diff_k5_rep3_d1_R1.fastq.gz	figure_raw_data/sim_single_species/Lactiplantibacillus_plantarum/reads/Lactiplantibacillus_plantarum__diff_k5_rep3_d1_R2.fastq.gz	figure_raw_data/sim_single_species/Lactiplantibacillus_plantarum/truth/Lactiplantibacillus_plantarum__diff_k5_rep3_d1.truth.tsv
single	Lactiplantibacillus_plantarum__diff_k5_rep3_d3	Lactiplantibacillus_plantarum	figure_raw_data/sim_single_species/Lactiplantibacillus_plantarum/reads/Lactiplantibacillus_plantarum__diff_k5_rep3_d3_R1.fastq.gz	figure_raw_data/sim_single_species/Lactiplantibacillus_plantarum/reads/Lactiplantibacillus_plantarum__diff_k5_rep3_d3_R2.fastq.gz	figure_raw_data/sim_single_species/Lactiplantibacillus_plantarum/truth/Lactiplantibacillus_plantarum__diff_k5_rep3_d3.truth.tsv
single	Lactiplantibacillus_plantarum__diff_k5_rep3_d5	Lactiplantibacillus_plantarum	figure_raw_data/sim_single_species/Lactiplantibacillus_plantarum/reads/Lactiplantibacillus_plantarum__diff_k5_rep3_d5_R1.fastq.gz	figure_raw_data/sim_single_species/Lactiplantibacillus_plantarum/reads/Lactiplantibacillus_plantarum__diff_k5_rep3_d5_R2.fastq.gz	figure_raw_data/sim_single_species/Lactiplantibacillus_plantarum/truth/Lactiplantibacillus_plantarum__diff_k5_rep3_d5.truth.tsv
single	Lactiplantibacillus_plantarum__diff_k5_rep3_d10	Lactiplantibacillus_plantarum	figure_raw_data/sim_single_species/Lactiplantibacillus_plantarum/reads/Lactiplantibacillus_plantarum__diff_k5_rep3_d10_R1.fastq.gz	figure_raw_data/sim_single_species/Lactiplantibacillus_plantarum/reads/Lactiplantibacillus_plantarum__diff_k5_rep3_d10_R2.fastq.gz	figure_raw_data/sim_single_species/Lactiplantibacillus_plantarum/truth/Lactiplantibacillus_plantarum__diff_k5_rep3_d10.truth.tsv
single	Lactiplantibacillus_plantarum__diff_k5_rep4_d0.5	Lactiplantibacillus_plantarum	figure_raw_data/sim_single_species/Lactiplantibacillus_plantarum/reads/Lactiplantibacillus_plantarum__diff_k5_rep4_d0.5_R1.fastq.gz	figure_raw_data/sim_single_species/Lactiplantibacillus_plantarum/reads/Lactiplantibacillus_plantarum__diff_k5_rep4_d0.5_R2.fastq.gz	figure_raw_data/sim_single_species/Lactiplantibacillus_plantarum/truth/Lactiplantibacillus_plantarum__diff_k5_rep4_d0.5.truth.tsv
single	Lactiplantibacillus_plantarum__diff_k5_rep4_d1	Lactiplantibacillus_plantarum	figure_raw_data/sim_single_species/Lactiplantibacillus_plantarum/reads/Lactiplantibacillus_plantarum__diff_k5_rep4_d1_R1.fastq.gz	figure_raw_data/sim_single_species/Lactiplantibacillus_plantarum/reads/Lactiplantibacillus_plantarum__diff_k5_rep4_d1_R2.fastq.gz	figure_raw_data/sim_single_species/Lactiplantibacillus_plantarum/truth/Lactiplantibacillus_plantarum__diff_k5_rep4_d1.truth.tsv
single	Lactiplantibacillus_plantarum__diff_k5_rep4_d3	Lactiplantibacillus_plantarum	figure_raw_data/sim_single_species/Lactiplantibacillus_plantarum/reads/Lactiplantibacillus_plantarum__diff_k5_rep4_d3_R1.fastq.gz	figure_raw_data/sim_single_species/Lactiplantibacillus_plantarum/reads/Lactiplantibacillus_plantarum__diff_k5_rep4_d3_R2.fastq.gz	figure_raw_data/sim_single_species/Lactiplantibacillus_plantarum/truth/Lactiplantibacillus_plantarum__diff_k5_rep4_d3.truth.tsv
single	Lactiplantibacillus_plantarum__diff_k5_rep4_d5	Lactiplantibacillus_plantarum	figure_raw_data/sim_single_species/Lactiplantibacillus_plantarum/reads/Lactiplantibacillus_plantarum__diff_k5_rep4_d5_R1.fastq.gz	figure_raw_data/sim_single_species/Lactiplantibacillus_plantarum/reads/Lactiplantibacillus_plantarum__diff_k5_rep4_d5_R2.fastq.gz	figure_raw_data/sim_single_species/Lactiplantibacillus_plantarum/truth/Lactiplantibacillus_plantarum__diff_k5_rep4_d5.truth.tsv
single	Lactiplantibacillus_plantarum__diff_k5_rep4_d10	Lactiplantibacillus_plantarum	figure_raw_data/sim_single_species/Lactiplantibacillus_plantarum/reads/Lactiplantibacillus_plantarum__diff_k5_rep4_d10_R1.fastq.gz	figure_raw_data/sim_single_species/Lactiplantibacillus_plantarum/reads/Lactiplantibacillus_plantarum__diff_k5_rep4_d10_R2.fastq.gz	figure_raw_data/sim_single_species/Lactiplantibacillus_plantarum/truth/Lactiplantibacillus_plantarum__diff_k5_rep4_d10.truth.tsv
single	Lactiplantibacillus_plantarum__diff_k5_rep5_d0.5	Lactiplantibacillus_plantarum	figure_raw_data/sim_single_species/Lactiplantibacillus_plantarum/reads/Lactiplantibacillus_plantarum__diff_k5_rep5_d0.5_R1.fastq.gz	figure_raw_data/sim_single_species/Lactiplantibacillus_plantarum/reads/Lactiplantibacillus_plantarum__diff_k5_rep5_d0.5_R2.fastq.gz	figure_raw_data/sim_single_species/Lactiplantibacillus_plantarum/truth/Lactiplantibacillus_plantarum__diff_k5_rep5_d0.5.truth.tsv
single	Lactiplantibacillus_plantarum__diff_k5_rep5_d1	Lactiplantibacillus_plantarum	figure_raw_data/sim_single_species/Lactiplantibacillus_plantarum/reads/Lactiplantibacillus_plantarum__diff_k5_rep5_d1_R1.fastq.gz	figure_raw_data/sim_single_species/Lactiplantibacillus_plantarum/reads/Lactiplantibacillus_plantarum__diff_k5_rep5_d1_R2.fastq.gz	figure_raw_data/sim_single_species/Lactiplantibacillus_plantarum/truth/Lactiplantibacillus_plantarum__diff_k5_rep5_d1.truth.tsv
single	Lactiplantibacillus_plantarum__diff_k5_rep5_d3	Lactiplantibacillus_plantarum	figure_raw_data/sim_single_species/Lactiplantibacillus_plantarum/reads/Lactiplantibacillus_plantarum__diff_k5_rep5_d3_R1.fastq.gz	figure_raw_data/sim_single_species/Lactiplantibacillus_plantarum/reads/Lactiplantibacillus_plantarum__diff_k5_rep5_d3_R2.fastq.gz	figure_raw_data/sim_single_species/Lactiplantibacillus_plantarum/truth/Lactiplantibacillus_plantarum__diff_k5_rep5_d3.truth.tsv
single	Lactiplantibacillus_plantarum__diff_k5_rep5_d5	Lactiplantibacillus_plantarum	figure_raw_data/sim_single_species/Lactiplantibacillus_plantarum/reads/Lactiplantibacillus_plantarum__diff_k5_rep5_d5_R1.fastq.gz	figure_raw_data/sim_single_species/Lactiplantibacillus_plantarum/reads/Lactiplantibacillus_plantarum__diff_k5_rep5_d5_R2.fastq.gz	figure_raw_data/sim_single_species/Lactiplantibacillus_plantarum/truth/Lactiplantibacillus_plantarum__diff_k5_rep5_d5.truth.tsv
single	Lactiplantibacillus_plantarum__diff_k5_rep5_d10	Lactiplantibacillus_plantarum	figure_raw_data/sim_single_species/Lactiplantibacillus_plantarum/reads/Lactiplantibacillus_plantarum__diff_k5_rep5_d10_R1.fastq.gz	figure_raw_data/sim_single_species/Lactiplantibacillus_plantarum/reads/Lactiplantibacillus_plantarum__diff_k5_rep5_d10_R2.fastq.gz	figure_raw_data/sim_single_species/Lactiplantibacillus_plantarum/truth/Lactiplantibacillus_plantarum__diff_k5_rep5_d10.truth.tsv
single	Mycobacterium_tuberculosis__same_k2_rep1_d0.5	Mycobacterium_tuberculosis	figure_raw_data/sim_single_species/Mycobacterium_tuberculosis/reads/Mycobacterium_tuberculosis__same_k2_rep1_d0.5_R1.fastq.gz	figure_raw_data/sim_single_species/Mycobacterium_tuberculosis/reads/Mycobacterium_tuberculosis__same_k2_rep1_d0.5_R2.fastq.gz	figure_raw_data/sim_single_species/Mycobacterium_tuberculosis/truth/Mycobacterium_tuberculosis__same_k2_rep1_d0.5.truth.tsv
single	Mycobacterium_tuberculosis__same_k2_rep1_d1	Mycobacterium_tuberculosis	figure_raw_data/sim_single_species/Mycobacterium_tuberculosis/reads/Mycobacterium_tuberculosis__same_k2_rep1_d1_R1.fastq.gz	figure_raw_data/sim_single_species/Mycobacterium_tuberculosis/reads/Mycobacterium_tuberculosis__same_k2_rep1_d1_R2.fastq.gz	figure_raw_data/sim_single_species/Mycobacterium_tuberculosis/truth/Mycobacterium_tuberculosis__same_k2_rep1_d1.truth.tsv
single	Mycobacterium_tuberculosis__same_k2_rep1_d3	Mycobacterium_tuberculosis	figure_raw_data/sim_single_species/Mycobacterium_tuberculosis/reads/Mycobacterium_tuberculosis__same_k2_rep1_d3_R1.fastq.gz	figure_raw_data/sim_single_species/Mycobacterium_tuberculosis/reads/Mycobacterium_tuberculosis__same_k2_rep1_d3_R2.fastq.gz	figure_raw_data/sim_single_species/Mycobacterium_tuberculosis/truth/Mycobacterium_tuberculosis__same_k2_rep1_d3.truth.tsv
single	Mycobacterium_tuberculosis__same_k2_rep1_d5	Mycobacterium_tuberculosis	figure_raw_data/sim_single_species/Mycobacterium_tuberculosis/reads/Mycobacterium_tuberculosis__same_k2_rep1_d5_R1.fastq.gz	figure_raw_data/sim_single_species/Mycobacterium_tuberculosis/reads/Mycobacterium_tuberculosis__same_k2_rep1_d5_R2.fastq.gz	figure_raw_data/sim_single_species/Mycobacterium_tuberculosis/truth/Mycobacterium_tuberculosis__same_k2_rep1_d5.truth.tsv
single	Mycobacterium_tuberculosis__same_k2_rep1_d10	Mycobacterium_tuberculosis	figure_raw_data/sim_single_species/Mycobacterium_tuberculosis/reads/Mycobacterium_tuberculosis__same_k2_rep1_d10_R1.fastq.gz	figure_raw_data/sim_single_species/Mycobacterium_tuberculosis/reads/Mycobacterium_tuberculosis__same_k2_rep1_d10_R2.fastq.gz	figure_raw_data/sim_single_species/Mycobacterium_tuberculosis/truth/Mycobacterium_tuberculosis__same_k2_rep1_d10.truth.tsv
single	Mycobacterium_tuberculosis__same_k2_rep2_d0.5	Mycobacterium_tuberculosis	figure_raw_data/sim_single_species/Mycobacterium_tuberculosis/reads/Mycobacterium_tuberculosis__same_k2_rep2_d0.5_R1.fastq.gz	figure_raw_data/sim_single_species/Mycobacterium_tuberculosis/reads/Mycobacterium_tuberculosis__same_k2_rep2_d0.5_R2.fastq.gz	figure_raw_data/sim_single_species/Mycobacterium_tuberculosis/truth/Mycobacterium_tuberculosis__same_k2_rep2_d0.5.truth.tsv
single	Mycobacterium_tuberculosis__same_k2_rep2_d1	Mycobacterium_tuberculosis	figure_raw_data/sim_single_species/Mycobacterium_tuberculosis/reads/Mycobacterium_tuberculosis__same_k2_rep2_d1_R1.fastq.gz	figure_raw_data/sim_single_species/Mycobacterium_tuberculosis/reads/Mycobacterium_tuberculosis__same_k2_rep2_d1_R2.fastq.gz	figure_raw_data/sim_single_species/Mycobacterium_tuberculosis/truth/Mycobacterium_tuberculosis__same_k2_rep2_d1.truth.tsv
single	Mycobacterium_tuberculosis__same_k2_rep2_d3	Mycobacterium_tuberculosis	figure_raw_data/sim_single_species/Mycobacterium_tuberculosis/reads/Mycobacterium_tuberculosis__same_k2_rep2_d3_R1.fastq.gz	figure_raw_data/sim_single_species/Mycobacterium_tuberculosis/reads/Mycobacterium_tuberculosis__same_k2_rep2_d3_R2.fastq.gz	figure_raw_data/sim_single_species/Mycobacterium_tuberculosis/truth/Mycobacterium_tuberculosis__same_k2_rep2_d3.truth.tsv
single	Mycobacterium_tuberculosis__same_k2_rep2_d5	Mycobacterium_tuberculosis	figure_raw_data/sim_single_species/Mycobacterium_tuberculosis/reads/Mycobacterium_tuberculosis__same_k2_rep2_d5_R1.fastq.gz	figure_raw_data/sim_single_species/Mycobacterium_tuberculosis/reads/Mycobacterium_tuberculosis__same_k2_rep2_d5_R2.fastq.gz	figure_raw_data/sim_single_species/Mycobacterium_tuberculosis/truth/Mycobacterium_tuberculosis__same_k2_rep2_d5.truth.tsv
single	Mycobacterium_tuberculosis__same_k2_rep2_d10	Mycobacterium_tuberculosis	figure_raw_data/sim_single_species/Mycobacterium_tuberculosis/reads/Mycobacterium_tuberculosis__same_k2_rep2_d10_R1.fastq.gz	figure_raw_data/sim_single_species/Mycobacterium_tuberculosis/reads/Mycobacterium_tuberculosis__same_k2_rep2_d10_R2.fastq.gz	figure_raw_data/sim_single_species/Mycobacterium_tuberculosis/truth/Mycobacterium_tuberculosis__same_k2_rep2_d10.truth.tsv
single	Mycobacterium_tuberculosis__same_k2_rep3_d0.5	Mycobacterium_tuberculosis	figure_raw_data/sim_single_species/Mycobacterium_tuberculosis/reads/Mycobacterium_tuberculosis__same_k2_rep3_d0.5_R1.fastq.gz	figure_raw_data/sim_single_species/Mycobacterium_tuberculosis/reads/Mycobacterium_tuberculosis__same_k2_rep3_d0.5_R2.fastq.gz	figure_raw_data/sim_single_species/Mycobacterium_tuberculosis/truth/Mycobacterium_tuberculosis__same_k2_rep3_d0.5.truth.tsv
single	Mycobacterium_tuberculosis__same_k2_rep3_d1	Mycobacterium_tuberculosis	figure_raw_data/sim_single_species/Mycobacterium_tuberculosis/reads/Mycobacterium_tuberculosis__same_k2_rep3_d1_R1.fastq.gz	figure_raw_data/sim_single_species/Mycobacterium_tuberculosis/reads/Mycobacterium_tuberculosis__same_k2_rep3_d1_R2.fastq.gz	figure_raw_data/sim_single_species/Mycobacterium_tuberculosis/truth/Mycobacterium_tuberculosis__same_k2_rep3_d1.truth.tsv
single	Mycobacterium_tuberculosis__same_k2_rep3_d3	Mycobacterium_tuberculosis	figure_raw_data/sim_single_species/Mycobacterium_tuberculosis/reads/Mycobacterium_tuberculosis__same_k2_rep3_d3_R1.fastq.gz	figure_raw_data/sim_single_species/Mycobacterium_tuberculosis/reads/Mycobacterium_tuberculosis__same_k2_rep3_d3_R2.fastq.gz	figure_raw_data/sim_single_species/Mycobacterium_tuberculosis/truth/Mycobacterium_tuberculosis__same_k2_rep3_d3.truth.tsv
single	Mycobacterium_tuberculosis__same_k2_rep3_d5	Mycobacterium_tuberculosis	figure_raw_data/sim_single_species/Mycobacterium_tuberculosis/reads/Mycobacterium_tuberculosis__same_k2_rep3_d5_R1.fastq.gz	figure_raw_data/sim_single_species/Mycobacterium_tuberculosis/reads/Mycobacterium_tuberculosis__same_k2_rep3_d5_R2.fastq.gz	figure_raw_data/sim_single_species/Mycobacterium_tuberculosis/truth/Mycobacterium_tuberculosis__same_k2_rep3_d5.truth.tsv
single	Mycobacterium_tuberculosis__same_k2_rep3_d10	Mycobacterium_tuberculosis	figure_raw_data/sim_single_species/Mycobacterium_tuberculosis/reads/Mycobacterium_tuberculosis__same_k2_rep3_d10_R1.fastq.gz	figure_raw_data/sim_single_species/Mycobacterium_tuberculosis/reads/Mycobacterium_tuberculosis__same_k2_rep3_d10_R2.fastq.gz	figure_raw_data/sim_single_species/Mycobacterium_tuberculosis/truth/Mycobacterium_tuberculosis__same_k2_rep3_d10.truth.tsv
single	Mycobacterium_tuberculosis__same_k2_rep4_d0.5	Mycobacterium_tuberculosis	figure_raw_data/sim_single_species/Mycobacterium_tuberculosis/reads/Mycobacterium_tuberculosis__same_k2_rep4_d0.5_R1.fastq.gz	figure_raw_data/sim_single_species/Mycobacterium_tuberculosis/reads/Mycobacterium_tuberculosis__same_k2_rep4_d0.5_R2.fastq.gz	figure_raw_data/sim_single_species/Mycobacterium_tuberculosis/truth/Mycobacterium_tuberculosis__same_k2_rep4_d0.5.truth.tsv
single	Mycobacterium_tuberculosis__same_k2_rep4_d1	Mycobacterium_tuberculosis	figure_raw_data/sim_single_species/Mycobacterium_tuberculosis/reads/Mycobacterium_tuberculosis__same_k2_rep4_d1_R1.fastq.gz	figure_raw_data/sim_single_species/Mycobacterium_tuberculosis/reads/Mycobacterium_tuberculosis__same_k2_rep4_d1_R2.fastq.gz	figure_raw_data/sim_single_species/Mycobacterium_tuberculosis/truth/Mycobacterium_tuberculosis__same_k2_rep4_d1.truth.tsv
single	Mycobacterium_tuberculosis__same_k2_rep4_d3	Mycobacterium_tuberculosis	figure_raw_data/sim_single_species/Mycobacterium_tuberculosis/reads/Mycobacterium_tuberculosis__same_k2_rep4_d3_R1.fastq.gz	figure_raw_data/sim_single_species/Mycobacterium_tuberculosis/reads/Mycobacterium_tuberculosis__same_k2_rep4_d3_R2.fastq.gz	figure_raw_data/sim_single_species/Mycobacterium_tuberculosis/truth/Mycobacterium_tuberculosis__same_k2_rep4_d3.truth.tsv
single	Mycobacterium_tuberculosis__same_k2_rep4_d5	Mycobacterium_tuberculosis	figure_raw_data/sim_single_species/Mycobacterium_tuberculosis/reads/Mycobacterium_tuberculosis__same_k2_rep4_d5_R1.fastq.gz	figure_raw_data/sim_single_species/Mycobacterium_tuberculosis/reads/Mycobacterium_tuberculosis__same_k2_rep4_d5_R2.fastq.gz	figure_raw_data/sim_single_species/Mycobacterium_tuberculosis/truth/Mycobacterium_tuberculosis__same_k2_rep4_d5.truth.tsv
single	Mycobacterium_tuberculosis__same_k2_rep4_d10	Mycobacterium_tuberculosis	figure_raw_data/sim_single_species/Mycobacterium_tuberculosis/reads/Mycobacterium_tuberculosis__same_k2_rep4_d10_R1.fastq.gz	figure_raw_data/sim_single_species/Mycobacterium_tuberculosis/reads/Mycobacterium_tuberculosis__same_k2_rep4_d10_R2.fastq.gz	figure_raw_data/sim_single_species/Mycobacterium_tuberculosis/truth/Mycobacterium_tuberculosis__same_k2_rep4_d10.truth.tsv
single	Mycobacterium_tuberculosis__same_k2_rep5_d0.5	Mycobacterium_tuberculosis	figure_raw_data/sim_single_species/Mycobacterium_tuberculosis/reads/Mycobacterium_tuberculosis__same_k2_rep5_d0.5_R1.fastq.gz	figure_raw_data/sim_single_species/Mycobacterium_tuberculosis/reads/Mycobacterium_tuberculosis__same_k2_rep5_d0.5_R2.fastq.gz	figure_raw_data/sim_single_species/Mycobacterium_tuberculosis/truth/Mycobacterium_tuberculosis__same_k2_rep5_d0.5.truth.tsv
single	Mycobacterium_tuberculosis__same_k2_rep5_d1	Mycobacterium_tuberculosis	figure_raw_data/sim_single_species/Mycobacterium_tuberculosis/reads/Mycobacterium_tuberculosis__same_k2_rep5_d1_R1.fastq.gz	figure_raw_data/sim_single_species/Mycobacterium_tuberculosis/reads/Mycobacterium_tuberculosis__same_k2_rep5_d1_R2.fastq.gz	figure_raw_data/sim_single_species/Mycobacterium_tuberculosis/truth/Mycobacterium_tuberculosis__same_k2_rep5_d1.truth.tsv
single	Mycobacterium_tuberculosis__same_k2_rep5_d3	Mycobacterium_tuberculosis	figure_raw_data/sim_single_species/Mycobacterium_tuberculosis/reads/Mycobacterium_tuberculosis__same_k2_rep5_d3_R1.fastq.gz	figure_raw_data/sim_single_species/Mycobacterium_tuberculosis/reads/Mycobacterium_tuberculosis__same_k2_rep5_d3_R2.fastq.gz	figure_raw_data/sim_single_species/Mycobacterium_tuberculosis/truth/Mycobacterium_tuberculosis__same_k2_rep5_d3.truth.tsv
single	Mycobacterium_tuberculosis__same_k2_rep5_d5	Mycobacterium_tuberculosis	figure_raw_data/sim_single_species/Mycobacterium_tuberculosis/reads/Mycobacterium_tuberculosis__same_k2_rep5_d5_R1.fastq.gz	figure_raw_data/sim_single_species/Mycobacterium_tuberculosis/reads/Mycobacterium_tuberculosis__same_k2_rep5_d5_R2.fastq.gz	figure_raw_data/sim_single_species/Mycobacterium_tuberculosis/truth/Mycobacterium_tuberculosis__same_k2_rep5_d5.truth.tsv
single	Mycobacterium_tuberculosis__same_k2_rep5_d10	Mycobacterium_tuberculosis	figure_raw_data/sim_single_species/Mycobacterium_tuberculosis/reads/Mycobacterium_tuberculosis__same_k2_rep5_d10_R1.fastq.gz	figure_raw_data/sim_single_species/Mycobacterium_tuberculosis/reads/Mycobacterium_tuberculosis__same_k2_rep5_d10_R2.fastq.gz	figure_raw_data/sim_single_species/Mycobacterium_tuberculosis/truth/Mycobacterium_tuberculosis__same_k2_rep5_d10.truth.tsv
single	Mycobacterium_tuberculosis__same_k3_rep1_d0.5	Mycobacterium_tuberculosis	figure_raw_data/sim_single_species/Mycobacterium_tuberculosis/reads/Mycobacterium_tuberculosis__same_k3_rep1_d0.5_R1.fastq.gz	figure_raw_data/sim_single_species/Mycobacterium_tuberculosis/reads/Mycobacterium_tuberculosis__same_k3_rep1_d0.5_R2.fastq.gz	figure_raw_data/sim_single_species/Mycobacterium_tuberculosis/truth/Mycobacterium_tuberculosis__same_k3_rep1_d0.5.truth.tsv
single	Mycobacterium_tuberculosis__same_k3_rep1_d1	Mycobacterium_tuberculosis	figure_raw_data/sim_single_species/Mycobacterium_tuberculosis/reads/Mycobacterium_tuberculosis__same_k3_rep1_d1_R1.fastq.gz	figure_raw_data/sim_single_species/Mycobacterium_tuberculosis/reads/Mycobacterium_tuberculosis__same_k3_rep1_d1_R2.fastq.gz	figure_raw_data/sim_single_species/Mycobacterium_tuberculosis/truth/Mycobacterium_tuberculosis__same_k3_rep1_d1.truth.tsv
single	Mycobacterium_tuberculosis__same_k3_rep1_d3	Mycobacterium_tuberculosis	figure_raw_data/sim_single_species/Mycobacterium_tuberculosis/reads/Mycobacterium_tuberculosis__same_k3_rep1_d3_R1.fastq.gz	figure_raw_data/sim_single_species/Mycobacterium_tuberculosis/reads/Mycobacterium_tuberculosis__same_k3_rep1_d3_R2.fastq.gz	figure_raw_data/sim_single_species/Mycobacterium_tuberculosis/truth/Mycobacterium_tuberculosis__same_k3_rep1_d3.truth.tsv
single	Mycobacterium_tuberculosis__same_k3_rep1_d5	Mycobacterium_tuberculosis	figure_raw_data/sim_single_species/Mycobacterium_tuberculosis/reads/Mycobacterium_tuberculosis__same_k3_rep1_d5_R1.fastq.gz	figure_raw_data/sim_single_species/Mycobacterium_tuberculosis/reads/Mycobacterium_tuberculosis__same_k3_rep1_d5_R2.fastq.gz	figure_raw_data/sim_single_species/Mycobacterium_tuberculosis/truth/Mycobacterium_tuberculosis__same_k3_rep1_d5.truth.tsv
single	Mycobacterium_tuberculosis__same_k3_rep1_d10	Mycobacterium_tuberculosis	figure_raw_data/sim_single_species/Mycobacterium_tuberculosis/reads/Mycobacterium_tuberculosis__same_k3_rep1_d10_R1.fastq.gz	figure_raw_data/sim_single_species/Mycobacterium_tuberculosis/reads/Mycobacterium_tuberculosis__same_k3_rep1_d10_R2.fastq.gz	figure_raw_data/sim_single_species/Mycobacterium_tuberculosis/truth/Mycobacterium_tuberculosis__same_k3_rep1_d10.truth.tsv
single	Mycobacterium_tuberculosis__same_k3_rep2_d0.5	Mycobacterium_tuberculosis	figure_raw_data/sim_single_species/Mycobacterium_tuberculosis/reads/Mycobacterium_tuberculosis__same_k3_rep2_d0.5_R1.fastq.gz	figure_raw_data/sim_single_species/Mycobacterium_tuberculosis/reads/Mycobacterium_tuberculosis__same_k3_rep2_d0.5_R2.fastq.gz	figure_raw_data/sim_single_species/Mycobacterium_tuberculosis/truth/Mycobacterium_tuberculosis__same_k3_rep2_d0.5.truth.tsv
single	Mycobacterium_tuberculosis__same_k3_rep2_d1	Mycobacterium_tuberculosis	figure_raw_data/sim_single_species/Mycobacterium_tuberculosis/reads/Mycobacterium_tuberculosis__same_k3_rep2_d1_R1.fastq.gz	figure_raw_data/sim_single_species/Mycobacterium_tuberculosis/reads/Mycobacterium_tuberculosis__same_k3_rep2_d1_R2.fastq.gz	figure_raw_data/sim_single_species/Mycobacterium_tuberculosis/truth/Mycobacterium_tuberculosis__same_k3_rep2_d1.truth.tsv
single	Mycobacterium_tuberculosis__same_k3_rep2_d3	Mycobacterium_tuberculosis	figure_raw_data/sim_single_species/Mycobacterium_tuberculosis/reads/Mycobacterium_tuberculosis__same_k3_rep2_d3_R1.fastq.gz	figure_raw_data/sim_single_species/Mycobacterium_tuberculosis/reads/Mycobacterium_tuberculosis__same_k3_rep2_d3_R2.fastq.gz	figure_raw_data/sim_single_species/Mycobacterium_tuberculosis/truth/Mycobacterium_tuberculosis__same_k3_rep2_d3.truth.tsv
single	Mycobacterium_tuberculosis__same_k3_rep2_d5	Mycobacterium_tuberculosis	figure_raw_data/sim_single_species/Mycobacterium_tuberculosis/reads/Mycobacterium_tuberculosis__same_k3_rep2_d5_R1.fastq.gz	figure_raw_data/sim_single_species/Mycobacterium_tuberculosis/reads/Mycobacterium_tuberculosis__same_k3_rep2_d5_R2.fastq.gz	figure_raw_data/sim_single_species/Mycobacterium_tuberculosis/truth/Mycobacterium_tuberculosis__same_k3_rep2_d5.truth.tsv
single	Mycobacterium_tuberculosis__same_k3_rep2_d10	Mycobacterium_tuberculosis	figure_raw_data/sim_single_species/Mycobacterium_tuberculosis/reads/Mycobacterium_tuberculosis__same_k3_rep2_d10_R1.fastq.gz	figure_raw_data/sim_single_species/Mycobacterium_tuberculosis/reads/Mycobacterium_tuberculosis__same_k3_rep2_d10_R2.fastq.gz	figure_raw_data/sim_single_species/Mycobacterium_tuberculosis/truth/Mycobacterium_tuberculosis__same_k3_rep2_d10.truth.tsv
single	Mycobacterium_tuberculosis__same_k3_rep3_d0.5	Mycobacterium_tuberculosis	figure_raw_data/sim_single_species/Mycobacterium_tuberculosis/reads/Mycobacterium_tuberculosis__same_k3_rep3_d0.5_R1.fastq.gz	figure_raw_data/sim_single_species/Mycobacterium_tuberculosis/reads/Mycobacterium_tuberculosis__same_k3_rep3_d0.5_R2.fastq.gz	figure_raw_data/sim_single_species/Mycobacterium_tuberculosis/truth/Mycobacterium_tuberculosis__same_k3_rep3_d0.5.truth.tsv
single	Mycobacterium_tuberculosis__same_k3_rep3_d1	Mycobacterium_tuberculosis	figure_raw_data/sim_single_species/Mycobacterium_tuberculosis/reads/Mycobacterium_tuberculosis__same_k3_rep3_d1_R1.fastq.gz	figure_raw_data/sim_single_species/Mycobacterium_tuberculosis/reads/Mycobacterium_tuberculosis__same_k3_rep3_d1_R2.fastq.gz	figure_raw_data/sim_single_species/Mycobacterium_tuberculosis/truth/Mycobacterium_tuberculosis__same_k3_rep3_d1.truth.tsv
single	Mycobacterium_tuberculosis__same_k3_rep3_d3	Mycobacterium_tuberculosis	figure_raw_data/sim_single_species/Mycobacterium_tuberculosis/reads/Mycobacterium_tuberculosis__same_k3_rep3_d3_R1.fastq.gz	figure_raw_data/sim_single_species/Mycobacterium_tuberculosis/reads/Mycobacterium_tuberculosis__same_k3_rep3_d3_R2.fastq.gz	figure_raw_data/sim_single_species/Mycobacterium_tuberculosis/truth/Mycobacterium_tuberculosis__same_k3_rep3_d3.truth.tsv
single	Mycobacterium_tuberculosis__same_k3_rep3_d5	Mycobacterium_tuberculosis	figure_raw_data/sim_single_species/Mycobacterium_tuberculosis/reads/Mycobacterium_tuberculosis__same_k3_rep3_d5_R1.fastq.gz	figure_raw_data/sim_single_species/Mycobacterium_tuberculosis/reads/Mycobacterium_tuberculosis__same_k3_rep3_d5_R2.fastq.gz	figure_raw_data/sim_single_species/Mycobacterium_tuberculosis/truth/Mycobacterium_tuberculosis__same_k3_rep3_d5.truth.tsv
single	Mycobacterium_tuberculosis__same_k3_rep3_d10	Mycobacterium_tuberculosis	figure_raw_data/sim_single_species/Mycobacterium_tuberculosis/reads/Mycobacterium_tuberculosis__same_k3_rep3_d10_R1.fastq.gz	figure_raw_data/sim_single_species/Mycobacterium_tuberculosis/reads/Mycobacterium_tuberculosis__same_k3_rep3_d10_R2.fastq.gz	figure_raw_data/sim_single_species/Mycobacterium_tuberculosis/truth/Mycobacterium_tuberculosis__same_k3_rep3_d10.truth.tsv
single	Mycobacterium_tuberculosis__same_k3_rep4_d0.5	Mycobacterium_tuberculosis	figure_raw_data/sim_single_species/Mycobacterium_tuberculosis/reads/Mycobacterium_tuberculosis__same_k3_rep4_d0.5_R1.fastq.gz	figure_raw_data/sim_single_species/Mycobacterium_tuberculosis/reads/Mycobacterium_tuberculosis__same_k3_rep4_d0.5_R2.fastq.gz	figure_raw_data/sim_single_species/Mycobacterium_tuberculosis/truth/Mycobacterium_tuberculosis__same_k3_rep4_d0.5.truth.tsv
single	Mycobacterium_tuberculosis__same_k3_rep4_d1	Mycobacterium_tuberculosis	figure_raw_data/sim_single_species/Mycobacterium_tuberculosis/reads/Mycobacterium_tuberculosis__same_k3_rep4_d1_R1.fastq.gz	figure_raw_data/sim_single_species/Mycobacterium_tuberculosis/reads/Mycobacterium_tuberculosis__same_k3_rep4_d1_R2.fastq.gz	figure_raw_data/sim_single_species/Mycobacterium_tuberculosis/truth/Mycobacterium_tuberculosis__same_k3_rep4_d1.truth.tsv
single	Mycobacterium_tuberculosis__same_k3_rep4_d3	Mycobacterium_tuberculosis	figure_raw_data/sim_single_species/Mycobacterium_tuberculosis/reads/Mycobacterium_tuberculosis__same_k3_rep4_d3_R1.fastq.gz	figure_raw_data/sim_single_species/Mycobacterium_tuberculosis/reads/Mycobacterium_tuberculosis__same_k3_rep4_d3_R2.fastq.gz	figure_raw_data/sim_single_species/Mycobacterium_tuberculosis/truth/Mycobacterium_tuberculosis__same_k3_rep4_d3.truth.tsv
single	Mycobacterium_tuberculosis__same_k3_rep4_d5	Mycobacterium_tuberculosis	figure_raw_data/sim_single_species/Mycobacterium_tuberculosis/reads/Mycobacterium_tuberculosis__same_k3_rep4_d5_R1.fastq.gz	figure_raw_data/sim_single_species/Mycobacterium_tuberculosis/reads/Mycobacterium_tuberculosis__same_k3_rep4_d5_R2.fastq.gz	figure_raw_data/sim_single_species/Mycobacterium_tuberculosis/truth/Mycobacterium_tuberculosis__same_k3_rep4_d5.truth.tsv
single	Mycobacterium_tuberculosis__same_k3_rep4_d10	Mycobacterium_tuberculosis	figure_raw_data/sim_single_species/Mycobacterium_tuberculosis/reads/Mycobacterium_tuberculosis__same_k3_rep4_d10_R1.fastq.gz	figure_raw_data/sim_single_species/Mycobacterium_tuberculosis/reads/Mycobacterium_tuberculosis__same_k3_rep4_d10_R2.fastq.gz	figure_raw_data/sim_single_species/Mycobacterium_tuberculosis/truth/Mycobacterium_tuberculosis__same_k3_rep4_d10.truth.tsv
single	Mycobacterium_tuberculosis__same_k3_rep5_d0.5	Mycobacterium_tuberculosis	figure_raw_data/sim_single_species/Mycobacterium_tuberculosis/reads/Mycobacterium_tuberculosis__same_k3_rep5_d0.5_R1.fastq.gz	figure_raw_data/sim_single_species/Mycobacterium_tuberculosis/reads/Mycobacterium_tuberculosis__same_k3_rep5_d0.5_R2.fastq.gz	figure_raw_data/sim_single_species/Mycobacterium_tuberculosis/truth/Mycobacterium_tuberculosis__same_k3_rep5_d0.5.truth.tsv
single	Mycobacterium_tuberculosis__same_k3_rep5_d1	Mycobacterium_tuberculosis	figure_raw_data/sim_single_species/Mycobacterium_tuberculosis/reads/Mycobacterium_tuberculosis__same_k3_rep5_d1_R1.fastq.gz	figure_raw_data/sim_single_species/Mycobacterium_tuberculosis/reads/Mycobacterium_tuberculosis__same_k3_rep5_d1_R2.fastq.gz	figure_raw_data/sim_single_species/Mycobacterium_tuberculosis/truth/Mycobacterium_tuberculosis__same_k3_rep5_d1.truth.tsv
single	Mycobacterium_tuberculosis__same_k3_rep5_d3	Mycobacterium_tuberculosis	figure_raw_data/sim_single_species/Mycobacterium_tuberculosis/reads/Mycobacterium_tuberculosis__same_k3_rep5_d3_R1.fastq.gz	figure_raw_data/sim_single_species/Mycobacterium_tuberculosis/reads/Mycobacterium_tuberculosis__same_k3_rep5_d3_R2.fastq.gz	figure_raw_data/sim_single_species/Mycobacterium_tuberculosis/truth/Mycobacterium_tuberculosis__same_k3_rep5_d3.truth.tsv
single	Mycobacterium_tuberculosis__same_k3_rep5_d5	Mycobacterium_tuberculosis	figure_raw_data/sim_single_species/Mycobacterium_tuberculosis/reads/Mycobacterium_tuberculosis__same_k3_rep5_d5_R1.fastq.gz	figure_raw_data/sim_single_species/Mycobacterium_tuberculosis/reads/Mycobacterium_tuberculosis__same_k3_rep5_d5_R2.fastq.gz	figure_raw_data/sim_single_species/Mycobacterium_tuberculosis/truth/Mycobacterium_tuberculosis__same_k3_rep5_d5.truth.tsv
single	Mycobacterium_tuberculosis__same_k3_rep5_d10	Mycobacterium_tuberculosis	figure_raw_data/sim_single_species/Mycobacterium_tuberculosis/reads/Mycobacterium_tuberculosis__same_k3_rep5_d10_R1.fastq.gz	figure_raw_data/sim_single_species/Mycobacterium_tuberculosis/reads/Mycobacterium_tuberculosis__same_k3_rep5_d10_R2.fastq.gz	figure_raw_data/sim_single_species/Mycobacterium_tuberculosis/truth/Mycobacterium_tuberculosis__same_k3_rep5_d10.truth.tsv
single	Mycobacterium_tuberculosis__same_k5_rep1_d0.5	Mycobacterium_tuberculosis	figure_raw_data/sim_single_species/Mycobacterium_tuberculosis/reads/Mycobacterium_tuberculosis__same_k5_rep1_d0.5_R1.fastq.gz	figure_raw_data/sim_single_species/Mycobacterium_tuberculosis/reads/Mycobacterium_tuberculosis__same_k5_rep1_d0.5_R2.fastq.gz	figure_raw_data/sim_single_species/Mycobacterium_tuberculosis/truth/Mycobacterium_tuberculosis__same_k5_rep1_d0.5.truth.tsv
single	Mycobacterium_tuberculosis__same_k5_rep1_d1	Mycobacterium_tuberculosis	figure_raw_data/sim_single_species/Mycobacterium_tuberculosis/reads/Mycobacterium_tuberculosis__same_k5_rep1_d1_R1.fastq.gz	figure_raw_data/sim_single_species/Mycobacterium_tuberculosis/reads/Mycobacterium_tuberculosis__same_k5_rep1_d1_R2.fastq.gz	figure_raw_data/sim_single_species/Mycobacterium_tuberculosis/truth/Mycobacterium_tuberculosis__same_k5_rep1_d1.truth.tsv
single	Mycobacterium_tuberculosis__same_k5_rep1_d3	Mycobacterium_tuberculosis	figure_raw_data/sim_single_species/Mycobacterium_tuberculosis/reads/Mycobacterium_tuberculosis__same_k5_rep1_d3_R1.fastq.gz	figure_raw_data/sim_single_species/Mycobacterium_tuberculosis/reads/Mycobacterium_tuberculosis__same_k5_rep1_d3_R2.fastq.gz	figure_raw_data/sim_single_species/Mycobacterium_tuberculosis/truth/Mycobacterium_tuberculosis__same_k5_rep1_d3.truth.tsv
single	Mycobacterium_tuberculosis__same_k5_rep1_d5	Mycobacterium_tuberculosis	figure_raw_data/sim_single_species/Mycobacterium_tuberculosis/reads/Mycobacterium_tuberculosis__same_k5_rep1_d5_R1.fastq.gz	figure_raw_data/sim_single_species/Mycobacterium_tuberculosis/reads/Mycobacterium_tuberculosis__same_k5_rep1_d5_R2.fastq.gz	figure_raw_data/sim_single_species/Mycobacterium_tuberculosis/truth/Mycobacterium_tuberculosis__same_k5_rep1_d5.truth.tsv
single	Mycobacterium_tuberculosis__same_k5_rep1_d10	Mycobacterium_tuberculosis	figure_raw_data/sim_single_species/Mycobacterium_tuberculosis/reads/Mycobacterium_tuberculosis__same_k5_rep1_d10_R1.fastq.gz	figure_raw_data/sim_single_species/Mycobacterium_tuberculosis/reads/Mycobacterium_tuberculosis__same_k5_rep1_d10_R2.fastq.gz	figure_raw_data/sim_single_species/Mycobacterium_tuberculosis/truth/Mycobacterium_tuberculosis__same_k5_rep1_d10.truth.tsv
single	Mycobacterium_tuberculosis__same_k5_rep2_d0.5	Mycobacterium_tuberculosis	figure_raw_data/sim_single_species/Mycobacterium_tuberculosis/reads/Mycobacterium_tuberculosis__same_k5_rep2_d0.5_R1.fastq.gz	figure_raw_data/sim_single_species/Mycobacterium_tuberculosis/reads/Mycobacterium_tuberculosis__same_k5_rep2_d0.5_R2.fastq.gz	figure_raw_data/sim_single_species/Mycobacterium_tuberculosis/truth/Mycobacterium_tuberculosis__same_k5_rep2_d0.5.truth.tsv
single	Mycobacterium_tuberculosis__same_k5_rep2_d1	Mycobacterium_tuberculosis	figure_raw_data/sim_single_species/Mycobacterium_tuberculosis/reads/Mycobacterium_tuberculosis__same_k5_rep2_d1_R1.fastq.gz	figure_raw_data/sim_single_species/Mycobacterium_tuberculosis/reads/Mycobacterium_tuberculosis__same_k5_rep2_d1_R2.fastq.gz	figure_raw_data/sim_single_species/Mycobacterium_tuberculosis/truth/Mycobacterium_tuberculosis__same_k5_rep2_d1.truth.tsv
single	Mycobacterium_tuberculosis__same_k5_rep2_d3	Mycobacterium_tuberculosis	figure_raw_data/sim_single_species/Mycobacterium_tuberculosis/reads/Mycobacterium_tuberculosis__same_k5_rep2_d3_R1.fastq.gz	figure_raw_data/sim_single_species/Mycobacterium_tuberculosis/reads/Mycobacterium_tuberculosis__same_k5_rep2_d3_R2.fastq.gz	figure_raw_data/sim_single_species/Mycobacterium_tuberculosis/truth/Mycobacterium_tuberculosis__same_k5_rep2_d3.truth.tsv
single	Mycobacterium_tuberculosis__same_k5_rep2_d5	Mycobacterium_tuberculosis	figure_raw_data/sim_single_species/Mycobacterium_tuberculosis/reads/Mycobacterium_tuberculosis__same_k5_rep2_d5_R1.fastq.gz	figure_raw_data/sim_single_species/Mycobacterium_tuberculosis/reads/Mycobacterium_tuberculosis__same_k5_rep2_d5_R2.fastq.gz	figure_raw_data/sim_single_species/Mycobacterium_tuberculosis/truth/Mycobacterium_tuberculosis__same_k5_rep2_d5.truth.tsv
single	Mycobacterium_tuberculosis__same_k5_rep2_d10	Mycobacterium_tuberculosis	figure_raw_data/sim_single_species/Mycobacterium_tuberculosis/reads/Mycobacterium_tuberculosis__same_k5_rep2_d10_R1.fastq.gz	figure_raw_data/sim_single_species/Mycobacterium_tuberculosis/reads/Mycobacterium_tuberculosis__same_k5_rep2_d10_R2.fastq.gz	figure_raw_data/sim_single_species/Mycobacterium_tuberculosis/truth/Mycobacterium_tuberculosis__same_k5_rep2_d10.truth.tsv
single	Mycobacterium_tuberculosis__same_k5_rep3_d0.5	Mycobacterium_tuberculosis	figure_raw_data/sim_single_species/Mycobacterium_tuberculosis/reads/Mycobacterium_tuberculosis__same_k5_rep3_d0.5_R1.fastq.gz	figure_raw_data/sim_single_species/Mycobacterium_tuberculosis/reads/Mycobacterium_tuberculosis__same_k5_rep3_d0.5_R2.fastq.gz	figure_raw_data/sim_single_species/Mycobacterium_tuberculosis/truth/Mycobacterium_tuberculosis__same_k5_rep3_d0.5.truth.tsv
single	Mycobacterium_tuberculosis__same_k5_rep3_d1	Mycobacterium_tuberculosis	figure_raw_data/sim_single_species/Mycobacterium_tuberculosis/reads/Mycobacterium_tuberculosis__same_k5_rep3_d1_R1.fastq.gz	figure_raw_data/sim_single_species/Mycobacterium_tuberculosis/reads/Mycobacterium_tuberculosis__same_k5_rep3_d1_R2.fastq.gz	figure_raw_data/sim_single_species/Mycobacterium_tuberculosis/truth/Mycobacterium_tuberculosis__same_k5_rep3_d1.truth.tsv
single	Mycobacterium_tuberculosis__same_k5_rep3_d3	Mycobacterium_tuberculosis	figure_raw_data/sim_single_species/Mycobacterium_tuberculosis/reads/Mycobacterium_tuberculosis__same_k5_rep3_d3_R1.fastq.gz	figure_raw_data/sim_single_species/Mycobacterium_tuberculosis/reads/Mycobacterium_tuberculosis__same_k5_rep3_d3_R2.fastq.gz	figure_raw_data/sim_single_species/Mycobacterium_tuberculosis/truth/Mycobacterium_tuberculosis__same_k5_rep3_d3.truth.tsv
single	Mycobacterium_tuberculosis__same_k5_rep3_d5	Mycobacterium_tuberculosis	figure_raw_data/sim_single_species/Mycobacterium_tuberculosis/reads/Mycobacterium_tuberculosis__same_k5_rep3_d5_R1.fastq.gz	figure_raw_data/sim_single_species/Mycobacterium_tuberculosis/reads/Mycobacterium_tuberculosis__same_k5_rep3_d5_R2.fastq.gz	figure_raw_data/sim_single_species/Mycobacterium_tuberculosis/truth/Mycobacterium_tuberculosis__same_k5_rep3_d5.truth.tsv
single	Mycobacterium_tuberculosis__same_k5_rep3_d10	Mycobacterium_tuberculosis	figure_raw_data/sim_single_species/Mycobacterium_tuberculosis/reads/Mycobacterium_tuberculosis__same_k5_rep3_d10_R1.fastq.gz	figure_raw_data/sim_single_species/Mycobacterium_tuberculosis/reads/Mycobacterium_tuberculosis__same_k5_rep3_d10_R2.fastq.gz	figure_raw_data/sim_single_species/Mycobacterium_tuberculosis/truth/Mycobacterium_tuberculosis__same_k5_rep3_d10.truth.tsv
single	Mycobacterium_tuberculosis__same_k5_rep4_d0.5	Mycobacterium_tuberculosis	figure_raw_data/sim_single_species/Mycobacterium_tuberculosis/reads/Mycobacterium_tuberculosis__same_k5_rep4_d0.5_R1.fastq.gz	figure_raw_data/sim_single_species/Mycobacterium_tuberculosis/reads/Mycobacterium_tuberculosis__same_k5_rep4_d0.5_R2.fastq.gz	figure_raw_data/sim_single_species/Mycobacterium_tuberculosis/truth/Mycobacterium_tuberculosis__same_k5_rep4_d0.5.truth.tsv
single	Mycobacterium_tuberculosis__same_k5_rep4_d1	Mycobacterium_tuberculosis	figure_raw_data/sim_single_species/Mycobacterium_tuberculosis/reads/Mycobacterium_tuberculosis__same_k5_rep4_d1_R1.fastq.gz	figure_raw_data/sim_single_species/Mycobacterium_tuberculosis/reads/Mycobacterium_tuberculosis__same_k5_rep4_d1_R2.fastq.gz	figure_raw_data/sim_single_species/Mycobacterium_tuberculosis/truth/Mycobacterium_tuberculosis__same_k5_rep4_d1.truth.tsv
single	Mycobacterium_tuberculosis__same_k5_rep4_d3	Mycobacterium_tuberculosis	figure_raw_data/sim_single_species/Mycobacterium_tuberculosis/reads/Mycobacterium_tuberculosis__same_k5_rep4_d3_R1.fastq.gz	figure_raw_data/sim_single_species/Mycobacterium_tuberculosis/reads/Mycobacterium_tuberculosis__same_k5_rep4_d3_R2.fastq.gz	figure_raw_data/sim_single_species/Mycobacterium_tuberculosis/truth/Mycobacterium_tuberculosis__same_k5_rep4_d3.truth.tsv
single	Mycobacterium_tuberculosis__same_k5_rep4_d5	Mycobacterium_tuberculosis	figure_raw_data/sim_single_species/Mycobacterium_tuberculosis/reads/Mycobacterium_tuberculosis__same_k5_rep4_d5_R1.fastq.gz	figure_raw_data/sim_single_species/Mycobacterium_tuberculosis/reads/Mycobacterium_tuberculosis__same_k5_rep4_d5_R2.fastq.gz	figure_raw_data/sim_single_species/Mycobacterium_tuberculosis/truth/Mycobacterium_tuberculosis__same_k5_rep4_d5.truth.tsv
single	Mycobacterium_tuberculosis__same_k5_rep4_d10	Mycobacterium_tuberculosis	figure_raw_data/sim_single_species/Mycobacterium_tuberculosis/reads/Mycobacterium_tuberculosis__same_k5_rep4_d10_R1.fastq.gz	figure_raw_data/sim_single_species/Mycobacterium_tuberculosis/reads/Mycobacterium_tuberculosis__same_k5_rep4_d10_R2.fastq.gz	figure_raw_data/sim_single_species/Mycobacterium_tuberculosis/truth/Mycobacterium_tuberculosis__same_k5_rep4_d10.truth.tsv
single	Mycobacterium_tuberculosis__same_k5_rep5_d0.5	Mycobacterium_tuberculosis	figure_raw_data/sim_single_species/Mycobacterium_tuberculosis/reads/Mycobacterium_tuberculosis__same_k5_rep5_d0.5_R1.fastq.gz	figure_raw_data/sim_single_species/Mycobacterium_tuberculosis/reads/Mycobacterium_tuberculosis__same_k5_rep5_d0.5_R2.fastq.gz	figure_raw_data/sim_single_species/Mycobacterium_tuberculosis/truth/Mycobacterium_tuberculosis__same_k5_rep5_d0.5.truth.tsv
single	Mycobacterium_tuberculosis__same_k5_rep5_d1	Mycobacterium_tuberculosis	figure_raw_data/sim_single_species/Mycobacterium_tuberculosis/reads/Mycobacterium_tuberculosis__same_k5_rep5_d1_R1.fastq.gz	figure_raw_data/sim_single_species/Mycobacterium_tuberculosis/reads/Mycobacterium_tuberculosis__same_k5_rep5_d1_R2.fastq.gz	figure_raw_data/sim_single_species/Mycobacterium_tuberculosis/truth/Mycobacterium_tuberculosis__same_k5_rep5_d1.truth.tsv
single	Mycobacterium_tuberculosis__same_k5_rep5_d3	Mycobacterium_tuberculosis	figure_raw_data/sim_single_species/Mycobacterium_tuberculosis/reads/Mycobacterium_tuberculosis__same_k5_rep5_d3_R1.fastq.gz	figure_raw_data/sim_single_species/Mycobacterium_tuberculosis/reads/Mycobacterium_tuberculosis__same_k5_rep5_d3_R2.fastq.gz	figure_raw_data/sim_single_species/Mycobacterium_tuberculosis/truth/Mycobacterium_tuberculosis__same_k5_rep5_d3.truth.tsv
single	Mycobacterium_tuberculosis__same_k5_rep5_d5	Mycobacterium_tuberculosis	figure_raw_data/sim_single_species/Mycobacterium_tuberculosis/reads/Mycobacterium_tuberculosis__same_k5_rep5_d5_R1.fastq.gz	figure_raw_data/sim_single_species/Mycobacterium_tuberculosis/reads/Mycobacterium_tuberculosis__same_k5_rep5_d5_R2.fastq.gz	figure_raw_data/sim_single_species/Mycobacterium_tuberculosis/truth/Mycobacterium_tuberculosis__same_k5_rep5_d5.truth.tsv
single	Mycobacterium_tuberculosis__same_k5_rep5_d10	Mycobacterium_tuberculosis	figure_raw_data/sim_single_species/Mycobacterium_tuberculosis/reads/Mycobacterium_tuberculosis__same_k5_rep5_d10_R1.fastq.gz	figure_raw_data/sim_single_species/Mycobacterium_tuberculosis/reads/Mycobacterium_tuberculosis__same_k5_rep5_d10_R2.fastq.gz	figure_raw_data/sim_single_species/Mycobacterium_tuberculosis/truth/Mycobacterium_tuberculosis__same_k5_rep5_d10.truth.tsv
single	Phocaeicola_dorei__diff_k2_rep1_d0.5	Phocaeicola_dorei	figure_raw_data/sim_single_species/Phocaeicola_dorei/reads/Phocaeicola_dorei__diff_k2_rep1_d0.5_R1.fastq.gz	figure_raw_data/sim_single_species/Phocaeicola_dorei/reads/Phocaeicola_dorei__diff_k2_rep1_d0.5_R2.fastq.gz	figure_raw_data/sim_single_species/Phocaeicola_dorei/truth/Phocaeicola_dorei__diff_k2_rep1_d0.5.truth.tsv
single	Phocaeicola_dorei__diff_k2_rep1_d1	Phocaeicola_dorei	figure_raw_data/sim_single_species/Phocaeicola_dorei/reads/Phocaeicola_dorei__diff_k2_rep1_d1_R1.fastq.gz	figure_raw_data/sim_single_species/Phocaeicola_dorei/reads/Phocaeicola_dorei__diff_k2_rep1_d1_R2.fastq.gz	figure_raw_data/sim_single_species/Phocaeicola_dorei/truth/Phocaeicola_dorei__diff_k2_rep1_d1.truth.tsv
single	Phocaeicola_dorei__diff_k2_rep1_d3	Phocaeicola_dorei	figure_raw_data/sim_single_species/Phocaeicola_dorei/reads/Phocaeicola_dorei__diff_k2_rep1_d3_R1.fastq.gz	figure_raw_data/sim_single_species/Phocaeicola_dorei/reads/Phocaeicola_dorei__diff_k2_rep1_d3_R2.fastq.gz	figure_raw_data/sim_single_species/Phocaeicola_dorei/truth/Phocaeicola_dorei__diff_k2_rep1_d3.truth.tsv
single	Phocaeicola_dorei__diff_k2_rep1_d5	Phocaeicola_dorei	figure_raw_data/sim_single_species/Phocaeicola_dorei/reads/Phocaeicola_dorei__diff_k2_rep1_d5_R1.fastq.gz	figure_raw_data/sim_single_species/Phocaeicola_dorei/reads/Phocaeicola_dorei__diff_k2_rep1_d5_R2.fastq.gz	figure_raw_data/sim_single_species/Phocaeicola_dorei/truth/Phocaeicola_dorei__diff_k2_rep1_d5.truth.tsv
single	Phocaeicola_dorei__diff_k2_rep1_d10	Phocaeicola_dorei	figure_raw_data/sim_single_species/Phocaeicola_dorei/reads/Phocaeicola_dorei__diff_k2_rep1_d10_R1.fastq.gz	figure_raw_data/sim_single_species/Phocaeicola_dorei/reads/Phocaeicola_dorei__diff_k2_rep1_d10_R2.fastq.gz	figure_raw_data/sim_single_species/Phocaeicola_dorei/truth/Phocaeicola_dorei__diff_k2_rep1_d10.truth.tsv
single	Phocaeicola_dorei__diff_k2_rep2_d0.5	Phocaeicola_dorei	figure_raw_data/sim_single_species/Phocaeicola_dorei/reads/Phocaeicola_dorei__diff_k2_rep2_d0.5_R1.fastq.gz	figure_raw_data/sim_single_species/Phocaeicola_dorei/reads/Phocaeicola_dorei__diff_k2_rep2_d0.5_R2.fastq.gz	figure_raw_data/sim_single_species/Phocaeicola_dorei/truth/Phocaeicola_dorei__diff_k2_rep2_d0.5.truth.tsv
single	Phocaeicola_dorei__diff_k2_rep2_d1	Phocaeicola_dorei	figure_raw_data/sim_single_species/Phocaeicola_dorei/reads/Phocaeicola_dorei__diff_k2_rep2_d1_R1.fastq.gz	figure_raw_data/sim_single_species/Phocaeicola_dorei/reads/Phocaeicola_dorei__diff_k2_rep2_d1_R2.fastq.gz	figure_raw_data/sim_single_species/Phocaeicola_dorei/truth/Phocaeicola_dorei__diff_k2_rep2_d1.truth.tsv
single	Phocaeicola_dorei__diff_k2_rep2_d3	Phocaeicola_dorei	figure_raw_data/sim_single_species/Phocaeicola_dorei/reads/Phocaeicola_dorei__diff_k2_rep2_d3_R1.fastq.gz	figure_raw_data/sim_single_species/Phocaeicola_dorei/reads/Phocaeicola_dorei__diff_k2_rep2_d3_R2.fastq.gz	figure_raw_data/sim_single_species/Phocaeicola_dorei/truth/Phocaeicola_dorei__diff_k2_rep2_d3.truth.tsv
single	Phocaeicola_dorei__diff_k2_rep2_d5	Phocaeicola_dorei	figure_raw_data/sim_single_species/Phocaeicola_dorei/reads/Phocaeicola_dorei__diff_k2_rep2_d5_R1.fastq.gz	figure_raw_data/sim_single_species/Phocaeicola_dorei/reads/Phocaeicola_dorei__diff_k2_rep2_d5_R2.fastq.gz	figure_raw_data/sim_single_species/Phocaeicola_dorei/truth/Phocaeicola_dorei__diff_k2_rep2_d5.truth.tsv
single	Phocaeicola_dorei__diff_k2_rep2_d10	Phocaeicola_dorei	figure_raw_data/sim_single_species/Phocaeicola_dorei/reads/Phocaeicola_dorei__diff_k2_rep2_d10_R1.fastq.gz	figure_raw_data/sim_single_species/Phocaeicola_dorei/reads/Phocaeicola_dorei__diff_k2_rep2_d10_R2.fastq.gz	figure_raw_data/sim_single_species/Phocaeicola_dorei/truth/Phocaeicola_dorei__diff_k2_rep2_d10.truth.tsv
single	Phocaeicola_dorei__diff_k2_rep3_d0.5	Phocaeicola_dorei	figure_raw_data/sim_single_species/Phocaeicola_dorei/reads/Phocaeicola_dorei__diff_k2_rep3_d0.5_R1.fastq.gz	figure_raw_data/sim_single_species/Phocaeicola_dorei/reads/Phocaeicola_dorei__diff_k2_rep3_d0.5_R2.fastq.gz	figure_raw_data/sim_single_species/Phocaeicola_dorei/truth/Phocaeicola_dorei__diff_k2_rep3_d0.5.truth.tsv
single	Phocaeicola_dorei__diff_k2_rep3_d1	Phocaeicola_dorei	figure_raw_data/sim_single_species/Phocaeicola_dorei/reads/Phocaeicola_dorei__diff_k2_rep3_d1_R1.fastq.gz	figure_raw_data/sim_single_species/Phocaeicola_dorei/reads/Phocaeicola_dorei__diff_k2_rep3_d1_R2.fastq.gz	figure_raw_data/sim_single_species/Phocaeicola_dorei/truth/Phocaeicola_dorei__diff_k2_rep3_d1.truth.tsv
single	Phocaeicola_dorei__diff_k2_rep3_d3	Phocaeicola_dorei	figure_raw_data/sim_single_species/Phocaeicola_dorei/reads/Phocaeicola_dorei__diff_k2_rep3_d3_R1.fastq.gz	figure_raw_data/sim_single_species/Phocaeicola_dorei/reads/Phocaeicola_dorei__diff_k2_rep3_d3_R2.fastq.gz	figure_raw_data/sim_single_species/Phocaeicola_dorei/truth/Phocaeicola_dorei__diff_k2_rep3_d3.truth.tsv
single	Phocaeicola_dorei__diff_k2_rep3_d5	Phocaeicola_dorei	figure_raw_data/sim_single_species/Phocaeicola_dorei/reads/Phocaeicola_dorei__diff_k2_rep3_d5_R1.fastq.gz	figure_raw_data/sim_single_species/Phocaeicola_dorei/reads/Phocaeicola_dorei__diff_k2_rep3_d5_R2.fastq.gz	figure_raw_data/sim_single_species/Phocaeicola_dorei/truth/Phocaeicola_dorei__diff_k2_rep3_d5.truth.tsv
single	Phocaeicola_dorei__diff_k2_rep3_d10	Phocaeicola_dorei	figure_raw_data/sim_single_species/Phocaeicola_dorei/reads/Phocaeicola_dorei__diff_k2_rep3_d10_R1.fastq.gz	figure_raw_data/sim_single_species/Phocaeicola_dorei/reads/Phocaeicola_dorei__diff_k2_rep3_d10_R2.fastq.gz	figure_raw_data/sim_single_species/Phocaeicola_dorei/truth/Phocaeicola_dorei__diff_k2_rep3_d10.truth.tsv
single	Phocaeicola_dorei__diff_k2_rep4_d0.5	Phocaeicola_dorei	figure_raw_data/sim_single_species/Phocaeicola_dorei/reads/Phocaeicola_dorei__diff_k2_rep4_d0.5_R1.fastq.gz	figure_raw_data/sim_single_species/Phocaeicola_dorei/reads/Phocaeicola_dorei__diff_k2_rep4_d0.5_R2.fastq.gz	figure_raw_data/sim_single_species/Phocaeicola_dorei/truth/Phocaeicola_dorei__diff_k2_rep4_d0.5.truth.tsv
single	Phocaeicola_dorei__diff_k2_rep4_d1	Phocaeicola_dorei	figure_raw_data/sim_single_species/Phocaeicola_dorei/reads/Phocaeicola_dorei__diff_k2_rep4_d1_R1.fastq.gz	figure_raw_data/sim_single_species/Phocaeicola_dorei/reads/Phocaeicola_dorei__diff_k2_rep4_d1_R2.fastq.gz	figure_raw_data/sim_single_species/Phocaeicola_dorei/truth/Phocaeicola_dorei__diff_k2_rep4_d1.truth.tsv
single	Phocaeicola_dorei__diff_k2_rep4_d3	Phocaeicola_dorei	figure_raw_data/sim_single_species/Phocaeicola_dorei/reads/Phocaeicola_dorei__diff_k2_rep4_d3_R1.fastq.gz	figure_raw_data/sim_single_species/Phocaeicola_dorei/reads/Phocaeicola_dorei__diff_k2_rep4_d3_R2.fastq.gz	figure_raw_data/sim_single_species/Phocaeicola_dorei/truth/Phocaeicola_dorei__diff_k2_rep4_d3.truth.tsv
single	Phocaeicola_dorei__diff_k2_rep4_d5	Phocaeicola_dorei	figure_raw_data/sim_single_species/Phocaeicola_dorei/reads/Phocaeicola_dorei__diff_k2_rep4_d5_R1.fastq.gz	figure_raw_data/sim_single_species/Phocaeicola_dorei/reads/Phocaeicola_dorei__diff_k2_rep4_d5_R2.fastq.gz	figure_raw_data/sim_single_species/Phocaeicola_dorei/truth/Phocaeicola_dorei__diff_k2_rep4_d5.truth.tsv
single	Phocaeicola_dorei__diff_k2_rep4_d10	Phocaeicola_dorei	figure_raw_data/sim_single_species/Phocaeicola_dorei/reads/Phocaeicola_dorei__diff_k2_rep4_d10_R1.fastq.gz	figure_raw_data/sim_single_species/Phocaeicola_dorei/reads/Phocaeicola_dorei__diff_k2_rep4_d10_R2.fastq.gz	figure_raw_data/sim_single_species/Phocaeicola_dorei/truth/Phocaeicola_dorei__diff_k2_rep4_d10.truth.tsv
single	Phocaeicola_dorei__diff_k2_rep5_d0.5	Phocaeicola_dorei	figure_raw_data/sim_single_species/Phocaeicola_dorei/reads/Phocaeicola_dorei__diff_k2_rep5_d0.5_R1.fastq.gz	figure_raw_data/sim_single_species/Phocaeicola_dorei/reads/Phocaeicola_dorei__diff_k2_rep5_d0.5_R2.fastq.gz	figure_raw_data/sim_single_species/Phocaeicola_dorei/truth/Phocaeicola_dorei__diff_k2_rep5_d0.5.truth.tsv
single	Phocaeicola_dorei__diff_k2_rep5_d1	Phocaeicola_dorei	figure_raw_data/sim_single_species/Phocaeicola_dorei/reads/Phocaeicola_dorei__diff_k2_rep5_d1_R1.fastq.gz	figure_raw_data/sim_single_species/Phocaeicola_dorei/reads/Phocaeicola_dorei__diff_k2_rep5_d1_R2.fastq.gz	figure_raw_data/sim_single_species/Phocaeicola_dorei/truth/Phocaeicola_dorei__diff_k2_rep5_d1.truth.tsv
single	Phocaeicola_dorei__diff_k2_rep5_d3	Phocaeicola_dorei	figure_raw_data/sim_single_species/Phocaeicola_dorei/reads/Phocaeicola_dorei__diff_k2_rep5_d3_R1.fastq.gz	figure_raw_data/sim_single_species/Phocaeicola_dorei/reads/Phocaeicola_dorei__diff_k2_rep5_d3_R2.fastq.gz	figure_raw_data/sim_single_species/Phocaeicola_dorei/truth/Phocaeicola_dorei__diff_k2_rep5_d3.truth.tsv
single	Phocaeicola_dorei__diff_k2_rep5_d5	Phocaeicola_dorei	figure_raw_data/sim_single_species/Phocaeicola_dorei/reads/Phocaeicola_dorei__diff_k2_rep5_d5_R1.fastq.gz	figure_raw_data/sim_single_species/Phocaeicola_dorei/reads/Phocaeicola_dorei__diff_k2_rep5_d5_R2.fastq.gz	figure_raw_data/sim_single_species/Phocaeicola_dorei/truth/Phocaeicola_dorei__diff_k2_rep5_d5.truth.tsv
single	Phocaeicola_dorei__diff_k2_rep5_d10	Phocaeicola_dorei	figure_raw_data/sim_single_species/Phocaeicola_dorei/reads/Phocaeicola_dorei__diff_k2_rep5_d10_R1.fastq.gz	figure_raw_data/sim_single_species/Phocaeicola_dorei/reads/Phocaeicola_dorei__diff_k2_rep5_d10_R2.fastq.gz	figure_raw_data/sim_single_species/Phocaeicola_dorei/truth/Phocaeicola_dorei__diff_k2_rep5_d10.truth.tsv
single	Phocaeicola_dorei__diff_k3_rep1_d0.5	Phocaeicola_dorei	figure_raw_data/sim_single_species/Phocaeicola_dorei/reads/Phocaeicola_dorei__diff_k3_rep1_d0.5_R1.fastq.gz	figure_raw_data/sim_single_species/Phocaeicola_dorei/reads/Phocaeicola_dorei__diff_k3_rep1_d0.5_R2.fastq.gz	figure_raw_data/sim_single_species/Phocaeicola_dorei/truth/Phocaeicola_dorei__diff_k3_rep1_d0.5.truth.tsv
single	Phocaeicola_dorei__diff_k3_rep1_d1	Phocaeicola_dorei	figure_raw_data/sim_single_species/Phocaeicola_dorei/reads/Phocaeicola_dorei__diff_k3_rep1_d1_R1.fastq.gz	figure_raw_data/sim_single_species/Phocaeicola_dorei/reads/Phocaeicola_dorei__diff_k3_rep1_d1_R2.fastq.gz	figure_raw_data/sim_single_species/Phocaeicola_dorei/truth/Phocaeicola_dorei__diff_k3_rep1_d1.truth.tsv
single	Phocaeicola_dorei__diff_k3_rep1_d3	Phocaeicola_dorei	figure_raw_data/sim_single_species/Phocaeicola_dorei/reads/Phocaeicola_dorei__diff_k3_rep1_d3_R1.fastq.gz	figure_raw_data/sim_single_species/Phocaeicola_dorei/reads/Phocaeicola_dorei__diff_k3_rep1_d3_R2.fastq.gz	figure_raw_data/sim_single_species/Phocaeicola_dorei/truth/Phocaeicola_dorei__diff_k3_rep1_d3.truth.tsv
single	Phocaeicola_dorei__diff_k3_rep1_d5	Phocaeicola_dorei	figure_raw_data/sim_single_species/Phocaeicola_dorei/reads/Phocaeicola_dorei__diff_k3_rep1_d5_R1.fastq.gz	figure_raw_data/sim_single_species/Phocaeicola_dorei/reads/Phocaeicola_dorei__diff_k3_rep1_d5_R2.fastq.gz	figure_raw_data/sim_single_species/Phocaeicola_dorei/truth/Phocaeicola_dorei__diff_k3_rep1_d5.truth.tsv
single	Phocaeicola_dorei__diff_k3_rep1_d10	Phocaeicola_dorei	figure_raw_data/sim_single_species/Phocaeicola_dorei/reads/Phocaeicola_dorei__diff_k3_rep1_d10_R1.fastq.gz	figure_raw_data/sim_single_species/Phocaeicola_dorei/reads/Phocaeicola_dorei__diff_k3_rep1_d10_R2.fastq.gz	figure_raw_data/sim_single_species/Phocaeicola_dorei/truth/Phocaeicola_dorei__diff_k3_rep1_d10.truth.tsv
single	Phocaeicola_dorei__diff_k3_rep2_d0.5	Phocaeicola_dorei	figure_raw_data/sim_single_species/Phocaeicola_dorei/reads/Phocaeicola_dorei__diff_k3_rep2_d0.5_R1.fastq.gz	figure_raw_data/sim_single_species/Phocaeicola_dorei/reads/Phocaeicola_dorei__diff_k3_rep2_d0.5_R2.fastq.gz	figure_raw_data/sim_single_species/Phocaeicola_dorei/truth/Phocaeicola_dorei__diff_k3_rep2_d0.5.truth.tsv
single	Phocaeicola_dorei__diff_k3_rep2_d1	Phocaeicola_dorei	figure_raw_data/sim_single_species/Phocaeicola_dorei/reads/Phocaeicola_dorei__diff_k3_rep2_d1_R1.fastq.gz	figure_raw_data/sim_single_species/Phocaeicola_dorei/reads/Phocaeicola_dorei__diff_k3_rep2_d1_R2.fastq.gz	figure_raw_data/sim_single_species/Phocaeicola_dorei/truth/Phocaeicola_dorei__diff_k3_rep2_d1.truth.tsv
single	Phocaeicola_dorei__diff_k3_rep2_d3	Phocaeicola_dorei	figure_raw_data/sim_single_species/Phocaeicola_dorei/reads/Phocaeicola_dorei__diff_k3_rep2_d3_R1.fastq.gz	figure_raw_data/sim_single_species/Phocaeicola_dorei/reads/Phocaeicola_dorei__diff_k3_rep2_d3_R2.fastq.gz	figure_raw_data/sim_single_species/Phocaeicola_dorei/truth/Phocaeicola_dorei__diff_k3_rep2_d3.truth.tsv
single	Phocaeicola_dorei__diff_k3_rep2_d5	Phocaeicola_dorei	figure_raw_data/sim_single_species/Phocaeicola_dorei/reads/Phocaeicola_dorei__diff_k3_rep2_d5_R1.fastq.gz	figure_raw_data/sim_single_species/Phocaeicola_dorei/reads/Phocaeicola_dorei__diff_k3_rep2_d5_R2.fastq.gz	figure_raw_data/sim_single_species/Phocaeicola_dorei/truth/Phocaeicola_dorei__diff_k3_rep2_d5.truth.tsv
single	Phocaeicola_dorei__diff_k3_rep2_d10	Phocaeicola_dorei	figure_raw_data/sim_single_species/Phocaeicola_dorei/reads/Phocaeicola_dorei__diff_k3_rep2_d10_R1.fastq.gz	figure_raw_data/sim_single_species/Phocaeicola_dorei/reads/Phocaeicola_dorei__diff_k3_rep2_d10_R2.fastq.gz	figure_raw_data/sim_single_species/Phocaeicola_dorei/truth/Phocaeicola_dorei__diff_k3_rep2_d10.truth.tsv
single	Phocaeicola_dorei__diff_k3_rep3_d0.5	Phocaeicola_dorei	figure_raw_data/sim_single_species/Phocaeicola_dorei/reads/Phocaeicola_dorei__diff_k3_rep3_d0.5_R1.fastq.gz	figure_raw_data/sim_single_species/Phocaeicola_dorei/reads/Phocaeicola_dorei__diff_k3_rep3_d0.5_R2.fastq.gz	figure_raw_data/sim_single_species/Phocaeicola_dorei/truth/Phocaeicola_dorei__diff_k3_rep3_d0.5.truth.tsv
single	Phocaeicola_dorei__diff_k3_rep3_d1	Phocaeicola_dorei	figure_raw_data/sim_single_species/Phocaeicola_dorei/reads/Phocaeicola_dorei__diff_k3_rep3_d1_R1.fastq.gz	figure_raw_data/sim_single_species/Phocaeicola_dorei/reads/Phocaeicola_dorei__diff_k3_rep3_d1_R2.fastq.gz	figure_raw_data/sim_single_species/Phocaeicola_dorei/truth/Phocaeicola_dorei__diff_k3_rep3_d1.truth.tsv
single	Phocaeicola_dorei__diff_k3_rep3_d3	Phocaeicola_dorei	figure_raw_data/sim_single_species/Phocaeicola_dorei/reads/Phocaeicola_dorei__diff_k3_rep3_d3_R1.fastq.gz	figure_raw_data/sim_single_species/Phocaeicola_dorei/reads/Phocaeicola_dorei__diff_k3_rep3_d3_R2.fastq.gz	figure_raw_data/sim_single_species/Phocaeicola_dorei/truth/Phocaeicola_dorei__diff_k3_rep3_d3.truth.tsv
single	Phocaeicola_dorei__diff_k3_rep3_d5	Phocaeicola_dorei	figure_raw_data/sim_single_species/Phocaeicola_dorei/reads/Phocaeicola_dorei__diff_k3_rep3_d5_R1.fastq.gz	figure_raw_data/sim_single_species/Phocaeicola_dorei/reads/Phocaeicola_dorei__diff_k3_rep3_d5_R2.fastq.gz	figure_raw_data/sim_single_species/Phocaeicola_dorei/truth/Phocaeicola_dorei__diff_k3_rep3_d5.truth.tsv
single	Phocaeicola_dorei__diff_k3_rep3_d10	Phocaeicola_dorei	figure_raw_data/sim_single_species/Phocaeicola_dorei/reads/Phocaeicola_dorei__diff_k3_rep3_d10_R1.fastq.gz	figure_raw_data/sim_single_species/Phocaeicola_dorei/reads/Phocaeicola_dorei__diff_k3_rep3_d10_R2.fastq.gz	figure_raw_data/sim_single_species/Phocaeicola_dorei/truth/Phocaeicola_dorei__diff_k3_rep3_d10.truth.tsv
single	Phocaeicola_dorei__diff_k3_rep4_d0.5	Phocaeicola_dorei	figure_raw_data/sim_single_species/Phocaeicola_dorei/reads/Phocaeicola_dorei__diff_k3_rep4_d0.5_R1.fastq.gz	figure_raw_data/sim_single_species/Phocaeicola_dorei/reads/Phocaeicola_dorei__diff_k3_rep4_d0.5_R2.fastq.gz	figure_raw_data/sim_single_species/Phocaeicola_dorei/truth/Phocaeicola_dorei__diff_k3_rep4_d0.5.truth.tsv
single	Phocaeicola_dorei__diff_k3_rep4_d1	Phocaeicola_dorei	figure_raw_data/sim_single_species/Phocaeicola_dorei/reads/Phocaeicola_dorei__diff_k3_rep4_d1_R1.fastq.gz	figure_raw_data/sim_single_species/Phocaeicola_dorei/reads/Phocaeicola_dorei__diff_k3_rep4_d1_R2.fastq.gz	figure_raw_data/sim_single_species/Phocaeicola_dorei/truth/Phocaeicola_dorei__diff_k3_rep4_d1.truth.tsv
single	Phocaeicola_dorei__diff_k3_rep4_d3	Phocaeicola_dorei	figure_raw_data/sim_single_species/Phocaeicola_dorei/reads/Phocaeicola_dorei__diff_k3_rep4_d3_R1.fastq.gz	figure_raw_data/sim_single_species/Phocaeicola_dorei/reads/Phocaeicola_dorei__diff_k3_rep4_d3_R2.fastq.gz	figure_raw_data/sim_single_species/Phocaeicola_dorei/truth/Phocaeicola_dorei__diff_k3_rep4_d3.truth.tsv
single	Phocaeicola_dorei__diff_k3_rep4_d5	Phocaeicola_dorei	figure_raw_data/sim_single_species/Phocaeicola_dorei/reads/Phocaeicola_dorei__diff_k3_rep4_d5_R1.fastq.gz	figure_raw_data/sim_single_species/Phocaeicola_dorei/reads/Phocaeicola_dorei__diff_k3_rep4_d5_R2.fastq.gz	figure_raw_data/sim_single_species/Phocaeicola_dorei/truth/Phocaeicola_dorei__diff_k3_rep4_d5.truth.tsv
single	Phocaeicola_dorei__diff_k3_rep4_d10	Phocaeicola_dorei	figure_raw_data/sim_single_species/Phocaeicola_dorei/reads/Phocaeicola_dorei__diff_k3_rep4_d10_R1.fastq.gz	figure_raw_data/sim_single_species/Phocaeicola_dorei/reads/Phocaeicola_dorei__diff_k3_rep4_d10_R2.fastq.gz	figure_raw_data/sim_single_species/Phocaeicola_dorei/truth/Phocaeicola_dorei__diff_k3_rep4_d10.truth.tsv
single	Phocaeicola_dorei__diff_k3_rep5_d0.5	Phocaeicola_dorei	figure_raw_data/sim_single_species/Phocaeicola_dorei/reads/Phocaeicola_dorei__diff_k3_rep5_d0.5_R1.fastq.gz	figure_raw_data/sim_single_species/Phocaeicola_dorei/reads/Phocaeicola_dorei__diff_k3_rep5_d0.5_R2.fastq.gz	figure_raw_data/sim_single_species/Phocaeicola_dorei/truth/Phocaeicola_dorei__diff_k3_rep5_d0.5.truth.tsv
single	Phocaeicola_dorei__diff_k3_rep5_d1	Phocaeicola_dorei	figure_raw_data/sim_single_species/Phocaeicola_dorei/reads/Phocaeicola_dorei__diff_k3_rep5_d1_R1.fastq.gz	figure_raw_data/sim_single_species/Phocaeicola_dorei/reads/Phocaeicola_dorei__diff_k3_rep5_d1_R2.fastq.gz	figure_raw_data/sim_single_species/Phocaeicola_dorei/truth/Phocaeicola_dorei__diff_k3_rep5_d1.truth.tsv
single	Phocaeicola_dorei__diff_k3_rep5_d3	Phocaeicola_dorei	figure_raw_data/sim_single_species/Phocaeicola_dorei/reads/Phocaeicola_dorei__diff_k3_rep5_d3_R1.fastq.gz	figure_raw_data/sim_single_species/Phocaeicola_dorei/reads/Phocaeicola_dorei__diff_k3_rep5_d3_R2.fastq.gz	figure_raw_data/sim_single_species/Phocaeicola_dorei/truth/Phocaeicola_dorei__diff_k3_rep5_d3.truth.tsv
single	Phocaeicola_dorei__diff_k3_rep5_d5	Phocaeicola_dorei	figure_raw_data/sim_single_species/Phocaeicola_dorei/reads/Phocaeicola_dorei__diff_k3_rep5_d5_R1.fastq.gz	figure_raw_data/sim_single_species/Phocaeicola_dorei/reads/Phocaeicola_dorei__diff_k3_rep5_d5_R2.fastq.gz	figure_raw_data/sim_single_species/Phocaeicola_dorei/truth/Phocaeicola_dorei__diff_k3_rep5_d5.truth.tsv
single	Phocaeicola_dorei__diff_k3_rep5_d10	Phocaeicola_dorei	figure_raw_data/sim_single_species/Phocaeicola_dorei/reads/Phocaeicola_dorei__diff_k3_rep5_d10_R1.fastq.gz	figure_raw_data/sim_single_species/Phocaeicola_dorei/reads/Phocaeicola_dorei__diff_k3_rep5_d10_R2.fastq.gz	figure_raw_data/sim_single_species/Phocaeicola_dorei/truth/Phocaeicola_dorei__diff_k3_rep5_d10.truth.tsv
single	Phocaeicola_dorei__diff_k5_rep1_d0.5	Phocaeicola_dorei	figure_raw_data/sim_single_species/Phocaeicola_dorei/reads/Phocaeicola_dorei__diff_k5_rep1_d0.5_R1.fastq.gz	figure_raw_data/sim_single_species/Phocaeicola_dorei/reads/Phocaeicola_dorei__diff_k5_rep1_d0.5_R2.fastq.gz	figure_raw_data/sim_single_species/Phocaeicola_dorei/truth/Phocaeicola_dorei__diff_k5_rep1_d0.5.truth.tsv
single	Phocaeicola_dorei__diff_k5_rep1_d1	Phocaeicola_dorei	figure_raw_data/sim_single_species/Phocaeicola_dorei/reads/Phocaeicola_dorei__diff_k5_rep1_d1_R1.fastq.gz	figure_raw_data/sim_single_species/Phocaeicola_dorei/reads/Phocaeicola_dorei__diff_k5_rep1_d1_R2.fastq.gz	figure_raw_data/sim_single_species/Phocaeicola_dorei/truth/Phocaeicola_dorei__diff_k5_rep1_d1.truth.tsv
single	Phocaeicola_dorei__diff_k5_rep1_d3	Phocaeicola_dorei	figure_raw_data/sim_single_species/Phocaeicola_dorei/reads/Phocaeicola_dorei__diff_k5_rep1_d3_R1.fastq.gz	figure_raw_data/sim_single_species/Phocaeicola_dorei/reads/Phocaeicola_dorei__diff_k5_rep1_d3_R2.fastq.gz	figure_raw_data/sim_single_species/Phocaeicola_dorei/truth/Phocaeicola_dorei__diff_k5_rep1_d3.truth.tsv
single	Phocaeicola_dorei__diff_k5_rep1_d5	Phocaeicola_dorei	figure_raw_data/sim_single_species/Phocaeicola_dorei/reads/Phocaeicola_dorei__diff_k5_rep1_d5_R1.fastq.gz	figure_raw_data/sim_single_species/Phocaeicola_dorei/reads/Phocaeicola_dorei__diff_k5_rep1_d5_R2.fastq.gz	figure_raw_data/sim_single_species/Phocaeicola_dorei/truth/Phocaeicola_dorei__diff_k5_rep1_d5.truth.tsv
single	Phocaeicola_dorei__diff_k5_rep1_d10	Phocaeicola_dorei	figure_raw_data/sim_single_species/Phocaeicola_dorei/reads/Phocaeicola_dorei__diff_k5_rep1_d10_R1.fastq.gz	figure_raw_data/sim_single_species/Phocaeicola_dorei/reads/Phocaeicola_dorei__diff_k5_rep1_d10_R2.fastq.gz	figure_raw_data/sim_single_species/Phocaeicola_dorei/truth/Phocaeicola_dorei__diff_k5_rep1_d10.truth.tsv
single	Phocaeicola_dorei__diff_k5_rep2_d0.5	Phocaeicola_dorei	figure_raw_data/sim_single_species/Phocaeicola_dorei/reads/Phocaeicola_dorei__diff_k5_rep2_d0.5_R1.fastq.gz	figure_raw_data/sim_single_species/Phocaeicola_dorei/reads/Phocaeicola_dorei__diff_k5_rep2_d0.5_R2.fastq.gz	figure_raw_data/sim_single_species/Phocaeicola_dorei/truth/Phocaeicola_dorei__diff_k5_rep2_d0.5.truth.tsv
single	Phocaeicola_dorei__diff_k5_rep2_d1	Phocaeicola_dorei	figure_raw_data/sim_single_species/Phocaeicola_dorei/reads/Phocaeicola_dorei__diff_k5_rep2_d1_R1.fastq.gz	figure_raw_data/sim_single_species/Phocaeicola_dorei/reads/Phocaeicola_dorei__diff_k5_rep2_d1_R2.fastq.gz	figure_raw_data/sim_single_species/Phocaeicola_dorei/truth/Phocaeicola_dorei__diff_k5_rep2_d1.truth.tsv
single	Phocaeicola_dorei__diff_k5_rep2_d3	Phocaeicola_dorei	figure_raw_data/sim_single_species/Phocaeicola_dorei/reads/Phocaeicola_dorei__diff_k5_rep2_d3_R1.fastq.gz	figure_raw_data/sim_single_species/Phocaeicola_dorei/reads/Phocaeicola_dorei__diff_k5_rep2_d3_R2.fastq.gz	figure_raw_data/sim_single_species/Phocaeicola_dorei/truth/Phocaeicola_dorei__diff_k5_rep2_d3.truth.tsv
single	Phocaeicola_dorei__diff_k5_rep2_d5	Phocaeicola_dorei	figure_raw_data/sim_single_species/Phocaeicola_dorei/reads/Phocaeicola_dorei__diff_k5_rep2_d5_R1.fastq.gz	figure_raw_data/sim_single_species/Phocaeicola_dorei/reads/Phocaeicola_dorei__diff_k5_rep2_d5_R2.fastq.gz	figure_raw_data/sim_single_species/Phocaeicola_dorei/truth/Phocaeicola_dorei__diff_k5_rep2_d5.truth.tsv
single	Phocaeicola_dorei__diff_k5_rep2_d10	Phocaeicola_dorei	figure_raw_data/sim_single_species/Phocaeicola_dorei/reads/Phocaeicola_dorei__diff_k5_rep2_d10_R1.fastq.gz	figure_raw_data/sim_single_species/Phocaeicola_dorei/reads/Phocaeicola_dorei__diff_k5_rep2_d10_R2.fastq.gz	figure_raw_data/sim_single_species/Phocaeicola_dorei/truth/Phocaeicola_dorei__diff_k5_rep2_d10.truth.tsv
single	Phocaeicola_dorei__diff_k5_rep3_d0.5	Phocaeicola_dorei	figure_raw_data/sim_single_species/Phocaeicola_dorei/reads/Phocaeicola_dorei__diff_k5_rep3_d0.5_R1.fastq.gz	figure_raw_data/sim_single_species/Phocaeicola_dorei/reads/Phocaeicola_dorei__diff_k5_rep3_d0.5_R2.fastq.gz	figure_raw_data/sim_single_species/Phocaeicola_dorei/truth/Phocaeicola_dorei__diff_k5_rep3_d0.5.truth.tsv
single	Phocaeicola_dorei__diff_k5_rep3_d1	Phocaeicola_dorei	figure_raw_data/sim_single_species/Phocaeicola_dorei/reads/Phocaeicola_dorei__diff_k5_rep3_d1_R1.fastq.gz	figure_raw_data/sim_single_species/Phocaeicola_dorei/reads/Phocaeicola_dorei__diff_k5_rep3_d1_R2.fastq.gz	figure_raw_data/sim_single_species/Phocaeicola_dorei/truth/Phocaeicola_dorei__diff_k5_rep3_d1.truth.tsv
single	Phocaeicola_dorei__diff_k5_rep3_d3	Phocaeicola_dorei	figure_raw_data/sim_single_species/Phocaeicola_dorei/reads/Phocaeicola_dorei__diff_k5_rep3_d3_R1.fastq.gz	figure_raw_data/sim_single_species/Phocaeicola_dorei/reads/Phocaeicola_dorei__diff_k5_rep3_d3_R2.fastq.gz	figure_raw_data/sim_single_species/Phocaeicola_dorei/truth/Phocaeicola_dorei__diff_k5_rep3_d3.truth.tsv
single	Phocaeicola_dorei__diff_k5_rep3_d5	Phocaeicola_dorei	figure_raw_data/sim_single_species/Phocaeicola_dorei/reads/Phocaeicola_dorei__diff_k5_rep3_d5_R1.fastq.gz	figure_raw_data/sim_single_species/Phocaeicola_dorei/reads/Phocaeicola_dorei__diff_k5_rep3_d5_R2.fastq.gz	figure_raw_data/sim_single_species/Phocaeicola_dorei/truth/Phocaeicola_dorei__diff_k5_rep3_d5.truth.tsv
single	Phocaeicola_dorei__diff_k5_rep3_d10	Phocaeicola_dorei	figure_raw_data/sim_single_species/Phocaeicola_dorei/reads/Phocaeicola_dorei__diff_k5_rep3_d10_R1.fastq.gz	figure_raw_data/sim_single_species/Phocaeicola_dorei/reads/Phocaeicola_dorei__diff_k5_rep3_d10_R2.fastq.gz	figure_raw_data/sim_single_species/Phocaeicola_dorei/truth/Phocaeicola_dorei__diff_k5_rep3_d10.truth.tsv
single	Phocaeicola_dorei__diff_k5_rep4_d0.5	Phocaeicola_dorei	figure_raw_data/sim_single_species/Phocaeicola_dorei/reads/Phocaeicola_dorei__diff_k5_rep4_d0.5_R1.fastq.gz	figure_raw_data/sim_single_species/Phocaeicola_dorei/reads/Phocaeicola_dorei__diff_k5_rep4_d0.5_R2.fastq.gz	figure_raw_data/sim_single_species/Phocaeicola_dorei/truth/Phocaeicola_dorei__diff_k5_rep4_d0.5.truth.tsv
single	Phocaeicola_dorei__diff_k5_rep4_d1	Phocaeicola_dorei	figure_raw_data/sim_single_species/Phocaeicola_dorei/reads/Phocaeicola_dorei__diff_k5_rep4_d1_R1.fastq.gz	figure_raw_data/sim_single_species/Phocaeicola_dorei/reads/Phocaeicola_dorei__diff_k5_rep4_d1_R2.fastq.gz	figure_raw_data/sim_single_species/Phocaeicola_dorei/truth/Phocaeicola_dorei__diff_k5_rep4_d1.truth.tsv
single	Phocaeicola_dorei__diff_k5_rep4_d3	Phocaeicola_dorei	figure_raw_data/sim_single_species/Phocaeicola_dorei/reads/Phocaeicola_dorei__diff_k5_rep4_d3_R1.fastq.gz	figure_raw_data/sim_single_species/Phocaeicola_dorei/reads/Phocaeicola_dorei__diff_k5_rep4_d3_R2.fastq.gz	figure_raw_data/sim_single_species/Phocaeicola_dorei/truth/Phocaeicola_dorei__diff_k5_rep4_d3.truth.tsv
single	Phocaeicola_dorei__diff_k5_rep4_d5	Phocaeicola_dorei	figure_raw_data/sim_single_species/Phocaeicola_dorei/reads/Phocaeicola_dorei__diff_k5_rep4_d5_R1.fastq.gz	figure_raw_data/sim_single_species/Phocaeicola_dorei/reads/Phocaeicola_dorei__diff_k5_rep4_d5_R2.fastq.gz	figure_raw_data/sim_single_species/Phocaeicola_dorei/truth/Phocaeicola_dorei__diff_k5_rep4_d5.truth.tsv
single	Phocaeicola_dorei__diff_k5_rep4_d10	Phocaeicola_dorei	figure_raw_data/sim_single_species/Phocaeicola_dorei/reads/Phocaeicola_dorei__diff_k5_rep4_d10_R1.fastq.gz	figure_raw_data/sim_single_species/Phocaeicola_dorei/reads/Phocaeicola_dorei__diff_k5_rep4_d10_R2.fastq.gz	figure_raw_data/sim_single_species/Phocaeicola_dorei/truth/Phocaeicola_dorei__diff_k5_rep4_d10.truth.tsv
single	Phocaeicola_dorei__diff_k5_rep5_d0.5	Phocaeicola_dorei	figure_raw_data/sim_single_species/Phocaeicola_dorei/reads/Phocaeicola_dorei__diff_k5_rep5_d0.5_R1.fastq.gz	figure_raw_data/sim_single_species/Phocaeicola_dorei/reads/Phocaeicola_dorei__diff_k5_rep5_d0.5_R2.fastq.gz	figure_raw_data/sim_single_species/Phocaeicola_dorei/truth/Phocaeicola_dorei__diff_k5_rep5_d0.5.truth.tsv
single	Phocaeicola_dorei__diff_k5_rep5_d1	Phocaeicola_dorei	figure_raw_data/sim_single_species/Phocaeicola_dorei/reads/Phocaeicola_dorei__diff_k5_rep5_d1_R1.fastq.gz	figure_raw_data/sim_single_species/Phocaeicola_dorei/reads/Phocaeicola_dorei__diff_k5_rep5_d1_R2.fastq.gz	figure_raw_data/sim_single_species/Phocaeicola_dorei/truth/Phocaeicola_dorei__diff_k5_rep5_d1.truth.tsv
single	Phocaeicola_dorei__diff_k5_rep5_d3	Phocaeicola_dorei	figure_raw_data/sim_single_species/Phocaeicola_dorei/reads/Phocaeicola_dorei__diff_k5_rep5_d3_R1.fastq.gz	figure_raw_data/sim_single_species/Phocaeicola_dorei/reads/Phocaeicola_dorei__diff_k5_rep5_d3_R2.fastq.gz	figure_raw_data/sim_single_species/Phocaeicola_dorei/truth/Phocaeicola_dorei__diff_k5_rep5_d3.truth.tsv
single	Phocaeicola_dorei__diff_k5_rep5_d5	Phocaeicola_dorei	figure_raw_data/sim_single_species/Phocaeicola_dorei/reads/Phocaeicola_dorei__diff_k5_rep5_d5_R1.fastq.gz	figure_raw_data/sim_single_species/Phocaeicola_dorei/reads/Phocaeicola_dorei__diff_k5_rep5_d5_R2.fastq.gz	figure_raw_data/sim_single_species/Phocaeicola_dorei/truth/Phocaeicola_dorei__diff_k5_rep5_d5.truth.tsv
single	Phocaeicola_dorei__diff_k5_rep5_d10	Phocaeicola_dorei	figure_raw_data/sim_single_species/Phocaeicola_dorei/reads/Phocaeicola_dorei__diff_k5_rep5_d10_R1.fastq.gz	figure_raw_data/sim_single_species/Phocaeicola_dorei/reads/Phocaeicola_dorei__diff_k5_rep5_d10_R2.fastq.gz	figure_raw_data/sim_single_species/Phocaeicola_dorei/truth/Phocaeicola_dorei__diff_k5_rep5_d10.truth.tsv
single	Porphyromonas_gingivalis__diff_k2_rep1_d0.5	Porphyromonas_gingivalis	figure_raw_data/sim_single_species/Porphyromonas_gingivalis/reads/Porphyromonas_gingivalis__diff_k2_rep1_d0.5_R1.fastq.gz	figure_raw_data/sim_single_species/Porphyromonas_gingivalis/reads/Porphyromonas_gingivalis__diff_k2_rep1_d0.5_R2.fastq.gz	figure_raw_data/sim_single_species/Porphyromonas_gingivalis/truth/Porphyromonas_gingivalis__diff_k2_rep1_d0.5.truth.tsv
single	Porphyromonas_gingivalis__diff_k2_rep1_d1	Porphyromonas_gingivalis	figure_raw_data/sim_single_species/Porphyromonas_gingivalis/reads/Porphyromonas_gingivalis__diff_k2_rep1_d1_R1.fastq.gz	figure_raw_data/sim_single_species/Porphyromonas_gingivalis/reads/Porphyromonas_gingivalis__diff_k2_rep1_d1_R2.fastq.gz	figure_raw_data/sim_single_species/Porphyromonas_gingivalis/truth/Porphyromonas_gingivalis__diff_k2_rep1_d1.truth.tsv
single	Porphyromonas_gingivalis__diff_k2_rep1_d3	Porphyromonas_gingivalis	figure_raw_data/sim_single_species/Porphyromonas_gingivalis/reads/Porphyromonas_gingivalis__diff_k2_rep1_d3_R1.fastq.gz	figure_raw_data/sim_single_species/Porphyromonas_gingivalis/reads/Porphyromonas_gingivalis__diff_k2_rep1_d3_R2.fastq.gz	figure_raw_data/sim_single_species/Porphyromonas_gingivalis/truth/Porphyromonas_gingivalis__diff_k2_rep1_d3.truth.tsv
single	Porphyromonas_gingivalis__diff_k2_rep1_d5	Porphyromonas_gingivalis	figure_raw_data/sim_single_species/Porphyromonas_gingivalis/reads/Porphyromonas_gingivalis__diff_k2_rep1_d5_R1.fastq.gz	figure_raw_data/sim_single_species/Porphyromonas_gingivalis/reads/Porphyromonas_gingivalis__diff_k2_rep1_d5_R2.fastq.gz	figure_raw_data/sim_single_species/Porphyromonas_gingivalis/truth/Porphyromonas_gingivalis__diff_k2_rep1_d5.truth.tsv
single	Porphyromonas_gingivalis__diff_k2_rep1_d10	Porphyromonas_gingivalis	figure_raw_data/sim_single_species/Porphyromonas_gingivalis/reads/Porphyromonas_gingivalis__diff_k2_rep1_d10_R1.fastq.gz	figure_raw_data/sim_single_species/Porphyromonas_gingivalis/reads/Porphyromonas_gingivalis__diff_k2_rep1_d10_R2.fastq.gz	figure_raw_data/sim_single_species/Porphyromonas_gingivalis/truth/Porphyromonas_gingivalis__diff_k2_rep1_d10.truth.tsv
single	Porphyromonas_gingivalis__diff_k2_rep2_d0.5	Porphyromonas_gingivalis	figure_raw_data/sim_single_species/Porphyromonas_gingivalis/reads/Porphyromonas_gingivalis__diff_k2_rep2_d0.5_R1.fastq.gz	figure_raw_data/sim_single_species/Porphyromonas_gingivalis/reads/Porphyromonas_gingivalis__diff_k2_rep2_d0.5_R2.fastq.gz	figure_raw_data/sim_single_species/Porphyromonas_gingivalis/truth/Porphyromonas_gingivalis__diff_k2_rep2_d0.5.truth.tsv
single	Porphyromonas_gingivalis__diff_k2_rep2_d1	Porphyromonas_gingivalis	figure_raw_data/sim_single_species/Porphyromonas_gingivalis/reads/Porphyromonas_gingivalis__diff_k2_rep2_d1_R1.fastq.gz	figure_raw_data/sim_single_species/Porphyromonas_gingivalis/reads/Porphyromonas_gingivalis__diff_k2_rep2_d1_R2.fastq.gz	figure_raw_data/sim_single_species/Porphyromonas_gingivalis/truth/Porphyromonas_gingivalis__diff_k2_rep2_d1.truth.tsv
single	Porphyromonas_gingivalis__diff_k2_rep2_d3	Porphyromonas_gingivalis	figure_raw_data/sim_single_species/Porphyromonas_gingivalis/reads/Porphyromonas_gingivalis__diff_k2_rep2_d3_R1.fastq.gz	figure_raw_data/sim_single_species/Porphyromonas_gingivalis/reads/Porphyromonas_gingivalis__diff_k2_rep2_d3_R2.fastq.gz	figure_raw_data/sim_single_species/Porphyromonas_gingivalis/truth/Porphyromonas_gingivalis__diff_k2_rep2_d3.truth.tsv
single	Porphyromonas_gingivalis__diff_k2_rep2_d5	Porphyromonas_gingivalis	figure_raw_data/sim_single_species/Porphyromonas_gingivalis/reads/Porphyromonas_gingivalis__diff_k2_rep2_d5_R1.fastq.gz	figure_raw_data/sim_single_species/Porphyromonas_gingivalis/reads/Porphyromonas_gingivalis__diff_k2_rep2_d5_R2.fastq.gz	figure_raw_data/sim_single_species/Porphyromonas_gingivalis/truth/Porphyromonas_gingivalis__diff_k2_rep2_d5.truth.tsv
single	Porphyromonas_gingivalis__diff_k2_rep2_d10	Porphyromonas_gingivalis	figure_raw_data/sim_single_species/Porphyromonas_gingivalis/reads/Porphyromonas_gingivalis__diff_k2_rep2_d10_R1.fastq.gz	figure_raw_data/sim_single_species/Porphyromonas_gingivalis/reads/Porphyromonas_gingivalis__diff_k2_rep2_d10_R2.fastq.gz	figure_raw_data/sim_single_species/Porphyromonas_gingivalis/truth/Porphyromonas_gingivalis__diff_k2_rep2_d10.truth.tsv
single	Porphyromonas_gingivalis__diff_k2_rep3_d0.5	Porphyromonas_gingivalis	figure_raw_data/sim_single_species/Porphyromonas_gingivalis/reads/Porphyromonas_gingivalis__diff_k2_rep3_d0.5_R1.fastq.gz	figure_raw_data/sim_single_species/Porphyromonas_gingivalis/reads/Porphyromonas_gingivalis__diff_k2_rep3_d0.5_R2.fastq.gz	figure_raw_data/sim_single_species/Porphyromonas_gingivalis/truth/Porphyromonas_gingivalis__diff_k2_rep3_d0.5.truth.tsv
single	Porphyromonas_gingivalis__diff_k2_rep3_d1	Porphyromonas_gingivalis	figure_raw_data/sim_single_species/Porphyromonas_gingivalis/reads/Porphyromonas_gingivalis__diff_k2_rep3_d1_R1.fastq.gz	figure_raw_data/sim_single_species/Porphyromonas_gingivalis/reads/Porphyromonas_gingivalis__diff_k2_rep3_d1_R2.fastq.gz	figure_raw_data/sim_single_species/Porphyromonas_gingivalis/truth/Porphyromonas_gingivalis__diff_k2_rep3_d1.truth.tsv
single	Porphyromonas_gingivalis__diff_k2_rep3_d3	Porphyromonas_gingivalis	figure_raw_data/sim_single_species/Porphyromonas_gingivalis/reads/Porphyromonas_gingivalis__diff_k2_rep3_d3_R1.fastq.gz	figure_raw_data/sim_single_species/Porphyromonas_gingivalis/reads/Porphyromonas_gingivalis__diff_k2_rep3_d3_R2.fastq.gz	figure_raw_data/sim_single_species/Porphyromonas_gingivalis/truth/Porphyromonas_gingivalis__diff_k2_rep3_d3.truth.tsv
single	Porphyromonas_gingivalis__diff_k2_rep3_d5	Porphyromonas_gingivalis	figure_raw_data/sim_single_species/Porphyromonas_gingivalis/reads/Porphyromonas_gingivalis__diff_k2_rep3_d5_R1.fastq.gz	figure_raw_data/sim_single_species/Porphyromonas_gingivalis/reads/Porphyromonas_gingivalis__diff_k2_rep3_d5_R2.fastq.gz	figure_raw_data/sim_single_species/Porphyromonas_gingivalis/truth/Porphyromonas_gingivalis__diff_k2_rep3_d5.truth.tsv
single	Porphyromonas_gingivalis__diff_k2_rep3_d10	Porphyromonas_gingivalis	figure_raw_data/sim_single_species/Porphyromonas_gingivalis/reads/Porphyromonas_gingivalis__diff_k2_rep3_d10_R1.fastq.gz	figure_raw_data/sim_single_species/Porphyromonas_gingivalis/reads/Porphyromonas_gingivalis__diff_k2_rep3_d10_R2.fastq.gz	figure_raw_data/sim_single_species/Porphyromonas_gingivalis/truth/Porphyromonas_gingivalis__diff_k2_rep3_d10.truth.tsv
single	Porphyromonas_gingivalis__diff_k2_rep4_d0.5	Porphyromonas_gingivalis	figure_raw_data/sim_single_species/Porphyromonas_gingivalis/reads/Porphyromonas_gingivalis__diff_k2_rep4_d0.5_R1.fastq.gz	figure_raw_data/sim_single_species/Porphyromonas_gingivalis/reads/Porphyromonas_gingivalis__diff_k2_rep4_d0.5_R2.fastq.gz	figure_raw_data/sim_single_species/Porphyromonas_gingivalis/truth/Porphyromonas_gingivalis__diff_k2_rep4_d0.5.truth.tsv
single	Porphyromonas_gingivalis__diff_k2_rep4_d1	Porphyromonas_gingivalis	figure_raw_data/sim_single_species/Porphyromonas_gingivalis/reads/Porphyromonas_gingivalis__diff_k2_rep4_d1_R1.fastq.gz	figure_raw_data/sim_single_species/Porphyromonas_gingivalis/reads/Porphyromonas_gingivalis__diff_k2_rep4_d1_R2.fastq.gz	figure_raw_data/sim_single_species/Porphyromonas_gingivalis/truth/Porphyromonas_gingivalis__diff_k2_rep4_d1.truth.tsv
single	Porphyromonas_gingivalis__diff_k2_rep4_d3	Porphyromonas_gingivalis	figure_raw_data/sim_single_species/Porphyromonas_gingivalis/reads/Porphyromonas_gingivalis__diff_k2_rep4_d3_R1.fastq.gz	figure_raw_data/sim_single_species/Porphyromonas_gingivalis/reads/Porphyromonas_gingivalis__diff_k2_rep4_d3_R2.fastq.gz	figure_raw_data/sim_single_species/Porphyromonas_gingivalis/truth/Porphyromonas_gingivalis__diff_k2_rep4_d3.truth.tsv
single	Porphyromonas_gingivalis__diff_k2_rep4_d5	Porphyromonas_gingivalis	figure_raw_data/sim_single_species/Porphyromonas_gingivalis/reads/Porphyromonas_gingivalis__diff_k2_rep4_d5_R1.fastq.gz	figure_raw_data/sim_single_species/Porphyromonas_gingivalis/reads/Porphyromonas_gingivalis__diff_k2_rep4_d5_R2.fastq.gz	figure_raw_data/sim_single_species/Porphyromonas_gingivalis/truth/Porphyromonas_gingivalis__diff_k2_rep4_d5.truth.tsv
single	Porphyromonas_gingivalis__diff_k2_rep4_d10	Porphyromonas_gingivalis	figure_raw_data/sim_single_species/Porphyromonas_gingivalis/reads/Porphyromonas_gingivalis__diff_k2_rep4_d10_R1.fastq.gz	figure_raw_data/sim_single_species/Porphyromonas_gingivalis/reads/Porphyromonas_gingivalis__diff_k2_rep4_d10_R2.fastq.gz	figure_raw_data/sim_single_species/Porphyromonas_gingivalis/truth/Porphyromonas_gingivalis__diff_k2_rep4_d10.truth.tsv
single	Porphyromonas_gingivalis__diff_k2_rep5_d0.5	Porphyromonas_gingivalis	figure_raw_data/sim_single_species/Porphyromonas_gingivalis/reads/Porphyromonas_gingivalis__diff_k2_rep5_d0.5_R1.fastq.gz	figure_raw_data/sim_single_species/Porphyromonas_gingivalis/reads/Porphyromonas_gingivalis__diff_k2_rep5_d0.5_R2.fastq.gz	figure_raw_data/sim_single_species/Porphyromonas_gingivalis/truth/Porphyromonas_gingivalis__diff_k2_rep5_d0.5.truth.tsv
single	Porphyromonas_gingivalis__diff_k2_rep5_d1	Porphyromonas_gingivalis	figure_raw_data/sim_single_species/Porphyromonas_gingivalis/reads/Porphyromonas_gingivalis__diff_k2_rep5_d1_R1.fastq.gz	figure_raw_data/sim_single_species/Porphyromonas_gingivalis/reads/Porphyromonas_gingivalis__diff_k2_rep5_d1_R2.fastq.gz	figure_raw_data/sim_single_species/Porphyromonas_gingivalis/truth/Porphyromonas_gingivalis__diff_k2_rep5_d1.truth.tsv
single	Porphyromonas_gingivalis__diff_k2_rep5_d3	Porphyromonas_gingivalis	figure_raw_data/sim_single_species/Porphyromonas_gingivalis/reads/Porphyromonas_gingivalis__diff_k2_rep5_d3_R1.fastq.gz	figure_raw_data/sim_single_species/Porphyromonas_gingivalis/reads/Porphyromonas_gingivalis__diff_k2_rep5_d3_R2.fastq.gz	figure_raw_data/sim_single_species/Porphyromonas_gingivalis/truth/Porphyromonas_gingivalis__diff_k2_rep5_d3.truth.tsv
single	Porphyromonas_gingivalis__diff_k2_rep5_d5	Porphyromonas_gingivalis	figure_raw_data/sim_single_species/Porphyromonas_gingivalis/reads/Porphyromonas_gingivalis__diff_k2_rep5_d5_R1.fastq.gz	figure_raw_data/sim_single_species/Porphyromonas_gingivalis/reads/Porphyromonas_gingivalis__diff_k2_rep5_d5_R2.fastq.gz	figure_raw_data/sim_single_species/Porphyromonas_gingivalis/truth/Porphyromonas_gingivalis__diff_k2_rep5_d5.truth.tsv
single	Porphyromonas_gingivalis__diff_k2_rep5_d10	Porphyromonas_gingivalis	figure_raw_data/sim_single_species/Porphyromonas_gingivalis/reads/Porphyromonas_gingivalis__diff_k2_rep5_d10_R1.fastq.gz	figure_raw_data/sim_single_species/Porphyromonas_gingivalis/reads/Porphyromonas_gingivalis__diff_k2_rep5_d10_R2.fastq.gz	figure_raw_data/sim_single_species/Porphyromonas_gingivalis/truth/Porphyromonas_gingivalis__diff_k2_rep5_d10.truth.tsv
single	Porphyromonas_gingivalis__diff_k3_rep1_d0.5	Porphyromonas_gingivalis	figure_raw_data/sim_single_species/Porphyromonas_gingivalis/reads/Porphyromonas_gingivalis__diff_k3_rep1_d0.5_R1.fastq.gz	figure_raw_data/sim_single_species/Porphyromonas_gingivalis/reads/Porphyromonas_gingivalis__diff_k3_rep1_d0.5_R2.fastq.gz	figure_raw_data/sim_single_species/Porphyromonas_gingivalis/truth/Porphyromonas_gingivalis__diff_k3_rep1_d0.5.truth.tsv
single	Porphyromonas_gingivalis__diff_k3_rep1_d1	Porphyromonas_gingivalis	figure_raw_data/sim_single_species/Porphyromonas_gingivalis/reads/Porphyromonas_gingivalis__diff_k3_rep1_d1_R1.fastq.gz	figure_raw_data/sim_single_species/Porphyromonas_gingivalis/reads/Porphyromonas_gingivalis__diff_k3_rep1_d1_R2.fastq.gz	figure_raw_data/sim_single_species/Porphyromonas_gingivalis/truth/Porphyromonas_gingivalis__diff_k3_rep1_d1.truth.tsv
single	Porphyromonas_gingivalis__diff_k3_rep1_d3	Porphyromonas_gingivalis	figure_raw_data/sim_single_species/Porphyromonas_gingivalis/reads/Porphyromonas_gingivalis__diff_k3_rep1_d3_R1.fastq.gz	figure_raw_data/sim_single_species/Porphyromonas_gingivalis/reads/Porphyromonas_gingivalis__diff_k3_rep1_d3_R2.fastq.gz	figure_raw_data/sim_single_species/Porphyromonas_gingivalis/truth/Porphyromonas_gingivalis__diff_k3_rep1_d3.truth.tsv
single	Porphyromonas_gingivalis__diff_k3_rep1_d5	Porphyromonas_gingivalis	figure_raw_data/sim_single_species/Porphyromonas_gingivalis/reads/Porphyromonas_gingivalis__diff_k3_rep1_d5_R1.fastq.gz	figure_raw_data/sim_single_species/Porphyromonas_gingivalis/reads/Porphyromonas_gingivalis__diff_k3_rep1_d5_R2.fastq.gz	figure_raw_data/sim_single_species/Porphyromonas_gingivalis/truth/Porphyromonas_gingivalis__diff_k3_rep1_d5.truth.tsv
single	Porphyromonas_gingivalis__diff_k3_rep1_d10	Porphyromonas_gingivalis	figure_raw_data/sim_single_species/Porphyromonas_gingivalis/reads/Porphyromonas_gingivalis__diff_k3_rep1_d10_R1.fastq.gz	figure_raw_data/sim_single_species/Porphyromonas_gingivalis/reads/Porphyromonas_gingivalis__diff_k3_rep1_d10_R2.fastq.gz	figure_raw_data/sim_single_species/Porphyromonas_gingivalis/truth/Porphyromonas_gingivalis__diff_k3_rep1_d10.truth.tsv
single	Porphyromonas_gingivalis__diff_k3_rep2_d0.5	Porphyromonas_gingivalis	figure_raw_data/sim_single_species/Porphyromonas_gingivalis/reads/Porphyromonas_gingivalis__diff_k3_rep2_d0.5_R1.fastq.gz	figure_raw_data/sim_single_species/Porphyromonas_gingivalis/reads/Porphyromonas_gingivalis__diff_k3_rep2_d0.5_R2.fastq.gz	figure_raw_data/sim_single_species/Porphyromonas_gingivalis/truth/Porphyromonas_gingivalis__diff_k3_rep2_d0.5.truth.tsv
single	Porphyromonas_gingivalis__diff_k3_rep2_d1	Porphyromonas_gingivalis	figure_raw_data/sim_single_species/Porphyromonas_gingivalis/reads/Porphyromonas_gingivalis__diff_k3_rep2_d1_R1.fastq.gz	figure_raw_data/sim_single_species/Porphyromonas_gingivalis/reads/Porphyromonas_gingivalis__diff_k3_rep2_d1_R2.fastq.gz	figure_raw_data/sim_single_species/Porphyromonas_gingivalis/truth/Porphyromonas_gingivalis__diff_k3_rep2_d1.truth.tsv
single	Porphyromonas_gingivalis__diff_k3_rep2_d3	Porphyromonas_gingivalis	figure_raw_data/sim_single_species/Porphyromonas_gingivalis/reads/Porphyromonas_gingivalis__diff_k3_rep2_d3_R1.fastq.gz	figure_raw_data/sim_single_species/Porphyromonas_gingivalis/reads/Porphyromonas_gingivalis__diff_k3_rep2_d3_R2.fastq.gz	figure_raw_data/sim_single_species/Porphyromonas_gingivalis/truth/Porphyromonas_gingivalis__diff_k3_rep2_d3.truth.tsv
single	Porphyromonas_gingivalis__diff_k3_rep2_d5	Porphyromonas_gingivalis	figure_raw_data/sim_single_species/Porphyromonas_gingivalis/reads/Porphyromonas_gingivalis__diff_k3_rep2_d5_R1.fastq.gz	figure_raw_data/sim_single_species/Porphyromonas_gingivalis/reads/Porphyromonas_gingivalis__diff_k3_rep2_d5_R2.fastq.gz	figure_raw_data/sim_single_species/Porphyromonas_gingivalis/truth/Porphyromonas_gingivalis__diff_k3_rep2_d5.truth.tsv
single	Porphyromonas_gingivalis__diff_k3_rep2_d10	Porphyromonas_gingivalis	figure_raw_data/sim_single_species/Porphyromonas_gingivalis/reads/Porphyromonas_gingivalis__diff_k3_rep2_d10_R1.fastq.gz	figure_raw_data/sim_single_species/Porphyromonas_gingivalis/reads/Porphyromonas_gingivalis__diff_k3_rep2_d10_R2.fastq.gz	figure_raw_data/sim_single_species/Porphyromonas_gingivalis/truth/Porphyromonas_gingivalis__diff_k3_rep2_d10.truth.tsv
single	Porphyromonas_gingivalis__diff_k3_rep3_d0.5	Porphyromonas_gingivalis	figure_raw_data/sim_single_species/Porphyromonas_gingivalis/reads/Porphyromonas_gingivalis__diff_k3_rep3_d0.5_R1.fastq.gz	figure_raw_data/sim_single_species/Porphyromonas_gingivalis/reads/Porphyromonas_gingivalis__diff_k3_rep3_d0.5_R2.fastq.gz	figure_raw_data/sim_single_species/Porphyromonas_gingivalis/truth/Porphyromonas_gingivalis__diff_k3_rep3_d0.5.truth.tsv
single	Porphyromonas_gingivalis__diff_k3_rep3_d1	Porphyromonas_gingivalis	figure_raw_data/sim_single_species/Porphyromonas_gingivalis/reads/Porphyromonas_gingivalis__diff_k3_rep3_d1_R1.fastq.gz	figure_raw_data/sim_single_species/Porphyromonas_gingivalis/reads/Porphyromonas_gingivalis__diff_k3_rep3_d1_R2.fastq.gz	figure_raw_data/sim_single_species/Porphyromonas_gingivalis/truth/Porphyromonas_gingivalis__diff_k3_rep3_d1.truth.tsv
single	Porphyromonas_gingivalis__diff_k3_rep3_d3	Porphyromonas_gingivalis	figure_raw_data/sim_single_species/Porphyromonas_gingivalis/reads/Porphyromonas_gingivalis__diff_k3_rep3_d3_R1.fastq.gz	figure_raw_data/sim_single_species/Porphyromonas_gingivalis/reads/Porphyromonas_gingivalis__diff_k3_rep3_d3_R2.fastq.gz	figure_raw_data/sim_single_species/Porphyromonas_gingivalis/truth/Porphyromonas_gingivalis__diff_k3_rep3_d3.truth.tsv
single	Porphyromonas_gingivalis__diff_k3_rep3_d5	Porphyromonas_gingivalis	figure_raw_data/sim_single_species/Porphyromonas_gingivalis/reads/Porphyromonas_gingivalis__diff_k3_rep3_d5_R1.fastq.gz	figure_raw_data/sim_single_species/Porphyromonas_gingivalis/reads/Porphyromonas_gingivalis__diff_k3_rep3_d5_R2.fastq.gz	figure_raw_data/sim_single_species/Porphyromonas_gingivalis/truth/Porphyromonas_gingivalis__diff_k3_rep3_d5.truth.tsv
single	Porphyromonas_gingivalis__diff_k3_rep3_d10	Porphyromonas_gingivalis	figure_raw_data/sim_single_species/Porphyromonas_gingivalis/reads/Porphyromonas_gingivalis__diff_k3_rep3_d10_R1.fastq.gz	figure_raw_data/sim_single_species/Porphyromonas_gingivalis/reads/Porphyromonas_gingivalis__diff_k3_rep3_d10_R2.fastq.gz	figure_raw_data/sim_single_species/Porphyromonas_gingivalis/truth/Porphyromonas_gingivalis__diff_k3_rep3_d10.truth.tsv
single	Porphyromonas_gingivalis__diff_k3_rep4_d0.5	Porphyromonas_gingivalis	figure_raw_data/sim_single_species/Porphyromonas_gingivalis/reads/Porphyromonas_gingivalis__diff_k3_rep4_d0.5_R1.fastq.gz	figure_raw_data/sim_single_species/Porphyromonas_gingivalis/reads/Porphyromonas_gingivalis__diff_k3_rep4_d0.5_R2.fastq.gz	figure_raw_data/sim_single_species/Porphyromonas_gingivalis/truth/Porphyromonas_gingivalis__diff_k3_rep4_d0.5.truth.tsv
single	Porphyromonas_gingivalis__diff_k3_rep4_d1	Porphyromonas_gingivalis	figure_raw_data/sim_single_species/Porphyromonas_gingivalis/reads/Porphyromonas_gingivalis__diff_k3_rep4_d1_R1.fastq.gz	figure_raw_data/sim_single_species/Porphyromonas_gingivalis/reads/Porphyromonas_gingivalis__diff_k3_rep4_d1_R2.fastq.gz	figure_raw_data/sim_single_species/Porphyromonas_gingivalis/truth/Porphyromonas_gingivalis__diff_k3_rep4_d1.truth.tsv
single	Porphyromonas_gingivalis__diff_k3_rep4_d3	Porphyromonas_gingivalis	figure_raw_data/sim_single_species/Porphyromonas_gingivalis/reads/Porphyromonas_gingivalis__diff_k3_rep4_d3_R1.fastq.gz	figure_raw_data/sim_single_species/Porphyromonas_gingivalis/reads/Porphyromonas_gingivalis__diff_k3_rep4_d3_R2.fastq.gz	figure_raw_data/sim_single_species/Porphyromonas_gingivalis/truth/Porphyromonas_gingivalis__diff_k3_rep4_d3.truth.tsv
single	Porphyromonas_gingivalis__diff_k3_rep4_d5	Porphyromonas_gingivalis	figure_raw_data/sim_single_species/Porphyromonas_gingivalis/reads/Porphyromonas_gingivalis__diff_k3_rep4_d5_R1.fastq.gz	figure_raw_data/sim_single_species/Porphyromonas_gingivalis/reads/Porphyromonas_gingivalis__diff_k3_rep4_d5_R2.fastq.gz	figure_raw_data/sim_single_species/Porphyromonas_gingivalis/truth/Porphyromonas_gingivalis__diff_k3_rep4_d5.truth.tsv
single	Porphyromonas_gingivalis__diff_k3_rep4_d10	Porphyromonas_gingivalis	figure_raw_data/sim_single_species/Porphyromonas_gingivalis/reads/Porphyromonas_gingivalis__diff_k3_rep4_d10_R1.fastq.gz	figure_raw_data/sim_single_species/Porphyromonas_gingivalis/reads/Porphyromonas_gingivalis__diff_k3_rep4_d10_R2.fastq.gz	figure_raw_data/sim_single_species/Porphyromonas_gingivalis/truth/Porphyromonas_gingivalis__diff_k3_rep4_d10.truth.tsv
single	Porphyromonas_gingivalis__diff_k3_rep5_d0.5	Porphyromonas_gingivalis	figure_raw_data/sim_single_species/Porphyromonas_gingivalis/reads/Porphyromonas_gingivalis__diff_k3_rep5_d0.5_R1.fastq.gz	figure_raw_data/sim_single_species/Porphyromonas_gingivalis/reads/Porphyromonas_gingivalis__diff_k3_rep5_d0.5_R2.fastq.gz	figure_raw_data/sim_single_species/Porphyromonas_gingivalis/truth/Porphyromonas_gingivalis__diff_k3_rep5_d0.5.truth.tsv
single	Porphyromonas_gingivalis__diff_k3_rep5_d1	Porphyromonas_gingivalis	figure_raw_data/sim_single_species/Porphyromonas_gingivalis/reads/Porphyromonas_gingivalis__diff_k3_rep5_d1_R1.fastq.gz	figure_raw_data/sim_single_species/Porphyromonas_gingivalis/reads/Porphyromonas_gingivalis__diff_k3_rep5_d1_R2.fastq.gz	figure_raw_data/sim_single_species/Porphyromonas_gingivalis/truth/Porphyromonas_gingivalis__diff_k3_rep5_d1.truth.tsv
single	Porphyromonas_gingivalis__diff_k3_rep5_d3	Porphyromonas_gingivalis	figure_raw_data/sim_single_species/Porphyromonas_gingivalis/reads/Porphyromonas_gingivalis__diff_k3_rep5_d3_R1.fastq.gz	figure_raw_data/sim_single_species/Porphyromonas_gingivalis/reads/Porphyromonas_gingivalis__diff_k3_rep5_d3_R2.fastq.gz	figure_raw_data/sim_single_species/Porphyromonas_gingivalis/truth/Porphyromonas_gingivalis__diff_k3_rep5_d3.truth.tsv
single	Porphyromonas_gingivalis__diff_k3_rep5_d5	Porphyromonas_gingivalis	figure_raw_data/sim_single_species/Porphyromonas_gingivalis/reads/Porphyromonas_gingivalis__diff_k3_rep5_d5_R1.fastq.gz	figure_raw_data/sim_single_species/Porphyromonas_gingivalis/reads/Porphyromonas_gingivalis__diff_k3_rep5_d5_R2.fastq.gz	figure_raw_data/sim_single_species/Porphyromonas_gingivalis/truth/Porphyromonas_gingivalis__diff_k3_rep5_d5.truth.tsv
single	Porphyromonas_gingivalis__diff_k3_rep5_d10	Porphyromonas_gingivalis	figure_raw_data/sim_single_species/Porphyromonas_gingivalis/reads/Porphyromonas_gingivalis__diff_k3_rep5_d10_R1.fastq.gz	figure_raw_data/sim_single_species/Porphyromonas_gingivalis/reads/Porphyromonas_gingivalis__diff_k3_rep5_d10_R2.fastq.gz	figure_raw_data/sim_single_species/Porphyromonas_gingivalis/truth/Porphyromonas_gingivalis__diff_k3_rep5_d10.truth.tsv
single	Porphyromonas_gingivalis__diff_k5_rep1_d0.5	Porphyromonas_gingivalis	figure_raw_data/sim_single_species/Porphyromonas_gingivalis/reads/Porphyromonas_gingivalis__diff_k5_rep1_d0.5_R1.fastq.gz	figure_raw_data/sim_single_species/Porphyromonas_gingivalis/reads/Porphyromonas_gingivalis__diff_k5_rep1_d0.5_R2.fastq.gz	figure_raw_data/sim_single_species/Porphyromonas_gingivalis/truth/Porphyromonas_gingivalis__diff_k5_rep1_d0.5.truth.tsv
single	Porphyromonas_gingivalis__diff_k5_rep1_d1	Porphyromonas_gingivalis	figure_raw_data/sim_single_species/Porphyromonas_gingivalis/reads/Porphyromonas_gingivalis__diff_k5_rep1_d1_R1.fastq.gz	figure_raw_data/sim_single_species/Porphyromonas_gingivalis/reads/Porphyromonas_gingivalis__diff_k5_rep1_d1_R2.fastq.gz	figure_raw_data/sim_single_species/Porphyromonas_gingivalis/truth/Porphyromonas_gingivalis__diff_k5_rep1_d1.truth.tsv
single	Porphyromonas_gingivalis__diff_k5_rep1_d3	Porphyromonas_gingivalis	figure_raw_data/sim_single_species/Porphyromonas_gingivalis/reads/Porphyromonas_gingivalis__diff_k5_rep1_d3_R1.fastq.gz	figure_raw_data/sim_single_species/Porphyromonas_gingivalis/reads/Porphyromonas_gingivalis__diff_k5_rep1_d3_R2.fastq.gz	figure_raw_data/sim_single_species/Porphyromonas_gingivalis/truth/Porphyromonas_gingivalis__diff_k5_rep1_d3.truth.tsv
single	Porphyromonas_gingivalis__diff_k5_rep1_d5	Porphyromonas_gingivalis	figure_raw_data/sim_single_species/Porphyromonas_gingivalis/reads/Porphyromonas_gingivalis__diff_k5_rep1_d5_R1.fastq.gz	figure_raw_data/sim_single_species/Porphyromonas_gingivalis/reads/Porphyromonas_gingivalis__diff_k5_rep1_d5_R2.fastq.gz	figure_raw_data/sim_single_species/Porphyromonas_gingivalis/truth/Porphyromonas_gingivalis__diff_k5_rep1_d5.truth.tsv
single	Porphyromonas_gingivalis__diff_k5_rep1_d10	Porphyromonas_gingivalis	figure_raw_data/sim_single_species/Porphyromonas_gingivalis/reads/Porphyromonas_gingivalis__diff_k5_rep1_d10_R1.fastq.gz	figure_raw_data/sim_single_species/Porphyromonas_gingivalis/reads/Porphyromonas_gingivalis__diff_k5_rep1_d10_R2.fastq.gz	figure_raw_data/sim_single_species/Porphyromonas_gingivalis/truth/Porphyromonas_gingivalis__diff_k5_rep1_d10.truth.tsv
single	Porphyromonas_gingivalis__diff_k5_rep2_d0.5	Porphyromonas_gingivalis	figure_raw_data/sim_single_species/Porphyromonas_gingivalis/reads/Porphyromonas_gingivalis__diff_k5_rep2_d0.5_R1.fastq.gz	figure_raw_data/sim_single_species/Porphyromonas_gingivalis/reads/Porphyromonas_gingivalis__diff_k5_rep2_d0.5_R2.fastq.gz	figure_raw_data/sim_single_species/Porphyromonas_gingivalis/truth/Porphyromonas_gingivalis__diff_k5_rep2_d0.5.truth.tsv
single	Porphyromonas_gingivalis__diff_k5_rep2_d1	Porphyromonas_gingivalis	figure_raw_data/sim_single_species/Porphyromonas_gingivalis/reads/Porphyromonas_gingivalis__diff_k5_rep2_d1_R1.fastq.gz	figure_raw_data/sim_single_species/Porphyromonas_gingivalis/reads/Porphyromonas_gingivalis__diff_k5_rep2_d1_R2.fastq.gz	figure_raw_data/sim_single_species/Porphyromonas_gingivalis/truth/Porphyromonas_gingivalis__diff_k5_rep2_d1.truth.tsv
single	Porphyromonas_gingivalis__diff_k5_rep2_d3	Porphyromonas_gingivalis	figure_raw_data/sim_single_species/Porphyromonas_gingivalis/reads/Porphyromonas_gingivalis__diff_k5_rep2_d3_R1.fastq.gz	figure_raw_data/sim_single_species/Porphyromonas_gingivalis/reads/Porphyromonas_gingivalis__diff_k5_rep2_d3_R2.fastq.gz	figure_raw_data/sim_single_species/Porphyromonas_gingivalis/truth/Porphyromonas_gingivalis__diff_k5_rep2_d3.truth.tsv
single	Porphyromonas_gingivalis__diff_k5_rep2_d5	Porphyromonas_gingivalis	figure_raw_data/sim_single_species/Porphyromonas_gingivalis/reads/Porphyromonas_gingivalis__diff_k5_rep2_d5_R1.fastq.gz	figure_raw_data/sim_single_species/Porphyromonas_gingivalis/reads/Porphyromonas_gingivalis__diff_k5_rep2_d5_R2.fastq.gz	figure_raw_data/sim_single_species/Porphyromonas_gingivalis/truth/Porphyromonas_gingivalis__diff_k5_rep2_d5.truth.tsv
single	Porphyromonas_gingivalis__diff_k5_rep2_d10	Porphyromonas_gingivalis	figure_raw_data/sim_single_species/Porphyromonas_gingivalis/reads/Porphyromonas_gingivalis__diff_k5_rep2_d10_R1.fastq.gz	figure_raw_data/sim_single_species/Porphyromonas_gingivalis/reads/Porphyromonas_gingivalis__diff_k5_rep2_d10_R2.fastq.gz	figure_raw_data/sim_single_species/Porphyromonas_gingivalis/truth/Porphyromonas_gingivalis__diff_k5_rep2_d10.truth.tsv
single	Porphyromonas_gingivalis__diff_k5_rep3_d0.5	Porphyromonas_gingivalis	figure_raw_data/sim_single_species/Porphyromonas_gingivalis/reads/Porphyromonas_gingivalis__diff_k5_rep3_d0.5_R1.fastq.gz	figure_raw_data/sim_single_species/Porphyromonas_gingivalis/reads/Porphyromonas_gingivalis__diff_k5_rep3_d0.5_R2.fastq.gz	figure_raw_data/sim_single_species/Porphyromonas_gingivalis/truth/Porphyromonas_gingivalis__diff_k5_rep3_d0.5.truth.tsv
single	Porphyromonas_gingivalis__diff_k5_rep3_d1	Porphyromonas_gingivalis	figure_raw_data/sim_single_species/Porphyromonas_gingivalis/reads/Porphyromonas_gingivalis__diff_k5_rep3_d1_R1.fastq.gz	figure_raw_data/sim_single_species/Porphyromonas_gingivalis/reads/Porphyromonas_gingivalis__diff_k5_rep3_d1_R2.fastq.gz	figure_raw_data/sim_single_species/Porphyromonas_gingivalis/truth/Porphyromonas_gingivalis__diff_k5_rep3_d1.truth.tsv
single	Porphyromonas_gingivalis__diff_k5_rep3_d3	Porphyromonas_gingivalis	figure_raw_data/sim_single_species/Porphyromonas_gingivalis/reads/Porphyromonas_gingivalis__diff_k5_rep3_d3_R1.fastq.gz	figure_raw_data/sim_single_species/Porphyromonas_gingivalis/reads/Porphyromonas_gingivalis__diff_k5_rep3_d3_R2.fastq.gz	figure_raw_data/sim_single_species/Porphyromonas_gingivalis/truth/Porphyromonas_gingivalis__diff_k5_rep3_d3.truth.tsv
single	Porphyromonas_gingivalis__diff_k5_rep3_d5	Porphyromonas_gingivalis	figure_raw_data/sim_single_species/Porphyromonas_gingivalis/reads/Porphyromonas_gingivalis__diff_k5_rep3_d5_R1.fastq.gz	figure_raw_data/sim_single_species/Porphyromonas_gingivalis/reads/Porphyromonas_gingivalis__diff_k5_rep3_d5_R2.fastq.gz	figure_raw_data/sim_single_species/Porphyromonas_gingivalis/truth/Porphyromonas_gingivalis__diff_k5_rep3_d5.truth.tsv
single	Porphyromonas_gingivalis__diff_k5_rep3_d10	Porphyromonas_gingivalis	figure_raw_data/sim_single_species/Porphyromonas_gingivalis/reads/Porphyromonas_gingivalis__diff_k5_rep3_d10_R1.fastq.gz	figure_raw_data/sim_single_species/Porphyromonas_gingivalis/reads/Porphyromonas_gingivalis__diff_k5_rep3_d10_R2.fastq.gz	figure_raw_data/sim_single_species/Porphyromonas_gingivalis/truth/Porphyromonas_gingivalis__diff_k5_rep3_d10.truth.tsv
single	Porphyromonas_gingivalis__diff_k5_rep4_d0.5	Porphyromonas_gingivalis	figure_raw_data/sim_single_species/Porphyromonas_gingivalis/reads/Porphyromonas_gingivalis__diff_k5_rep4_d0.5_R1.fastq.gz	figure_raw_data/sim_single_species/Porphyromonas_gingivalis/reads/Porphyromonas_gingivalis__diff_k5_rep4_d0.5_R2.fastq.gz	figure_raw_data/sim_single_species/Porphyromonas_gingivalis/truth/Porphyromonas_gingivalis__diff_k5_rep4_d0.5.truth.tsv
single	Porphyromonas_gingivalis__diff_k5_rep4_d1	Porphyromonas_gingivalis	figure_raw_data/sim_single_species/Porphyromonas_gingivalis/reads/Porphyromonas_gingivalis__diff_k5_rep4_d1_R1.fastq.gz	figure_raw_data/sim_single_species/Porphyromonas_gingivalis/reads/Porphyromonas_gingivalis__diff_k5_rep4_d1_R2.fastq.gz	figure_raw_data/sim_single_species/Porphyromonas_gingivalis/truth/Porphyromonas_gingivalis__diff_k5_rep4_d1.truth.tsv
single	Porphyromonas_gingivalis__diff_k5_rep4_d3	Porphyromonas_gingivalis	figure_raw_data/sim_single_species/Porphyromonas_gingivalis/reads/Porphyromonas_gingivalis__diff_k5_rep4_d3_R1.fastq.gz	figure_raw_data/sim_single_species/Porphyromonas_gingivalis/reads/Porphyromonas_gingivalis__diff_k5_rep4_d3_R2.fastq.gz	figure_raw_data/sim_single_species/Porphyromonas_gingivalis/truth/Porphyromonas_gingivalis__diff_k5_rep4_d3.truth.tsv
single	Porphyromonas_gingivalis__diff_k5_rep4_d5	Porphyromonas_gingivalis	figure_raw_data/sim_single_species/Porphyromonas_gingivalis/reads/Porphyromonas_gingivalis__diff_k5_rep4_d5_R1.fastq.gz	figure_raw_data/sim_single_species/Porphyromonas_gingivalis/reads/Porphyromonas_gingivalis__diff_k5_rep4_d5_R2.fastq.gz	figure_raw_data/sim_single_species/Porphyromonas_gingivalis/truth/Porphyromonas_gingivalis__diff_k5_rep4_d5.truth.tsv
single	Porphyromonas_gingivalis__diff_k5_rep4_d10	Porphyromonas_gingivalis	figure_raw_data/sim_single_species/Porphyromonas_gingivalis/reads/Porphyromonas_gingivalis__diff_k5_rep4_d10_R1.fastq.gz	figure_raw_data/sim_single_species/Porphyromonas_gingivalis/reads/Porphyromonas_gingivalis__diff_k5_rep4_d10_R2.fastq.gz	figure_raw_data/sim_single_species/Porphyromonas_gingivalis/truth/Porphyromonas_gingivalis__diff_k5_rep4_d10.truth.tsv
single	Porphyromonas_gingivalis__diff_k5_rep5_d0.5	Porphyromonas_gingivalis	figure_raw_data/sim_single_species/Porphyromonas_gingivalis/reads/Porphyromonas_gingivalis__diff_k5_rep5_d0.5_R1.fastq.gz	figure_raw_data/sim_single_species/Porphyromonas_gingivalis/reads/Porphyromonas_gingivalis__diff_k5_rep5_d0.5_R2.fastq.gz	figure_raw_data/sim_single_species/Porphyromonas_gingivalis/truth/Porphyromonas_gingivalis__diff_k5_rep5_d0.5.truth.tsv
single	Porphyromonas_gingivalis__diff_k5_rep5_d1	Porphyromonas_gingivalis	figure_raw_data/sim_single_species/Porphyromonas_gingivalis/reads/Porphyromonas_gingivalis__diff_k5_rep5_d1_R1.fastq.gz	figure_raw_data/sim_single_species/Porphyromonas_gingivalis/reads/Porphyromonas_gingivalis__diff_k5_rep5_d1_R2.fastq.gz	figure_raw_data/sim_single_species/Porphyromonas_gingivalis/truth/Porphyromonas_gingivalis__diff_k5_rep5_d1.truth.tsv
single	Porphyromonas_gingivalis__diff_k5_rep5_d3	Porphyromonas_gingivalis	figure_raw_data/sim_single_species/Porphyromonas_gingivalis/reads/Porphyromonas_gingivalis__diff_k5_rep5_d3_R1.fastq.gz	figure_raw_data/sim_single_species/Porphyromonas_gingivalis/reads/Porphyromonas_gingivalis__diff_k5_rep5_d3_R2.fastq.gz	figure_raw_data/sim_single_species/Porphyromonas_gingivalis/truth/Porphyromonas_gingivalis__diff_k5_rep5_d3.truth.tsv
single	Porphyromonas_gingivalis__diff_k5_rep5_d5	Porphyromonas_gingivalis	figure_raw_data/sim_single_species/Porphyromonas_gingivalis/reads/Porphyromonas_gingivalis__diff_k5_rep5_d5_R1.fastq.gz	figure_raw_data/sim_single_species/Porphyromonas_gingivalis/reads/Porphyromonas_gingivalis__diff_k5_rep5_d5_R2.fastq.gz	figure_raw_data/sim_single_species/Porphyromonas_gingivalis/truth/Porphyromonas_gingivalis__diff_k5_rep5_d5.truth.tsv
single	Porphyromonas_gingivalis__diff_k5_rep5_d10	Porphyromonas_gingivalis	figure_raw_data/sim_single_species/Porphyromonas_gingivalis/reads/Porphyromonas_gingivalis__diff_k5_rep5_d10_R1.fastq.gz	figure_raw_data/sim_single_species/Porphyromonas_gingivalis/reads/Porphyromonas_gingivalis__diff_k5_rep5_d10_R2.fastq.gz	figure_raw_data/sim_single_species/Porphyromonas_gingivalis/truth/Porphyromonas_gingivalis__diff_k5_rep5_d10.truth.tsv
single	Prevotella_copri__diff_k2_rep1_d0.5	Prevotella_copri	figure_raw_data/sim_single_species/Prevotella_copri/reads/Prevotella_copri__diff_k2_rep1_d0.5_R1.fastq.gz	figure_raw_data/sim_single_species/Prevotella_copri/reads/Prevotella_copri__diff_k2_rep1_d0.5_R2.fastq.gz	figure_raw_data/sim_single_species/Prevotella_copri/truth/Prevotella_copri__diff_k2_rep1_d0.5.truth.tsv
single	Prevotella_copri__diff_k2_rep1_d1	Prevotella_copri	figure_raw_data/sim_single_species/Prevotella_copri/reads/Prevotella_copri__diff_k2_rep1_d1_R1.fastq.gz	figure_raw_data/sim_single_species/Prevotella_copri/reads/Prevotella_copri__diff_k2_rep1_d1_R2.fastq.gz	figure_raw_data/sim_single_species/Prevotella_copri/truth/Prevotella_copri__diff_k2_rep1_d1.truth.tsv
single	Prevotella_copri__diff_k2_rep1_d3	Prevotella_copri	figure_raw_data/sim_single_species/Prevotella_copri/reads/Prevotella_copri__diff_k2_rep1_d3_R1.fastq.gz	figure_raw_data/sim_single_species/Prevotella_copri/reads/Prevotella_copri__diff_k2_rep1_d3_R2.fastq.gz	figure_raw_data/sim_single_species/Prevotella_copri/truth/Prevotella_copri__diff_k2_rep1_d3.truth.tsv
single	Prevotella_copri__diff_k2_rep1_d5	Prevotella_copri	figure_raw_data/sim_single_species/Prevotella_copri/reads/Prevotella_copri__diff_k2_rep1_d5_R1.fastq.gz	figure_raw_data/sim_single_species/Prevotella_copri/reads/Prevotella_copri__diff_k2_rep1_d5_R2.fastq.gz	figure_raw_data/sim_single_species/Prevotella_copri/truth/Prevotella_copri__diff_k2_rep1_d5.truth.tsv
single	Prevotella_copri__diff_k2_rep1_d10	Prevotella_copri	figure_raw_data/sim_single_species/Prevotella_copri/reads/Prevotella_copri__diff_k2_rep1_d10_R1.fastq.gz	figure_raw_data/sim_single_species/Prevotella_copri/reads/Prevotella_copri__diff_k2_rep1_d10_R2.fastq.gz	figure_raw_data/sim_single_species/Prevotella_copri/truth/Prevotella_copri__diff_k2_rep1_d10.truth.tsv
single	Prevotella_copri__diff_k2_rep2_d0.5	Prevotella_copri	figure_raw_data/sim_single_species/Prevotella_copri/reads/Prevotella_copri__diff_k2_rep2_d0.5_R1.fastq.gz	figure_raw_data/sim_single_species/Prevotella_copri/reads/Prevotella_copri__diff_k2_rep2_d0.5_R2.fastq.gz	figure_raw_data/sim_single_species/Prevotella_copri/truth/Prevotella_copri__diff_k2_rep2_d0.5.truth.tsv
single	Prevotella_copri__diff_k2_rep2_d1	Prevotella_copri	figure_raw_data/sim_single_species/Prevotella_copri/reads/Prevotella_copri__diff_k2_rep2_d1_R1.fastq.gz	figure_raw_data/sim_single_species/Prevotella_copri/reads/Prevotella_copri__diff_k2_rep2_d1_R2.fastq.gz	figure_raw_data/sim_single_species/Prevotella_copri/truth/Prevotella_copri__diff_k2_rep2_d1.truth.tsv
single	Prevotella_copri__diff_k2_rep2_d3	Prevotella_copri	figure_raw_data/sim_single_species/Prevotella_copri/reads/Prevotella_copri__diff_k2_rep2_d3_R1.fastq.gz	figure_raw_data/sim_single_species/Prevotella_copri/reads/Prevotella_copri__diff_k2_rep2_d3_R2.fastq.gz	figure_raw_data/sim_single_species/Prevotella_copri/truth/Prevotella_copri__diff_k2_rep2_d3.truth.tsv
single	Prevotella_copri__diff_k2_rep2_d5	Prevotella_copri	figure_raw_data/sim_single_species/Prevotella_copri/reads/Prevotella_copri__diff_k2_rep2_d5_R1.fastq.gz	figure_raw_data/sim_single_species/Prevotella_copri/reads/Prevotella_copri__diff_k2_rep2_d5_R2.fastq.gz	figure_raw_data/sim_single_species/Prevotella_copri/truth/Prevotella_copri__diff_k2_rep2_d5.truth.tsv
single	Prevotella_copri__diff_k2_rep2_d10	Prevotella_copri	figure_raw_data/sim_single_species/Prevotella_copri/reads/Prevotella_copri__diff_k2_rep2_d10_R1.fastq.gz	figure_raw_data/sim_single_species/Prevotella_copri/reads/Prevotella_copri__diff_k2_rep2_d10_R2.fastq.gz	figure_raw_data/sim_single_species/Prevotella_copri/truth/Prevotella_copri__diff_k2_rep2_d10.truth.tsv
single	Prevotella_copri__diff_k2_rep3_d0.5	Prevotella_copri	figure_raw_data/sim_single_species/Prevotella_copri/reads/Prevotella_copri__diff_k2_rep3_d0.5_R1.fastq.gz	figure_raw_data/sim_single_species/Prevotella_copri/reads/Prevotella_copri__diff_k2_rep3_d0.5_R2.fastq.gz	figure_raw_data/sim_single_species/Prevotella_copri/truth/Prevotella_copri__diff_k2_rep3_d0.5.truth.tsv
single	Prevotella_copri__diff_k2_rep3_d1	Prevotella_copri	figure_raw_data/sim_single_species/Prevotella_copri/reads/Prevotella_copri__diff_k2_rep3_d1_R1.fastq.gz	figure_raw_data/sim_single_species/Prevotella_copri/reads/Prevotella_copri__diff_k2_rep3_d1_R2.fastq.gz	figure_raw_data/sim_single_species/Prevotella_copri/truth/Prevotella_copri__diff_k2_rep3_d1.truth.tsv
single	Prevotella_copri__diff_k2_rep3_d3	Prevotella_copri	figure_raw_data/sim_single_species/Prevotella_copri/reads/Prevotella_copri__diff_k2_rep3_d3_R1.fastq.gz	figure_raw_data/sim_single_species/Prevotella_copri/reads/Prevotella_copri__diff_k2_rep3_d3_R2.fastq.gz	figure_raw_data/sim_single_species/Prevotella_copri/truth/Prevotella_copri__diff_k2_rep3_d3.truth.tsv
single	Prevotella_copri__diff_k2_rep3_d5	Prevotella_copri	figure_raw_data/sim_single_species/Prevotella_copri/reads/Prevotella_copri__diff_k2_rep3_d5_R1.fastq.gz	figure_raw_data/sim_single_species/Prevotella_copri/reads/Prevotella_copri__diff_k2_rep3_d5_R2.fastq.gz	figure_raw_data/sim_single_species/Prevotella_copri/truth/Prevotella_copri__diff_k2_rep3_d5.truth.tsv
single	Prevotella_copri__diff_k2_rep3_d10	Prevotella_copri	figure_raw_data/sim_single_species/Prevotella_copri/reads/Prevotella_copri__diff_k2_rep3_d10_R1.fastq.gz	figure_raw_data/sim_single_species/Prevotella_copri/reads/Prevotella_copri__diff_k2_rep3_d10_R2.fastq.gz	figure_raw_data/sim_single_species/Prevotella_copri/truth/Prevotella_copri__diff_k2_rep3_d10.truth.tsv
single	Prevotella_copri__diff_k2_rep4_d0.5	Prevotella_copri	figure_raw_data/sim_single_species/Prevotella_copri/reads/Prevotella_copri__diff_k2_rep4_d0.5_R1.fastq.gz	figure_raw_data/sim_single_species/Prevotella_copri/reads/Prevotella_copri__diff_k2_rep4_d0.5_R2.fastq.gz	figure_raw_data/sim_single_species/Prevotella_copri/truth/Prevotella_copri__diff_k2_rep4_d0.5.truth.tsv
single	Prevotella_copri__diff_k2_rep4_d1	Prevotella_copri	figure_raw_data/sim_single_species/Prevotella_copri/reads/Prevotella_copri__diff_k2_rep4_d1_R1.fastq.gz	figure_raw_data/sim_single_species/Prevotella_copri/reads/Prevotella_copri__diff_k2_rep4_d1_R2.fastq.gz	figure_raw_data/sim_single_species/Prevotella_copri/truth/Prevotella_copri__diff_k2_rep4_d1.truth.tsv
single	Prevotella_copri__diff_k2_rep4_d3	Prevotella_copri	figure_raw_data/sim_single_species/Prevotella_copri/reads/Prevotella_copri__diff_k2_rep4_d3_R1.fastq.gz	figure_raw_data/sim_single_species/Prevotella_copri/reads/Prevotella_copri__diff_k2_rep4_d3_R2.fastq.gz	figure_raw_data/sim_single_species/Prevotella_copri/truth/Prevotella_copri__diff_k2_rep4_d3.truth.tsv
single	Prevotella_copri__diff_k2_rep4_d5	Prevotella_copri	figure_raw_data/sim_single_species/Prevotella_copri/reads/Prevotella_copri__diff_k2_rep4_d5_R1.fastq.gz	figure_raw_data/sim_single_species/Prevotella_copri/reads/Prevotella_copri__diff_k2_rep4_d5_R2.fastq.gz	figure_raw_data/sim_single_species/Prevotella_copri/truth/Prevotella_copri__diff_k2_rep4_d5.truth.tsv
single	Prevotella_copri__diff_k2_rep4_d10	Prevotella_copri	figure_raw_data/sim_single_species/Prevotella_copri/reads/Prevotella_copri__diff_k2_rep4_d10_R1.fastq.gz	figure_raw_data/sim_single_species/Prevotella_copri/reads/Prevotella_copri__diff_k2_rep4_d10_R2.fastq.gz	figure_raw_data/sim_single_species/Prevotella_copri/truth/Prevotella_copri__diff_k2_rep4_d10.truth.tsv
single	Prevotella_copri__diff_k2_rep5_d0.5	Prevotella_copri	figure_raw_data/sim_single_species/Prevotella_copri/reads/Prevotella_copri__diff_k2_rep5_d0.5_R1.fastq.gz	figure_raw_data/sim_single_species/Prevotella_copri/reads/Prevotella_copri__diff_k2_rep5_d0.5_R2.fastq.gz	figure_raw_data/sim_single_species/Prevotella_copri/truth/Prevotella_copri__diff_k2_rep5_d0.5.truth.tsv
single	Prevotella_copri__diff_k2_rep5_d1	Prevotella_copri	figure_raw_data/sim_single_species/Prevotella_copri/reads/Prevotella_copri__diff_k2_rep5_d1_R1.fastq.gz	figure_raw_data/sim_single_species/Prevotella_copri/reads/Prevotella_copri__diff_k2_rep5_d1_R2.fastq.gz	figure_raw_data/sim_single_species/Prevotella_copri/truth/Prevotella_copri__diff_k2_rep5_d1.truth.tsv
single	Prevotella_copri__diff_k2_rep5_d3	Prevotella_copri	figure_raw_data/sim_single_species/Prevotella_copri/reads/Prevotella_copri__diff_k2_rep5_d3_R1.fastq.gz	figure_raw_data/sim_single_species/Prevotella_copri/reads/Prevotella_copri__diff_k2_rep5_d3_R2.fastq.gz	figure_raw_data/sim_single_species/Prevotella_copri/truth/Prevotella_copri__diff_k2_rep5_d3.truth.tsv
single	Prevotella_copri__diff_k2_rep5_d5	Prevotella_copri	figure_raw_data/sim_single_species/Prevotella_copri/reads/Prevotella_copri__diff_k2_rep5_d5_R1.fastq.gz	figure_raw_data/sim_single_species/Prevotella_copri/reads/Prevotella_copri__diff_k2_rep5_d5_R2.fastq.gz	figure_raw_data/sim_single_species/Prevotella_copri/truth/Prevotella_copri__diff_k2_rep5_d5.truth.tsv
single	Prevotella_copri__diff_k2_rep5_d10	Prevotella_copri	figure_raw_data/sim_single_species/Prevotella_copri/reads/Prevotella_copri__diff_k2_rep5_d10_R1.fastq.gz	figure_raw_data/sim_single_species/Prevotella_copri/reads/Prevotella_copri__diff_k2_rep5_d10_R2.fastq.gz	figure_raw_data/sim_single_species/Prevotella_copri/truth/Prevotella_copri__diff_k2_rep5_d10.truth.tsv
single	Prevotella_copri__diff_k3_rep1_d0.5	Prevotella_copri	figure_raw_data/sim_single_species/Prevotella_copri/reads/Prevotella_copri__diff_k3_rep1_d0.5_R1.fastq.gz	figure_raw_data/sim_single_species/Prevotella_copri/reads/Prevotella_copri__diff_k3_rep1_d0.5_R2.fastq.gz	figure_raw_data/sim_single_species/Prevotella_copri/truth/Prevotella_copri__diff_k3_rep1_d0.5.truth.tsv
single	Prevotella_copri__diff_k3_rep1_d1	Prevotella_copri	figure_raw_data/sim_single_species/Prevotella_copri/reads/Prevotella_copri__diff_k3_rep1_d1_R1.fastq.gz	figure_raw_data/sim_single_species/Prevotella_copri/reads/Prevotella_copri__diff_k3_rep1_d1_R2.fastq.gz	figure_raw_data/sim_single_species/Prevotella_copri/truth/Prevotella_copri__diff_k3_rep1_d1.truth.tsv
single	Prevotella_copri__diff_k3_rep1_d3	Prevotella_copri	figure_raw_data/sim_single_species/Prevotella_copri/reads/Prevotella_copri__diff_k3_rep1_d3_R1.fastq.gz	figure_raw_data/sim_single_species/Prevotella_copri/reads/Prevotella_copri__diff_k3_rep1_d3_R2.fastq.gz	figure_raw_data/sim_single_species/Prevotella_copri/truth/Prevotella_copri__diff_k3_rep1_d3.truth.tsv
single	Prevotella_copri__diff_k3_rep1_d5	Prevotella_copri	figure_raw_data/sim_single_species/Prevotella_copri/reads/Prevotella_copri__diff_k3_rep1_d5_R1.fastq.gz	figure_raw_data/sim_single_species/Prevotella_copri/reads/Prevotella_copri__diff_k3_rep1_d5_R2.fastq.gz	figure_raw_data/sim_single_species/Prevotella_copri/truth/Prevotella_copri__diff_k3_rep1_d5.truth.tsv
single	Prevotella_copri__diff_k3_rep1_d10	Prevotella_copri	figure_raw_data/sim_single_species/Prevotella_copri/reads/Prevotella_copri__diff_k3_rep1_d10_R1.fastq.gz	figure_raw_data/sim_single_species/Prevotella_copri/reads/Prevotella_copri__diff_k3_rep1_d10_R2.fastq.gz	figure_raw_data/sim_single_species/Prevotella_copri/truth/Prevotella_copri__diff_k3_rep1_d10.truth.tsv
single	Prevotella_copri__diff_k3_rep2_d0.5	Prevotella_copri	figure_raw_data/sim_single_species/Prevotella_copri/reads/Prevotella_copri__diff_k3_rep2_d0.5_R1.fastq.gz	figure_raw_data/sim_single_species/Prevotella_copri/reads/Prevotella_copri__diff_k3_rep2_d0.5_R2.fastq.gz	figure_raw_data/sim_single_species/Prevotella_copri/truth/Prevotella_copri__diff_k3_rep2_d0.5.truth.tsv
single	Prevotella_copri__diff_k3_rep2_d1	Prevotella_copri	figure_raw_data/sim_single_species/Prevotella_copri/reads/Prevotella_copri__diff_k3_rep2_d1_R1.fastq.gz	figure_raw_data/sim_single_species/Prevotella_copri/reads/Prevotella_copri__diff_k3_rep2_d1_R2.fastq.gz	figure_raw_data/sim_single_species/Prevotella_copri/truth/Prevotella_copri__diff_k3_rep2_d1.truth.tsv
single	Prevotella_copri__diff_k3_rep2_d3	Prevotella_copri	figure_raw_data/sim_single_species/Prevotella_copri/reads/Prevotella_copri__diff_k3_rep2_d3_R1.fastq.gz	figure_raw_data/sim_single_species/Prevotella_copri/reads/Prevotella_copri__diff_k3_rep2_d3_R2.fastq.gz	figure_raw_data/sim_single_species/Prevotella_copri/truth/Prevotella_copri__diff_k3_rep2_d3.truth.tsv
single	Prevotella_copri__diff_k3_rep2_d5	Prevotella_copri	figure_raw_data/sim_single_species/Prevotella_copri/reads/Prevotella_copri__diff_k3_rep2_d5_R1.fastq.gz	figure_raw_data/sim_single_species/Prevotella_copri/reads/Prevotella_copri__diff_k3_rep2_d5_R2.fastq.gz	figure_raw_data/sim_single_species/Prevotella_copri/truth/Prevotella_copri__diff_k3_rep2_d5.truth.tsv
single	Prevotella_copri__diff_k3_rep2_d10	Prevotella_copri	figure_raw_data/sim_single_species/Prevotella_copri/reads/Prevotella_copri__diff_k3_rep2_d10_R1.fastq.gz	figure_raw_data/sim_single_species/Prevotella_copri/reads/Prevotella_copri__diff_k3_rep2_d10_R2.fastq.gz	figure_raw_data/sim_single_species/Prevotella_copri/truth/Prevotella_copri__diff_k3_rep2_d10.truth.tsv
single	Prevotella_copri__diff_k3_rep3_d0.5	Prevotella_copri	figure_raw_data/sim_single_species/Prevotella_copri/reads/Prevotella_copri__diff_k3_rep3_d0.5_R1.fastq.gz	figure_raw_data/sim_single_species/Prevotella_copri/reads/Prevotella_copri__diff_k3_rep3_d0.5_R2.fastq.gz	figure_raw_data/sim_single_species/Prevotella_copri/truth/Prevotella_copri__diff_k3_rep3_d0.5.truth.tsv
single	Prevotella_copri__diff_k3_rep3_d1	Prevotella_copri	figure_raw_data/sim_single_species/Prevotella_copri/reads/Prevotella_copri__diff_k3_rep3_d1_R1.fastq.gz	figure_raw_data/sim_single_species/Prevotella_copri/reads/Prevotella_copri__diff_k3_rep3_d1_R2.fastq.gz	figure_raw_data/sim_single_species/Prevotella_copri/truth/Prevotella_copri__diff_k3_rep3_d1.truth.tsv
single	Prevotella_copri__diff_k3_rep3_d3	Prevotella_copri	figure_raw_data/sim_single_species/Prevotella_copri/reads/Prevotella_copri__diff_k3_rep3_d3_R1.fastq.gz	figure_raw_data/sim_single_species/Prevotella_copri/reads/Prevotella_copri__diff_k3_rep3_d3_R2.fastq.gz	figure_raw_data/sim_single_species/Prevotella_copri/truth/Prevotella_copri__diff_k3_rep3_d3.truth.tsv
single	Prevotella_copri__diff_k3_rep3_d5	Prevotella_copri	figure_raw_data/sim_single_species/Prevotella_copri/reads/Prevotella_copri__diff_k3_rep3_d5_R1.fastq.gz	figure_raw_data/sim_single_species/Prevotella_copri/reads/Prevotella_copri__diff_k3_rep3_d5_R2.fastq.gz	figure_raw_data/sim_single_species/Prevotella_copri/truth/Prevotella_copri__diff_k3_rep3_d5.truth.tsv
single	Prevotella_copri__diff_k3_rep3_d10	Prevotella_copri	figure_raw_data/sim_single_species/Prevotella_copri/reads/Prevotella_copri__diff_k3_rep3_d10_R1.fastq.gz	figure_raw_data/sim_single_species/Prevotella_copri/reads/Prevotella_copri__diff_k3_rep3_d10_R2.fastq.gz	figure_raw_data/sim_single_species/Prevotella_copri/truth/Prevotella_copri__diff_k3_rep3_d10.truth.tsv
single	Prevotella_copri__diff_k3_rep4_d0.5	Prevotella_copri	figure_raw_data/sim_single_species/Prevotella_copri/reads/Prevotella_copri__diff_k3_rep4_d0.5_R1.fastq.gz	figure_raw_data/sim_single_species/Prevotella_copri/reads/Prevotella_copri__diff_k3_rep4_d0.5_R2.fastq.gz	figure_raw_data/sim_single_species/Prevotella_copri/truth/Prevotella_copri__diff_k3_rep4_d0.5.truth.tsv
single	Prevotella_copri__diff_k3_rep4_d1	Prevotella_copri	figure_raw_data/sim_single_species/Prevotella_copri/reads/Prevotella_copri__diff_k3_rep4_d1_R1.fastq.gz	figure_raw_data/sim_single_species/Prevotella_copri/reads/Prevotella_copri__diff_k3_rep4_d1_R2.fastq.gz	figure_raw_data/sim_single_species/Prevotella_copri/truth/Prevotella_copri__diff_k3_rep4_d1.truth.tsv
single	Prevotella_copri__diff_k3_rep4_d3	Prevotella_copri	figure_raw_data/sim_single_species/Prevotella_copri/reads/Prevotella_copri__diff_k3_rep4_d3_R1.fastq.gz	figure_raw_data/sim_single_species/Prevotella_copri/reads/Prevotella_copri__diff_k3_rep4_d3_R2.fastq.gz	figure_raw_data/sim_single_species/Prevotella_copri/truth/Prevotella_copri__diff_k3_rep4_d3.truth.tsv
single	Prevotella_copri__diff_k3_rep4_d5	Prevotella_copri	figure_raw_data/sim_single_species/Prevotella_copri/reads/Prevotella_copri__diff_k3_rep4_d5_R1.fastq.gz	figure_raw_data/sim_single_species/Prevotella_copri/reads/Prevotella_copri__diff_k3_rep4_d5_R2.fastq.gz	figure_raw_data/sim_single_species/Prevotella_copri/truth/Prevotella_copri__diff_k3_rep4_d5.truth.tsv
single	Prevotella_copri__diff_k3_rep4_d10	Prevotella_copri	figure_raw_data/sim_single_species/Prevotella_copri/reads/Prevotella_copri__diff_k3_rep4_d10_R1.fastq.gz	figure_raw_data/sim_single_species/Prevotella_copri/reads/Prevotella_copri__diff_k3_rep4_d10_R2.fastq.gz	figure_raw_data/sim_single_species/Prevotella_copri/truth/Prevotella_copri__diff_k3_rep4_d10.truth.tsv
single	Prevotella_copri__diff_k3_rep5_d0.5	Prevotella_copri	figure_raw_data/sim_single_species/Prevotella_copri/reads/Prevotella_copri__diff_k3_rep5_d0.5_R1.fastq.gz	figure_raw_data/sim_single_species/Prevotella_copri/reads/Prevotella_copri__diff_k3_rep5_d0.5_R2.fastq.gz	figure_raw_data/sim_single_species/Prevotella_copri/truth/Prevotella_copri__diff_k3_rep5_d0.5.truth.tsv
single	Prevotella_copri__diff_k3_rep5_d1	Prevotella_copri	figure_raw_data/sim_single_species/Prevotella_copri/reads/Prevotella_copri__diff_k3_rep5_d1_R1.fastq.gz	figure_raw_data/sim_single_species/Prevotella_copri/reads/Prevotella_copri__diff_k3_rep5_d1_R2.fastq.gz	figure_raw_data/sim_single_species/Prevotella_copri/truth/Prevotella_copri__diff_k3_rep5_d1.truth.tsv
single	Prevotella_copri__diff_k3_rep5_d3	Prevotella_copri	figure_raw_data/sim_single_species/Prevotella_copri/reads/Prevotella_copri__diff_k3_rep5_d3_R1.fastq.gz	figure_raw_data/sim_single_species/Prevotella_copri/reads/Prevotella_copri__diff_k3_rep5_d3_R2.fastq.gz	figure_raw_data/sim_single_species/Prevotella_copri/truth/Prevotella_copri__diff_k3_rep5_d3.truth.tsv
single	Prevotella_copri__diff_k3_rep5_d5	Prevotella_copri	figure_raw_data/sim_single_species/Prevotella_copri/reads/Prevotella_copri__diff_k3_rep5_d5_R1.fastq.gz	figure_raw_data/sim_single_species/Prevotella_copri/reads/Prevotella_copri__diff_k3_rep5_d5_R2.fastq.gz	figure_raw_data/sim_single_species/Prevotella_copri/truth/Prevotella_copri__diff_k3_rep5_d5.truth.tsv
single	Prevotella_copri__diff_k3_rep5_d10	Prevotella_copri	figure_raw_data/sim_single_species/Prevotella_copri/reads/Prevotella_copri__diff_k3_rep5_d10_R1.fastq.gz	figure_raw_data/sim_single_species/Prevotella_copri/reads/Prevotella_copri__diff_k3_rep5_d10_R2.fastq.gz	figure_raw_data/sim_single_species/Prevotella_copri/truth/Prevotella_copri__diff_k3_rep5_d10.truth.tsv
single	Prevotella_copri__diff_k5_rep1_d0.5	Prevotella_copri	figure_raw_data/sim_single_species/Prevotella_copri/reads/Prevotella_copri__diff_k5_rep1_d0.5_R1.fastq.gz	figure_raw_data/sim_single_species/Prevotella_copri/reads/Prevotella_copri__diff_k5_rep1_d0.5_R2.fastq.gz	figure_raw_data/sim_single_species/Prevotella_copri/truth/Prevotella_copri__diff_k5_rep1_d0.5.truth.tsv
single	Prevotella_copri__diff_k5_rep1_d1	Prevotella_copri	figure_raw_data/sim_single_species/Prevotella_copri/reads/Prevotella_copri__diff_k5_rep1_d1_R1.fastq.gz	figure_raw_data/sim_single_species/Prevotella_copri/reads/Prevotella_copri__diff_k5_rep1_d1_R2.fastq.gz	figure_raw_data/sim_single_species/Prevotella_copri/truth/Prevotella_copri__diff_k5_rep1_d1.truth.tsv
single	Prevotella_copri__diff_k5_rep1_d3	Prevotella_copri	figure_raw_data/sim_single_species/Prevotella_copri/reads/Prevotella_copri__diff_k5_rep1_d3_R1.fastq.gz	figure_raw_data/sim_single_species/Prevotella_copri/reads/Prevotella_copri__diff_k5_rep1_d3_R2.fastq.gz	figure_raw_data/sim_single_species/Prevotella_copri/truth/Prevotella_copri__diff_k5_rep1_d3.truth.tsv
single	Prevotella_copri__diff_k5_rep1_d5	Prevotella_copri	figure_raw_data/sim_single_species/Prevotella_copri/reads/Prevotella_copri__diff_k5_rep1_d5_R1.fastq.gz	figure_raw_data/sim_single_species/Prevotella_copri/reads/Prevotella_copri__diff_k5_rep1_d5_R2.fastq.gz	figure_raw_data/sim_single_species/Prevotella_copri/truth/Prevotella_copri__diff_k5_rep1_d5.truth.tsv
single	Prevotella_copri__diff_k5_rep1_d10	Prevotella_copri	figure_raw_data/sim_single_species/Prevotella_copri/reads/Prevotella_copri__diff_k5_rep1_d10_R1.fastq.gz	figure_raw_data/sim_single_species/Prevotella_copri/reads/Prevotella_copri__diff_k5_rep1_d10_R2.fastq.gz	figure_raw_data/sim_single_species/Prevotella_copri/truth/Prevotella_copri__diff_k5_rep1_d10.truth.tsv
single	Prevotella_copri__diff_k5_rep2_d0.5	Prevotella_copri	figure_raw_data/sim_single_species/Prevotella_copri/reads/Prevotella_copri__diff_k5_rep2_d0.5_R1.fastq.gz	figure_raw_data/sim_single_species/Prevotella_copri/reads/Prevotella_copri__diff_k5_rep2_d0.5_R2.fastq.gz	figure_raw_data/sim_single_species/Prevotella_copri/truth/Prevotella_copri__diff_k5_rep2_d0.5.truth.tsv
single	Prevotella_copri__diff_k5_rep2_d1	Prevotella_copri	figure_raw_data/sim_single_species/Prevotella_copri/reads/Prevotella_copri__diff_k5_rep2_d1_R1.fastq.gz	figure_raw_data/sim_single_species/Prevotella_copri/reads/Prevotella_copri__diff_k5_rep2_d1_R2.fastq.gz	figure_raw_data/sim_single_species/Prevotella_copri/truth/Prevotella_copri__diff_k5_rep2_d1.truth.tsv
single	Prevotella_copri__diff_k5_rep2_d3	Prevotella_copri	figure_raw_data/sim_single_species/Prevotella_copri/reads/Prevotella_copri__diff_k5_rep2_d3_R1.fastq.gz	figure_raw_data/sim_single_species/Prevotella_copri/reads/Prevotella_copri__diff_k5_rep2_d3_R2.fastq.gz	figure_raw_data/sim_single_species/Prevotella_copri/truth/Prevotella_copri__diff_k5_rep2_d3.truth.tsv
single	Prevotella_copri__diff_k5_rep2_d5	Prevotella_copri	figure_raw_data/sim_single_species/Prevotella_copri/reads/Prevotella_copri__diff_k5_rep2_d5_R1.fastq.gz	figure_raw_data/sim_single_species/Prevotella_copri/reads/Prevotella_copri__diff_k5_rep2_d5_R2.fastq.gz	figure_raw_data/sim_single_species/Prevotella_copri/truth/Prevotella_copri__diff_k5_rep2_d5.truth.tsv
single	Prevotella_copri__diff_k5_rep2_d10	Prevotella_copri	figure_raw_data/sim_single_species/Prevotella_copri/reads/Prevotella_copri__diff_k5_rep2_d10_R1.fastq.gz	figure_raw_data/sim_single_species/Prevotella_copri/reads/Prevotella_copri__diff_k5_rep2_d10_R2.fastq.gz	figure_raw_data/sim_single_species/Prevotella_copri/truth/Prevotella_copri__diff_k5_rep2_d10.truth.tsv
single	Prevotella_copri__diff_k5_rep3_d0.5	Prevotella_copri	figure_raw_data/sim_single_species/Prevotella_copri/reads/Prevotella_copri__diff_k5_rep3_d0.5_R1.fastq.gz	figure_raw_data/sim_single_species/Prevotella_copri/reads/Prevotella_copri__diff_k5_rep3_d0.5_R2.fastq.gz	figure_raw_data/sim_single_species/Prevotella_copri/truth/Prevotella_copri__diff_k5_rep3_d0.5.truth.tsv
single	Prevotella_copri__diff_k5_rep3_d1	Prevotella_copri	figure_raw_data/sim_single_species/Prevotella_copri/reads/Prevotella_copri__diff_k5_rep3_d1_R1.fastq.gz	figure_raw_data/sim_single_species/Prevotella_copri/reads/Prevotella_copri__diff_k5_rep3_d1_R2.fastq.gz	figure_raw_data/sim_single_species/Prevotella_copri/truth/Prevotella_copri__diff_k5_rep3_d1.truth.tsv
single	Prevotella_copri__diff_k5_rep3_d3	Prevotella_copri	figure_raw_data/sim_single_species/Prevotella_copri/reads/Prevotella_copri__diff_k5_rep3_d3_R1.fastq.gz	figure_raw_data/sim_single_species/Prevotella_copri/reads/Prevotella_copri__diff_k5_rep3_d3_R2.fastq.gz	figure_raw_data/sim_single_species/Prevotella_copri/truth/Prevotella_copri__diff_k5_rep3_d3.truth.tsv
single	Prevotella_copri__diff_k5_rep3_d5	Prevotella_copri	figure_raw_data/sim_single_species/Prevotella_copri/reads/Prevotella_copri__diff_k5_rep3_d5_R1.fastq.gz	figure_raw_data/sim_single_species/Prevotella_copri/reads/Prevotella_copri__diff_k5_rep3_d5_R2.fastq.gz	figure_raw_data/sim_single_species/Prevotella_copri/truth/Prevotella_copri__diff_k5_rep3_d5.truth.tsv
single	Prevotella_copri__diff_k5_rep3_d10	Prevotella_copri	figure_raw_data/sim_single_species/Prevotella_copri/reads/Prevotella_copri__diff_k5_rep3_d10_R1.fastq.gz	figure_raw_data/sim_single_species/Prevotella_copri/reads/Prevotella_copri__diff_k5_rep3_d10_R2.fastq.gz	figure_raw_data/sim_single_species/Prevotella_copri/truth/Prevotella_copri__diff_k5_rep3_d10.truth.tsv
single	Prevotella_copri__diff_k5_rep4_d0.5	Prevotella_copri	figure_raw_data/sim_single_species/Prevotella_copri/reads/Prevotella_copri__diff_k5_rep4_d0.5_R1.fastq.gz	figure_raw_data/sim_single_species/Prevotella_copri/reads/Prevotella_copri__diff_k5_rep4_d0.5_R2.fastq.gz	figure_raw_data/sim_single_species/Prevotella_copri/truth/Prevotella_copri__diff_k5_rep4_d0.5.truth.tsv
single	Prevotella_copri__diff_k5_rep4_d1	Prevotella_copri	figure_raw_data/sim_single_species/Prevotella_copri/reads/Prevotella_copri__diff_k5_rep4_d1_R1.fastq.gz	figure_raw_data/sim_single_species/Prevotella_copri/reads/Prevotella_copri__diff_k5_rep4_d1_R2.fastq.gz	figure_raw_data/sim_single_species/Prevotella_copri/truth/Prevotella_copri__diff_k5_rep4_d1.truth.tsv
single	Prevotella_copri__diff_k5_rep4_d3	Prevotella_copri	figure_raw_data/sim_single_species/Prevotella_copri/reads/Prevotella_copri__diff_k5_rep4_d3_R1.fastq.gz	figure_raw_data/sim_single_species/Prevotella_copri/reads/Prevotella_copri__diff_k5_rep4_d3_R2.fastq.gz	figure_raw_data/sim_single_species/Prevotella_copri/truth/Prevotella_copri__diff_k5_rep4_d3.truth.tsv
single	Prevotella_copri__diff_k5_rep4_d5	Prevotella_copri	figure_raw_data/sim_single_species/Prevotella_copri/reads/Prevotella_copri__diff_k5_rep4_d5_R1.fastq.gz	figure_raw_data/sim_single_species/Prevotella_copri/reads/Prevotella_copri__diff_k5_rep4_d5_R2.fastq.gz	figure_raw_data/sim_single_species/Prevotella_copri/truth/Prevotella_copri__diff_k5_rep4_d5.truth.tsv
single	Prevotella_copri__diff_k5_rep4_d10	Prevotella_copri	figure_raw_data/sim_single_species/Prevotella_copri/reads/Prevotella_copri__diff_k5_rep4_d10_R1.fastq.gz	figure_raw_data/sim_single_species/Prevotella_copri/reads/Prevotella_copri__diff_k5_rep4_d10_R2.fastq.gz	figure_raw_data/sim_single_species/Prevotella_copri/truth/Prevotella_copri__diff_k5_rep4_d10.truth.tsv
single	Prevotella_copri__diff_k5_rep5_d0.5	Prevotella_copri	figure_raw_data/sim_single_species/Prevotella_copri/reads/Prevotella_copri__diff_k5_rep5_d0.5_R1.fastq.gz	figure_raw_data/sim_single_species/Prevotella_copri/reads/Prevotella_copri__diff_k5_rep5_d0.5_R2.fastq.gz	figure_raw_data/sim_single_species/Prevotella_copri/truth/Prevotella_copri__diff_k5_rep5_d0.5.truth.tsv
single	Prevotella_copri__diff_k5_rep5_d1	Prevotella_copri	figure_raw_data/sim_single_species/Prevotella_copri/reads/Prevotella_copri__diff_k5_rep5_d1_R1.fastq.gz	figure_raw_data/sim_single_species/Prevotella_copri/reads/Prevotella_copri__diff_k5_rep5_d1_R2.fastq.gz	figure_raw_data/sim_single_species/Prevotella_copri/truth/Prevotella_copri__diff_k5_rep5_d1.truth.tsv
single	Prevotella_copri__diff_k5_rep5_d3	Prevotella_copri	figure_raw_data/sim_single_species/Prevotella_copri/reads/Prevotella_copri__diff_k5_rep5_d3_R1.fastq.gz	figure_raw_data/sim_single_species/Prevotella_copri/reads/Prevotella_copri__diff_k5_rep5_d3_R2.fastq.gz	figure_raw_data/sim_single_species/Prevotella_copri/truth/Prevotella_copri__diff_k5_rep5_d3.truth.tsv
single	Prevotella_copri__diff_k5_rep5_d5	Prevotella_copri	figure_raw_data/sim_single_species/Prevotella_copri/reads/Prevotella_copri__diff_k5_rep5_d5_R1.fastq.gz	figure_raw_data/sim_single_species/Prevotella_copri/reads/Prevotella_copri__diff_k5_rep5_d5_R2.fastq.gz	figure_raw_data/sim_single_species/Prevotella_copri/truth/Prevotella_copri__diff_k5_rep5_d5.truth.tsv
single	Prevotella_copri__diff_k5_rep5_d10	Prevotella_copri	figure_raw_data/sim_single_species/Prevotella_copri/reads/Prevotella_copri__diff_k5_rep5_d10_R1.fastq.gz	figure_raw_data/sim_single_species/Prevotella_copri/reads/Prevotella_copri__diff_k5_rep5_d10_R2.fastq.gz	figure_raw_data/sim_single_species/Prevotella_copri/truth/Prevotella_copri__diff_k5_rep5_d10.truth.tsv
single	Salmonella_enterica__diff_k2_rep1_d0.5	Salmonella_enterica	figure_raw_data/sim_single_species/Salmonella_enterica/reads/Salmonella_enterica__diff_k2_rep1_d0.5_R1.fastq.gz	figure_raw_data/sim_single_species/Salmonella_enterica/reads/Salmonella_enterica__diff_k2_rep1_d0.5_R2.fastq.gz	figure_raw_data/sim_single_species/Salmonella_enterica/truth/Salmonella_enterica__diff_k2_rep1_d0.5.truth.tsv
single	Salmonella_enterica__diff_k2_rep1_d1	Salmonella_enterica	figure_raw_data/sim_single_species/Salmonella_enterica/reads/Salmonella_enterica__diff_k2_rep1_d1_R1.fastq.gz	figure_raw_data/sim_single_species/Salmonella_enterica/reads/Salmonella_enterica__diff_k2_rep1_d1_R2.fastq.gz	figure_raw_data/sim_single_species/Salmonella_enterica/truth/Salmonella_enterica__diff_k2_rep1_d1.truth.tsv
single	Salmonella_enterica__diff_k2_rep1_d3	Salmonella_enterica	figure_raw_data/sim_single_species/Salmonella_enterica/reads/Salmonella_enterica__diff_k2_rep1_d3_R1.fastq.gz	figure_raw_data/sim_single_species/Salmonella_enterica/reads/Salmonella_enterica__diff_k2_rep1_d3_R2.fastq.gz	figure_raw_data/sim_single_species/Salmonella_enterica/truth/Salmonella_enterica__diff_k2_rep1_d3.truth.tsv
single	Salmonella_enterica__diff_k2_rep1_d5	Salmonella_enterica	figure_raw_data/sim_single_species/Salmonella_enterica/reads/Salmonella_enterica__diff_k2_rep1_d5_R1.fastq.gz	figure_raw_data/sim_single_species/Salmonella_enterica/reads/Salmonella_enterica__diff_k2_rep1_d5_R2.fastq.gz	figure_raw_data/sim_single_species/Salmonella_enterica/truth/Salmonella_enterica__diff_k2_rep1_d5.truth.tsv
single	Salmonella_enterica__diff_k2_rep1_d10	Salmonella_enterica	figure_raw_data/sim_single_species/Salmonella_enterica/reads/Salmonella_enterica__diff_k2_rep1_d10_R1.fastq.gz	figure_raw_data/sim_single_species/Salmonella_enterica/reads/Salmonella_enterica__diff_k2_rep1_d10_R2.fastq.gz	figure_raw_data/sim_single_species/Salmonella_enterica/truth/Salmonella_enterica__diff_k2_rep1_d10.truth.tsv
single	Salmonella_enterica__diff_k2_rep2_d0.5	Salmonella_enterica	figure_raw_data/sim_single_species/Salmonella_enterica/reads/Salmonella_enterica__diff_k2_rep2_d0.5_R1.fastq.gz	figure_raw_data/sim_single_species/Salmonella_enterica/reads/Salmonella_enterica__diff_k2_rep2_d0.5_R2.fastq.gz	figure_raw_data/sim_single_species/Salmonella_enterica/truth/Salmonella_enterica__diff_k2_rep2_d0.5.truth.tsv
single	Salmonella_enterica__diff_k2_rep2_d1	Salmonella_enterica	figure_raw_data/sim_single_species/Salmonella_enterica/reads/Salmonella_enterica__diff_k2_rep2_d1_R1.fastq.gz	figure_raw_data/sim_single_species/Salmonella_enterica/reads/Salmonella_enterica__diff_k2_rep2_d1_R2.fastq.gz	figure_raw_data/sim_single_species/Salmonella_enterica/truth/Salmonella_enterica__diff_k2_rep2_d1.truth.tsv
single	Salmonella_enterica__diff_k2_rep2_d3	Salmonella_enterica	figure_raw_data/sim_single_species/Salmonella_enterica/reads/Salmonella_enterica__diff_k2_rep2_d3_R1.fastq.gz	figure_raw_data/sim_single_species/Salmonella_enterica/reads/Salmonella_enterica__diff_k2_rep2_d3_R2.fastq.gz	figure_raw_data/sim_single_species/Salmonella_enterica/truth/Salmonella_enterica__diff_k2_rep2_d3.truth.tsv
single	Salmonella_enterica__diff_k2_rep2_d5	Salmonella_enterica	figure_raw_data/sim_single_species/Salmonella_enterica/reads/Salmonella_enterica__diff_k2_rep2_d5_R1.fastq.gz	figure_raw_data/sim_single_species/Salmonella_enterica/reads/Salmonella_enterica__diff_k2_rep2_d5_R2.fastq.gz	figure_raw_data/sim_single_species/Salmonella_enterica/truth/Salmonella_enterica__diff_k2_rep2_d5.truth.tsv
single	Salmonella_enterica__diff_k2_rep2_d10	Salmonella_enterica	figure_raw_data/sim_single_species/Salmonella_enterica/reads/Salmonella_enterica__diff_k2_rep2_d10_R1.fastq.gz	figure_raw_data/sim_single_species/Salmonella_enterica/reads/Salmonella_enterica__diff_k2_rep2_d10_R2.fastq.gz	figure_raw_data/sim_single_species/Salmonella_enterica/truth/Salmonella_enterica__diff_k2_rep2_d10.truth.tsv
single	Salmonella_enterica__diff_k2_rep3_d0.5	Salmonella_enterica	figure_raw_data/sim_single_species/Salmonella_enterica/reads/Salmonella_enterica__diff_k2_rep3_d0.5_R1.fastq.gz	figure_raw_data/sim_single_species/Salmonella_enterica/reads/Salmonella_enterica__diff_k2_rep3_d0.5_R2.fastq.gz	figure_raw_data/sim_single_species/Salmonella_enterica/truth/Salmonella_enterica__diff_k2_rep3_d0.5.truth.tsv
single	Salmonella_enterica__diff_k2_rep3_d1	Salmonella_enterica	figure_raw_data/sim_single_species/Salmonella_enterica/reads/Salmonella_enterica__diff_k2_rep3_d1_R1.fastq.gz	figure_raw_data/sim_single_species/Salmonella_enterica/reads/Salmonella_enterica__diff_k2_rep3_d1_R2.fastq.gz	figure_raw_data/sim_single_species/Salmonella_enterica/truth/Salmonella_enterica__diff_k2_rep3_d1.truth.tsv
single	Salmonella_enterica__diff_k2_rep3_d3	Salmonella_enterica	figure_raw_data/sim_single_species/Salmonella_enterica/reads/Salmonella_enterica__diff_k2_rep3_d3_R1.fastq.gz	figure_raw_data/sim_single_species/Salmonella_enterica/reads/Salmonella_enterica__diff_k2_rep3_d3_R2.fastq.gz	figure_raw_data/sim_single_species/Salmonella_enterica/truth/Salmonella_enterica__diff_k2_rep3_d3.truth.tsv
single	Salmonella_enterica__diff_k2_rep3_d5	Salmonella_enterica	figure_raw_data/sim_single_species/Salmonella_enterica/reads/Salmonella_enterica__diff_k2_rep3_d5_R1.fastq.gz	figure_raw_data/sim_single_species/Salmonella_enterica/reads/Salmonella_enterica__diff_k2_rep3_d5_R2.fastq.gz	figure_raw_data/sim_single_species/Salmonella_enterica/truth/Salmonella_enterica__diff_k2_rep3_d5.truth.tsv
single	Salmonella_enterica__diff_k2_rep3_d10	Salmonella_enterica	figure_raw_data/sim_single_species/Salmonella_enterica/reads/Salmonella_enterica__diff_k2_rep3_d10_R1.fastq.gz	figure_raw_data/sim_single_species/Salmonella_enterica/reads/Salmonella_enterica__diff_k2_rep3_d10_R2.fastq.gz	figure_raw_data/sim_single_species/Salmonella_enterica/truth/Salmonella_enterica__diff_k2_rep3_d10.truth.tsv
single	Salmonella_enterica__diff_k2_rep4_d0.5	Salmonella_enterica	figure_raw_data/sim_single_species/Salmonella_enterica/reads/Salmonella_enterica__diff_k2_rep4_d0.5_R1.fastq.gz	figure_raw_data/sim_single_species/Salmonella_enterica/reads/Salmonella_enterica__diff_k2_rep4_d0.5_R2.fastq.gz	figure_raw_data/sim_single_species/Salmonella_enterica/truth/Salmonella_enterica__diff_k2_rep4_d0.5.truth.tsv
single	Salmonella_enterica__diff_k2_rep4_d1	Salmonella_enterica	figure_raw_data/sim_single_species/Salmonella_enterica/reads/Salmonella_enterica__diff_k2_rep4_d1_R1.fastq.gz	figure_raw_data/sim_single_species/Salmonella_enterica/reads/Salmonella_enterica__diff_k2_rep4_d1_R2.fastq.gz	figure_raw_data/sim_single_species/Salmonella_enterica/truth/Salmonella_enterica__diff_k2_rep4_d1.truth.tsv
single	Salmonella_enterica__diff_k2_rep4_d3	Salmonella_enterica	figure_raw_data/sim_single_species/Salmonella_enterica/reads/Salmonella_enterica__diff_k2_rep4_d3_R1.fastq.gz	figure_raw_data/sim_single_species/Salmonella_enterica/reads/Salmonella_enterica__diff_k2_rep4_d3_R2.fastq.gz	figure_raw_data/sim_single_species/Salmonella_enterica/truth/Salmonella_enterica__diff_k2_rep4_d3.truth.tsv
single	Salmonella_enterica__diff_k2_rep4_d5	Salmonella_enterica	figure_raw_data/sim_single_species/Salmonella_enterica/reads/Salmonella_enterica__diff_k2_rep4_d5_R1.fastq.gz	figure_raw_data/sim_single_species/Salmonella_enterica/reads/Salmonella_enterica__diff_k2_rep4_d5_R2.fastq.gz	figure_raw_data/sim_single_species/Salmonella_enterica/truth/Salmonella_enterica__diff_k2_rep4_d5.truth.tsv
single	Salmonella_enterica__diff_k2_rep4_d10	Salmonella_enterica	figure_raw_data/sim_single_species/Salmonella_enterica/reads/Salmonella_enterica__diff_k2_rep4_d10_R1.fastq.gz	figure_raw_data/sim_single_species/Salmonella_enterica/reads/Salmonella_enterica__diff_k2_rep4_d10_R2.fastq.gz	figure_raw_data/sim_single_species/Salmonella_enterica/truth/Salmonella_enterica__diff_k2_rep4_d10.truth.tsv
single	Salmonella_enterica__diff_k2_rep5_d0.5	Salmonella_enterica	figure_raw_data/sim_single_species/Salmonella_enterica/reads/Salmonella_enterica__diff_k2_rep5_d0.5_R1.fastq.gz	figure_raw_data/sim_single_species/Salmonella_enterica/reads/Salmonella_enterica__diff_k2_rep5_d0.5_R2.fastq.gz	figure_raw_data/sim_single_species/Salmonella_enterica/truth/Salmonella_enterica__diff_k2_rep5_d0.5.truth.tsv
single	Salmonella_enterica__diff_k2_rep5_d1	Salmonella_enterica	figure_raw_data/sim_single_species/Salmonella_enterica/reads/Salmonella_enterica__diff_k2_rep5_d1_R1.fastq.gz	figure_raw_data/sim_single_species/Salmonella_enterica/reads/Salmonella_enterica__diff_k2_rep5_d1_R2.fastq.gz	figure_raw_data/sim_single_species/Salmonella_enterica/truth/Salmonella_enterica__diff_k2_rep5_d1.truth.tsv
single	Salmonella_enterica__diff_k2_rep5_d3	Salmonella_enterica	figure_raw_data/sim_single_species/Salmonella_enterica/reads/Salmonella_enterica__diff_k2_rep5_d3_R1.fastq.gz	figure_raw_data/sim_single_species/Salmonella_enterica/reads/Salmonella_enterica__diff_k2_rep5_d3_R2.fastq.gz	figure_raw_data/sim_single_species/Salmonella_enterica/truth/Salmonella_enterica__diff_k2_rep5_d3.truth.tsv
single	Salmonella_enterica__diff_k2_rep5_d5	Salmonella_enterica	figure_raw_data/sim_single_species/Salmonella_enterica/reads/Salmonella_enterica__diff_k2_rep5_d5_R1.fastq.gz	figure_raw_data/sim_single_species/Salmonella_enterica/reads/Salmonella_enterica__diff_k2_rep5_d5_R2.fastq.gz	figure_raw_data/sim_single_species/Salmonella_enterica/truth/Salmonella_enterica__diff_k2_rep5_d5.truth.tsv
single	Salmonella_enterica__diff_k2_rep5_d10	Salmonella_enterica	figure_raw_data/sim_single_species/Salmonella_enterica/reads/Salmonella_enterica__diff_k2_rep5_d10_R1.fastq.gz	figure_raw_data/sim_single_species/Salmonella_enterica/reads/Salmonella_enterica__diff_k2_rep5_d10_R2.fastq.gz	figure_raw_data/sim_single_species/Salmonella_enterica/truth/Salmonella_enterica__diff_k2_rep5_d10.truth.tsv
single	Salmonella_enterica__diff_k3_rep1_d0.5	Salmonella_enterica	figure_raw_data/sim_single_species/Salmonella_enterica/reads/Salmonella_enterica__diff_k3_rep1_d0.5_R1.fastq.gz	figure_raw_data/sim_single_species/Salmonella_enterica/reads/Salmonella_enterica__diff_k3_rep1_d0.5_R2.fastq.gz	figure_raw_data/sim_single_species/Salmonella_enterica/truth/Salmonella_enterica__diff_k3_rep1_d0.5.truth.tsv
single	Salmonella_enterica__diff_k3_rep1_d1	Salmonella_enterica	figure_raw_data/sim_single_species/Salmonella_enterica/reads/Salmonella_enterica__diff_k3_rep1_d1_R1.fastq.gz	figure_raw_data/sim_single_species/Salmonella_enterica/reads/Salmonella_enterica__diff_k3_rep1_d1_R2.fastq.gz	figure_raw_data/sim_single_species/Salmonella_enterica/truth/Salmonella_enterica__diff_k3_rep1_d1.truth.tsv
single	Salmonella_enterica__diff_k3_rep1_d3	Salmonella_enterica	figure_raw_data/sim_single_species/Salmonella_enterica/reads/Salmonella_enterica__diff_k3_rep1_d3_R1.fastq.gz	figure_raw_data/sim_single_species/Salmonella_enterica/reads/Salmonella_enterica__diff_k3_rep1_d3_R2.fastq.gz	figure_raw_data/sim_single_species/Salmonella_enterica/truth/Salmonella_enterica__diff_k3_rep1_d3.truth.tsv
single	Salmonella_enterica__diff_k3_rep1_d5	Salmonella_enterica	figure_raw_data/sim_single_species/Salmonella_enterica/reads/Salmonella_enterica__diff_k3_rep1_d5_R1.fastq.gz	figure_raw_data/sim_single_species/Salmonella_enterica/reads/Salmonella_enterica__diff_k3_rep1_d5_R2.fastq.gz	figure_raw_data/sim_single_species/Salmonella_enterica/truth/Salmonella_enterica__diff_k3_rep1_d5.truth.tsv
single	Salmonella_enterica__diff_k3_rep1_d10	Salmonella_enterica	figure_raw_data/sim_single_species/Salmonella_enterica/reads/Salmonella_enterica__diff_k3_rep1_d10_R1.fastq.gz	figure_raw_data/sim_single_species/Salmonella_enterica/reads/Salmonella_enterica__diff_k3_rep1_d10_R2.fastq.gz	figure_raw_data/sim_single_species/Salmonella_enterica/truth/Salmonella_enterica__diff_k3_rep1_d10.truth.tsv
single	Salmonella_enterica__diff_k3_rep2_d0.5	Salmonella_enterica	figure_raw_data/sim_single_species/Salmonella_enterica/reads/Salmonella_enterica__diff_k3_rep2_d0.5_R1.fastq.gz	figure_raw_data/sim_single_species/Salmonella_enterica/reads/Salmonella_enterica__diff_k3_rep2_d0.5_R2.fastq.gz	figure_raw_data/sim_single_species/Salmonella_enterica/truth/Salmonella_enterica__diff_k3_rep2_d0.5.truth.tsv
single	Salmonella_enterica__diff_k3_rep2_d1	Salmonella_enterica	figure_raw_data/sim_single_species/Salmonella_enterica/reads/Salmonella_enterica__diff_k3_rep2_d1_R1.fastq.gz	figure_raw_data/sim_single_species/Salmonella_enterica/reads/Salmonella_enterica__diff_k3_rep2_d1_R2.fastq.gz	figure_raw_data/sim_single_species/Salmonella_enterica/truth/Salmonella_enterica__diff_k3_rep2_d1.truth.tsv
single	Salmonella_enterica__diff_k3_rep2_d3	Salmonella_enterica	figure_raw_data/sim_single_species/Salmonella_enterica/reads/Salmonella_enterica__diff_k3_rep2_d3_R1.fastq.gz	figure_raw_data/sim_single_species/Salmonella_enterica/reads/Salmonella_enterica__diff_k3_rep2_d3_R2.fastq.gz	figure_raw_data/sim_single_species/Salmonella_enterica/truth/Salmonella_enterica__diff_k3_rep2_d3.truth.tsv
single	Salmonella_enterica__diff_k3_rep2_d5	Salmonella_enterica	figure_raw_data/sim_single_species/Salmonella_enterica/reads/Salmonella_enterica__diff_k3_rep2_d5_R1.fastq.gz	figure_raw_data/sim_single_species/Salmonella_enterica/reads/Salmonella_enterica__diff_k3_rep2_d5_R2.fastq.gz	figure_raw_data/sim_single_species/Salmonella_enterica/truth/Salmonella_enterica__diff_k3_rep2_d5.truth.tsv
single	Salmonella_enterica__diff_k3_rep2_d10	Salmonella_enterica	figure_raw_data/sim_single_species/Salmonella_enterica/reads/Salmonella_enterica__diff_k3_rep2_d10_R1.fastq.gz	figure_raw_data/sim_single_species/Salmonella_enterica/reads/Salmonella_enterica__diff_k3_rep2_d10_R2.fastq.gz	figure_raw_data/sim_single_species/Salmonella_enterica/truth/Salmonella_enterica__diff_k3_rep2_d10.truth.tsv
single	Salmonella_enterica__diff_k3_rep3_d0.5	Salmonella_enterica	figure_raw_data/sim_single_species/Salmonella_enterica/reads/Salmonella_enterica__diff_k3_rep3_d0.5_R1.fastq.gz	figure_raw_data/sim_single_species/Salmonella_enterica/reads/Salmonella_enterica__diff_k3_rep3_d0.5_R2.fastq.gz	figure_raw_data/sim_single_species/Salmonella_enterica/truth/Salmonella_enterica__diff_k3_rep3_d0.5.truth.tsv
single	Salmonella_enterica__diff_k3_rep3_d1	Salmonella_enterica	figure_raw_data/sim_single_species/Salmonella_enterica/reads/Salmonella_enterica__diff_k3_rep3_d1_R1.fastq.gz	figure_raw_data/sim_single_species/Salmonella_enterica/reads/Salmonella_enterica__diff_k3_rep3_d1_R2.fastq.gz	figure_raw_data/sim_single_species/Salmonella_enterica/truth/Salmonella_enterica__diff_k3_rep3_d1.truth.tsv
single	Salmonella_enterica__diff_k3_rep3_d3	Salmonella_enterica	figure_raw_data/sim_single_species/Salmonella_enterica/reads/Salmonella_enterica__diff_k3_rep3_d3_R1.fastq.gz	figure_raw_data/sim_single_species/Salmonella_enterica/reads/Salmonella_enterica__diff_k3_rep3_d3_R2.fastq.gz	figure_raw_data/sim_single_species/Salmonella_enterica/truth/Salmonella_enterica__diff_k3_rep3_d3.truth.tsv
single	Salmonella_enterica__diff_k3_rep3_d5	Salmonella_enterica	figure_raw_data/sim_single_species/Salmonella_enterica/reads/Salmonella_enterica__diff_k3_rep3_d5_R1.fastq.gz	figure_raw_data/sim_single_species/Salmonella_enterica/reads/Salmonella_enterica__diff_k3_rep3_d5_R2.fastq.gz	figure_raw_data/sim_single_species/Salmonella_enterica/truth/Salmonella_enterica__diff_k3_rep3_d5.truth.tsv
single	Salmonella_enterica__diff_k3_rep3_d10	Salmonella_enterica	figure_raw_data/sim_single_species/Salmonella_enterica/reads/Salmonella_enterica__diff_k3_rep3_d10_R1.fastq.gz	figure_raw_data/sim_single_species/Salmonella_enterica/reads/Salmonella_enterica__diff_k3_rep3_d10_R2.fastq.gz	figure_raw_data/sim_single_species/Salmonella_enterica/truth/Salmonella_enterica__diff_k3_rep3_d10.truth.tsv
single	Salmonella_enterica__diff_k3_rep4_d0.5	Salmonella_enterica	figure_raw_data/sim_single_species/Salmonella_enterica/reads/Salmonella_enterica__diff_k3_rep4_d0.5_R1.fastq.gz	figure_raw_data/sim_single_species/Salmonella_enterica/reads/Salmonella_enterica__diff_k3_rep4_d0.5_R2.fastq.gz	figure_raw_data/sim_single_species/Salmonella_enterica/truth/Salmonella_enterica__diff_k3_rep4_d0.5.truth.tsv
single	Salmonella_enterica__diff_k3_rep4_d1	Salmonella_enterica	figure_raw_data/sim_single_species/Salmonella_enterica/reads/Salmonella_enterica__diff_k3_rep4_d1_R1.fastq.gz	figure_raw_data/sim_single_species/Salmonella_enterica/reads/Salmonella_enterica__diff_k3_rep4_d1_R2.fastq.gz	figure_raw_data/sim_single_species/Salmonella_enterica/truth/Salmonella_enterica__diff_k3_rep4_d1.truth.tsv
single	Salmonella_enterica__diff_k3_rep4_d3	Salmonella_enterica	figure_raw_data/sim_single_species/Salmonella_enterica/reads/Salmonella_enterica__diff_k3_rep4_d3_R1.fastq.gz	figure_raw_data/sim_single_species/Salmonella_enterica/reads/Salmonella_enterica__diff_k3_rep4_d3_R2.fastq.gz	figure_raw_data/sim_single_species/Salmonella_enterica/truth/Salmonella_enterica__diff_k3_rep4_d3.truth.tsv
single	Salmonella_enterica__diff_k3_rep4_d5	Salmonella_enterica	figure_raw_data/sim_single_species/Salmonella_enterica/reads/Salmonella_enterica__diff_k3_rep4_d5_R1.fastq.gz	figure_raw_data/sim_single_species/Salmonella_enterica/reads/Salmonella_enterica__diff_k3_rep4_d5_R2.fastq.gz	figure_raw_data/sim_single_species/Salmonella_enterica/truth/Salmonella_enterica__diff_k3_rep4_d5.truth.tsv
single	Salmonella_enterica__diff_k3_rep4_d10	Salmonella_enterica	figure_raw_data/sim_single_species/Salmonella_enterica/reads/Salmonella_enterica__diff_k3_rep4_d10_R1.fastq.gz	figure_raw_data/sim_single_species/Salmonella_enterica/reads/Salmonella_enterica__diff_k3_rep4_d10_R2.fastq.gz	figure_raw_data/sim_single_species/Salmonella_enterica/truth/Salmonella_enterica__diff_k3_rep4_d10.truth.tsv
single	Salmonella_enterica__diff_k3_rep5_d0.5	Salmonella_enterica	figure_raw_data/sim_single_species/Salmonella_enterica/reads/Salmonella_enterica__diff_k3_rep5_d0.5_R1.fastq.gz	figure_raw_data/sim_single_species/Salmonella_enterica/reads/Salmonella_enterica__diff_k3_rep5_d0.5_R2.fastq.gz	figure_raw_data/sim_single_species/Salmonella_enterica/truth/Salmonella_enterica__diff_k3_rep5_d0.5.truth.tsv
single	Salmonella_enterica__diff_k3_rep5_d1	Salmonella_enterica	figure_raw_data/sim_single_species/Salmonella_enterica/reads/Salmonella_enterica__diff_k3_rep5_d1_R1.fastq.gz	figure_raw_data/sim_single_species/Salmonella_enterica/reads/Salmonella_enterica__diff_k3_rep5_d1_R2.fastq.gz	figure_raw_data/sim_single_species/Salmonella_enterica/truth/Salmonella_enterica__diff_k3_rep5_d1.truth.tsv
single	Salmonella_enterica__diff_k3_rep5_d3	Salmonella_enterica	figure_raw_data/sim_single_species/Salmonella_enterica/reads/Salmonella_enterica__diff_k3_rep5_d3_R1.fastq.gz	figure_raw_data/sim_single_species/Salmonella_enterica/reads/Salmonella_enterica__diff_k3_rep5_d3_R2.fastq.gz	figure_raw_data/sim_single_species/Salmonella_enterica/truth/Salmonella_enterica__diff_k3_rep5_d3.truth.tsv
single	Salmonella_enterica__diff_k3_rep5_d5	Salmonella_enterica	figure_raw_data/sim_single_species/Salmonella_enterica/reads/Salmonella_enterica__diff_k3_rep5_d5_R1.fastq.gz	figure_raw_data/sim_single_species/Salmonella_enterica/reads/Salmonella_enterica__diff_k3_rep5_d5_R2.fastq.gz	figure_raw_data/sim_single_species/Salmonella_enterica/truth/Salmonella_enterica__diff_k3_rep5_d5.truth.tsv
single	Salmonella_enterica__diff_k3_rep5_d10	Salmonella_enterica	figure_raw_data/sim_single_species/Salmonella_enterica/reads/Salmonella_enterica__diff_k3_rep5_d10_R1.fastq.gz	figure_raw_data/sim_single_species/Salmonella_enterica/reads/Salmonella_enterica__diff_k3_rep5_d10_R2.fastq.gz	figure_raw_data/sim_single_species/Salmonella_enterica/truth/Salmonella_enterica__diff_k3_rep5_d10.truth.tsv
single	Salmonella_enterica__diff_k5_rep1_d0.5	Salmonella_enterica	figure_raw_data/sim_single_species/Salmonella_enterica/reads/Salmonella_enterica__diff_k5_rep1_d0.5_R1.fastq.gz	figure_raw_data/sim_single_species/Salmonella_enterica/reads/Salmonella_enterica__diff_k5_rep1_d0.5_R2.fastq.gz	figure_raw_data/sim_single_species/Salmonella_enterica/truth/Salmonella_enterica__diff_k5_rep1_d0.5.truth.tsv
single	Salmonella_enterica__diff_k5_rep1_d1	Salmonella_enterica	figure_raw_data/sim_single_species/Salmonella_enterica/reads/Salmonella_enterica__diff_k5_rep1_d1_R1.fastq.gz	figure_raw_data/sim_single_species/Salmonella_enterica/reads/Salmonella_enterica__diff_k5_rep1_d1_R2.fastq.gz	figure_raw_data/sim_single_species/Salmonella_enterica/truth/Salmonella_enterica__diff_k5_rep1_d1.truth.tsv
single	Salmonella_enterica__diff_k5_rep1_d3	Salmonella_enterica	figure_raw_data/sim_single_species/Salmonella_enterica/reads/Salmonella_enterica__diff_k5_rep1_d3_R1.fastq.gz	figure_raw_data/sim_single_species/Salmonella_enterica/reads/Salmonella_enterica__diff_k5_rep1_d3_R2.fastq.gz	figure_raw_data/sim_single_species/Salmonella_enterica/truth/Salmonella_enterica__diff_k5_rep1_d3.truth.tsv
single	Salmonella_enterica__diff_k5_rep1_d5	Salmonella_enterica	figure_raw_data/sim_single_species/Salmonella_enterica/reads/Salmonella_enterica__diff_k5_rep1_d5_R1.fastq.gz	figure_raw_data/sim_single_species/Salmonella_enterica/reads/Salmonella_enterica__diff_k5_rep1_d5_R2.fastq.gz	figure_raw_data/sim_single_species/Salmonella_enterica/truth/Salmonella_enterica__diff_k5_rep1_d5.truth.tsv
single	Salmonella_enterica__diff_k5_rep1_d10	Salmonella_enterica	figure_raw_data/sim_single_species/Salmonella_enterica/reads/Salmonella_enterica__diff_k5_rep1_d10_R1.fastq.gz	figure_raw_data/sim_single_species/Salmonella_enterica/reads/Salmonella_enterica__diff_k5_rep1_d10_R2.fastq.gz	figure_raw_data/sim_single_species/Salmonella_enterica/truth/Salmonella_enterica__diff_k5_rep1_d10.truth.tsv
single	Salmonella_enterica__diff_k5_rep2_d0.5	Salmonella_enterica	figure_raw_data/sim_single_species/Salmonella_enterica/reads/Salmonella_enterica__diff_k5_rep2_d0.5_R1.fastq.gz	figure_raw_data/sim_single_species/Salmonella_enterica/reads/Salmonella_enterica__diff_k5_rep2_d0.5_R2.fastq.gz	figure_raw_data/sim_single_species/Salmonella_enterica/truth/Salmonella_enterica__diff_k5_rep2_d0.5.truth.tsv
single	Salmonella_enterica__diff_k5_rep2_d1	Salmonella_enterica	figure_raw_data/sim_single_species/Salmonella_enterica/reads/Salmonella_enterica__diff_k5_rep2_d1_R1.fastq.gz	figure_raw_data/sim_single_species/Salmonella_enterica/reads/Salmonella_enterica__diff_k5_rep2_d1_R2.fastq.gz	figure_raw_data/sim_single_species/Salmonella_enterica/truth/Salmonella_enterica__diff_k5_rep2_d1.truth.tsv
single	Salmonella_enterica__diff_k5_rep2_d3	Salmonella_enterica	figure_raw_data/sim_single_species/Salmonella_enterica/reads/Salmonella_enterica__diff_k5_rep2_d3_R1.fastq.gz	figure_raw_data/sim_single_species/Salmonella_enterica/reads/Salmonella_enterica__diff_k5_rep2_d3_R2.fastq.gz	figure_raw_data/sim_single_species/Salmonella_enterica/truth/Salmonella_enterica__diff_k5_rep2_d3.truth.tsv
single	Salmonella_enterica__diff_k5_rep2_d5	Salmonella_enterica	figure_raw_data/sim_single_species/Salmonella_enterica/reads/Salmonella_enterica__diff_k5_rep2_d5_R1.fastq.gz	figure_raw_data/sim_single_species/Salmonella_enterica/reads/Salmonella_enterica__diff_k5_rep2_d5_R2.fastq.gz	figure_raw_data/sim_single_species/Salmonella_enterica/truth/Salmonella_enterica__diff_k5_rep2_d5.truth.tsv
single	Salmonella_enterica__diff_k5_rep2_d10	Salmonella_enterica	figure_raw_data/sim_single_species/Salmonella_enterica/reads/Salmonella_enterica__diff_k5_rep2_d10_R1.fastq.gz	figure_raw_data/sim_single_species/Salmonella_enterica/reads/Salmonella_enterica__diff_k5_rep2_d10_R2.fastq.gz	figure_raw_data/sim_single_species/Salmonella_enterica/truth/Salmonella_enterica__diff_k5_rep2_d10.truth.tsv
single	Salmonella_enterica__diff_k5_rep3_d0.5	Salmonella_enterica	figure_raw_data/sim_single_species/Salmonella_enterica/reads/Salmonella_enterica__diff_k5_rep3_d0.5_R1.fastq.gz	figure_raw_data/sim_single_species/Salmonella_enterica/reads/Salmonella_enterica__diff_k5_rep3_d0.5_R2.fastq.gz	figure_raw_data/sim_single_species/Salmonella_enterica/truth/Salmonella_enterica__diff_k5_rep3_d0.5.truth.tsv
single	Salmonella_enterica__diff_k5_rep3_d1	Salmonella_enterica	figure_raw_data/sim_single_species/Salmonella_enterica/reads/Salmonella_enterica__diff_k5_rep3_d1_R1.fastq.gz	figure_raw_data/sim_single_species/Salmonella_enterica/reads/Salmonella_enterica__diff_k5_rep3_d1_R2.fastq.gz	figure_raw_data/sim_single_species/Salmonella_enterica/truth/Salmonella_enterica__diff_k5_rep3_d1.truth.tsv
single	Salmonella_enterica__diff_k5_rep3_d3	Salmonella_enterica	figure_raw_data/sim_single_species/Salmonella_enterica/reads/Salmonella_enterica__diff_k5_rep3_d3_R1.fastq.gz	figure_raw_data/sim_single_species/Salmonella_enterica/reads/Salmonella_enterica__diff_k5_rep3_d3_R2.fastq.gz	figure_raw_data/sim_single_species/Salmonella_enterica/truth/Salmonella_enterica__diff_k5_rep3_d3.truth.tsv
single	Salmonella_enterica__diff_k5_rep3_d5	Salmonella_enterica	figure_raw_data/sim_single_species/Salmonella_enterica/reads/Salmonella_enterica__diff_k5_rep3_d5_R1.fastq.gz	figure_raw_data/sim_single_species/Salmonella_enterica/reads/Salmonella_enterica__diff_k5_rep3_d5_R2.fastq.gz	figure_raw_data/sim_single_species/Salmonella_enterica/truth/Salmonella_enterica__diff_k5_rep3_d5.truth.tsv
single	Salmonella_enterica__diff_k5_rep3_d10	Salmonella_enterica	figure_raw_data/sim_single_species/Salmonella_enterica/reads/Salmonella_enterica__diff_k5_rep3_d10_R1.fastq.gz	figure_raw_data/sim_single_species/Salmonella_enterica/reads/Salmonella_enterica__diff_k5_rep3_d10_R2.fastq.gz	figure_raw_data/sim_single_species/Salmonella_enterica/truth/Salmonella_enterica__diff_k5_rep3_d10.truth.tsv
single	Salmonella_enterica__diff_k5_rep4_d0.5	Salmonella_enterica	figure_raw_data/sim_single_species/Salmonella_enterica/reads/Salmonella_enterica__diff_k5_rep4_d0.5_R1.fastq.gz	figure_raw_data/sim_single_species/Salmonella_enterica/reads/Salmonella_enterica__diff_k5_rep4_d0.5_R2.fastq.gz	figure_raw_data/sim_single_species/Salmonella_enterica/truth/Salmonella_enterica__diff_k5_rep4_d0.5.truth.tsv
single	Salmonella_enterica__diff_k5_rep4_d1	Salmonella_enterica	figure_raw_data/sim_single_species/Salmonella_enterica/reads/Salmonella_enterica__diff_k5_rep4_d1_R1.fastq.gz	figure_raw_data/sim_single_species/Salmonella_enterica/reads/Salmonella_enterica__diff_k5_rep4_d1_R2.fastq.gz	figure_raw_data/sim_single_species/Salmonella_enterica/truth/Salmonella_enterica__diff_k5_rep4_d1.truth.tsv
single	Salmonella_enterica__diff_k5_rep4_d3	Salmonella_enterica	figure_raw_data/sim_single_species/Salmonella_enterica/reads/Salmonella_enterica__diff_k5_rep4_d3_R1.fastq.gz	figure_raw_data/sim_single_species/Salmonella_enterica/reads/Salmonella_enterica__diff_k5_rep4_d3_R2.fastq.gz	figure_raw_data/sim_single_species/Salmonella_enterica/truth/Salmonella_enterica__diff_k5_rep4_d3.truth.tsv
single	Salmonella_enterica__diff_k5_rep4_d5	Salmonella_enterica	figure_raw_data/sim_single_species/Salmonella_enterica/reads/Salmonella_enterica__diff_k5_rep4_d5_R1.fastq.gz	figure_raw_data/sim_single_species/Salmonella_enterica/reads/Salmonella_enterica__diff_k5_rep4_d5_R2.fastq.gz	figure_raw_data/sim_single_species/Salmonella_enterica/truth/Salmonella_enterica__diff_k5_rep4_d5.truth.tsv
single	Salmonella_enterica__diff_k5_rep4_d10	Salmonella_enterica	figure_raw_data/sim_single_species/Salmonella_enterica/reads/Salmonella_enterica__diff_k5_rep4_d10_R1.fastq.gz	figure_raw_data/sim_single_species/Salmonella_enterica/reads/Salmonella_enterica__diff_k5_rep4_d10_R2.fastq.gz	figure_raw_data/sim_single_species/Salmonella_enterica/truth/Salmonella_enterica__diff_k5_rep4_d10.truth.tsv
single	Salmonella_enterica__diff_k5_rep5_d0.5	Salmonella_enterica	figure_raw_data/sim_single_species/Salmonella_enterica/reads/Salmonella_enterica__diff_k5_rep5_d0.5_R1.fastq.gz	figure_raw_data/sim_single_species/Salmonella_enterica/reads/Salmonella_enterica__diff_k5_rep5_d0.5_R2.fastq.gz	figure_raw_data/sim_single_species/Salmonella_enterica/truth/Salmonella_enterica__diff_k5_rep5_d0.5.truth.tsv
single	Salmonella_enterica__diff_k5_rep5_d1	Salmonella_enterica	figure_raw_data/sim_single_species/Salmonella_enterica/reads/Salmonella_enterica__diff_k5_rep5_d1_R1.fastq.gz	figure_raw_data/sim_single_species/Salmonella_enterica/reads/Salmonella_enterica__diff_k5_rep5_d1_R2.fastq.gz	figure_raw_data/sim_single_species/Salmonella_enterica/truth/Salmonella_enterica__diff_k5_rep5_d1.truth.tsv
single	Salmonella_enterica__diff_k5_rep5_d3	Salmonella_enterica	figure_raw_data/sim_single_species/Salmonella_enterica/reads/Salmonella_enterica__diff_k5_rep5_d3_R1.fastq.gz	figure_raw_data/sim_single_species/Salmonella_enterica/reads/Salmonella_enterica__diff_k5_rep5_d3_R2.fastq.gz	figure_raw_data/sim_single_species/Salmonella_enterica/truth/Salmonella_enterica__diff_k5_rep5_d3.truth.tsv
single	Salmonella_enterica__diff_k5_rep5_d5	Salmonella_enterica	figure_raw_data/sim_single_species/Salmonella_enterica/reads/Salmonella_enterica__diff_k5_rep5_d5_R1.fastq.gz	figure_raw_data/sim_single_species/Salmonella_enterica/reads/Salmonella_enterica__diff_k5_rep5_d5_R2.fastq.gz	figure_raw_data/sim_single_species/Salmonella_enterica/truth/Salmonella_enterica__diff_k5_rep5_d5.truth.tsv
single	Salmonella_enterica__diff_k5_rep5_d10	Salmonella_enterica	figure_raw_data/sim_single_species/Salmonella_enterica/reads/Salmonella_enterica__diff_k5_rep5_d10_R1.fastq.gz	figure_raw_data/sim_single_species/Salmonella_enterica/reads/Salmonella_enterica__diff_k5_rep5_d10_R2.fastq.gz	figure_raw_data/sim_single_species/Salmonella_enterica/truth/Salmonella_enterica__diff_k5_rep5_d10.truth.tsv
single	Staphylococcus_aureus__diff_k2_rep1_d0.5	Staphylococcus_aureus	figure_raw_data/sim_single_species/Staphylococcus_aureus/reads/Staphylococcus_aureus__diff_k2_rep1_d0.5_R1.fastq.gz	figure_raw_data/sim_single_species/Staphylococcus_aureus/reads/Staphylococcus_aureus__diff_k2_rep1_d0.5_R2.fastq.gz	figure_raw_data/sim_single_species/Staphylococcus_aureus/truth/Staphylococcus_aureus__diff_k2_rep1_d0.5.truth.tsv
single	Staphylococcus_aureus__diff_k2_rep1_d1	Staphylococcus_aureus	figure_raw_data/sim_single_species/Staphylococcus_aureus/reads/Staphylococcus_aureus__diff_k2_rep1_d1_R1.fastq.gz	figure_raw_data/sim_single_species/Staphylococcus_aureus/reads/Staphylococcus_aureus__diff_k2_rep1_d1_R2.fastq.gz	figure_raw_data/sim_single_species/Staphylococcus_aureus/truth/Staphylococcus_aureus__diff_k2_rep1_d1.truth.tsv
single	Staphylococcus_aureus__diff_k2_rep1_d3	Staphylococcus_aureus	figure_raw_data/sim_single_species/Staphylococcus_aureus/reads/Staphylococcus_aureus__diff_k2_rep1_d3_R1.fastq.gz	figure_raw_data/sim_single_species/Staphylococcus_aureus/reads/Staphylococcus_aureus__diff_k2_rep1_d3_R2.fastq.gz	figure_raw_data/sim_single_species/Staphylococcus_aureus/truth/Staphylococcus_aureus__diff_k2_rep1_d3.truth.tsv
single	Staphylococcus_aureus__diff_k2_rep1_d5	Staphylococcus_aureus	figure_raw_data/sim_single_species/Staphylococcus_aureus/reads/Staphylococcus_aureus__diff_k2_rep1_d5_R1.fastq.gz	figure_raw_data/sim_single_species/Staphylococcus_aureus/reads/Staphylococcus_aureus__diff_k2_rep1_d5_R2.fastq.gz	figure_raw_data/sim_single_species/Staphylococcus_aureus/truth/Staphylococcus_aureus__diff_k2_rep1_d5.truth.tsv
single	Staphylococcus_aureus__diff_k2_rep1_d10	Staphylococcus_aureus	figure_raw_data/sim_single_species/Staphylococcus_aureus/reads/Staphylococcus_aureus__diff_k2_rep1_d10_R1.fastq.gz	figure_raw_data/sim_single_species/Staphylococcus_aureus/reads/Staphylococcus_aureus__diff_k2_rep1_d10_R2.fastq.gz	figure_raw_data/sim_single_species/Staphylococcus_aureus/truth/Staphylococcus_aureus__diff_k2_rep1_d10.truth.tsv
single	Staphylococcus_aureus__diff_k2_rep2_d0.5	Staphylococcus_aureus	figure_raw_data/sim_single_species/Staphylococcus_aureus/reads/Staphylococcus_aureus__diff_k2_rep2_d0.5_R1.fastq.gz	figure_raw_data/sim_single_species/Staphylococcus_aureus/reads/Staphylococcus_aureus__diff_k2_rep2_d0.5_R2.fastq.gz	figure_raw_data/sim_single_species/Staphylococcus_aureus/truth/Staphylococcus_aureus__diff_k2_rep2_d0.5.truth.tsv
single	Staphylococcus_aureus__diff_k2_rep2_d1	Staphylococcus_aureus	figure_raw_data/sim_single_species/Staphylococcus_aureus/reads/Staphylococcus_aureus__diff_k2_rep2_d1_R1.fastq.gz	figure_raw_data/sim_single_species/Staphylococcus_aureus/reads/Staphylococcus_aureus__diff_k2_rep2_d1_R2.fastq.gz	figure_raw_data/sim_single_species/Staphylococcus_aureus/truth/Staphylococcus_aureus__diff_k2_rep2_d1.truth.tsv
single	Staphylococcus_aureus__diff_k2_rep2_d3	Staphylococcus_aureus	figure_raw_data/sim_single_species/Staphylococcus_aureus/reads/Staphylococcus_aureus__diff_k2_rep2_d3_R1.fastq.gz	figure_raw_data/sim_single_species/Staphylococcus_aureus/reads/Staphylococcus_aureus__diff_k2_rep2_d3_R2.fastq.gz	figure_raw_data/sim_single_species/Staphylococcus_aureus/truth/Staphylococcus_aureus__diff_k2_rep2_d3.truth.tsv
single	Staphylococcus_aureus__diff_k2_rep2_d5	Staphylococcus_aureus	figure_raw_data/sim_single_species/Staphylococcus_aureus/reads/Staphylococcus_aureus__diff_k2_rep2_d5_R1.fastq.gz	figure_raw_data/sim_single_species/Staphylococcus_aureus/reads/Staphylococcus_aureus__diff_k2_rep2_d5_R2.fastq.gz	figure_raw_data/sim_single_species/Staphylococcus_aureus/truth/Staphylococcus_aureus__diff_k2_rep2_d5.truth.tsv
single	Staphylococcus_aureus__diff_k2_rep2_d10	Staphylococcus_aureus	figure_raw_data/sim_single_species/Staphylococcus_aureus/reads/Staphylococcus_aureus__diff_k2_rep2_d10_R1.fastq.gz	figure_raw_data/sim_single_species/Staphylococcus_aureus/reads/Staphylococcus_aureus__diff_k2_rep2_d10_R2.fastq.gz	figure_raw_data/sim_single_species/Staphylococcus_aureus/truth/Staphylococcus_aureus__diff_k2_rep2_d10.truth.tsv
single	Staphylococcus_aureus__diff_k2_rep3_d0.5	Staphylococcus_aureus	figure_raw_data/sim_single_species/Staphylococcus_aureus/reads/Staphylococcus_aureus__diff_k2_rep3_d0.5_R1.fastq.gz	figure_raw_data/sim_single_species/Staphylococcus_aureus/reads/Staphylococcus_aureus__diff_k2_rep3_d0.5_R2.fastq.gz	figure_raw_data/sim_single_species/Staphylococcus_aureus/truth/Staphylococcus_aureus__diff_k2_rep3_d0.5.truth.tsv
single	Staphylococcus_aureus__diff_k2_rep3_d1	Staphylococcus_aureus	figure_raw_data/sim_single_species/Staphylococcus_aureus/reads/Staphylococcus_aureus__diff_k2_rep3_d1_R1.fastq.gz	figure_raw_data/sim_single_species/Staphylococcus_aureus/reads/Staphylococcus_aureus__diff_k2_rep3_d1_R2.fastq.gz	figure_raw_data/sim_single_species/Staphylococcus_aureus/truth/Staphylococcus_aureus__diff_k2_rep3_d1.truth.tsv
single	Staphylococcus_aureus__diff_k2_rep3_d3	Staphylococcus_aureus	figure_raw_data/sim_single_species/Staphylococcus_aureus/reads/Staphylococcus_aureus__diff_k2_rep3_d3_R1.fastq.gz	figure_raw_data/sim_single_species/Staphylococcus_aureus/reads/Staphylococcus_aureus__diff_k2_rep3_d3_R2.fastq.gz	figure_raw_data/sim_single_species/Staphylococcus_aureus/truth/Staphylococcus_aureus__diff_k2_rep3_d3.truth.tsv
single	Staphylococcus_aureus__diff_k2_rep3_d5	Staphylococcus_aureus	figure_raw_data/sim_single_species/Staphylococcus_aureus/reads/Staphylococcus_aureus__diff_k2_rep3_d5_R1.fastq.gz	figure_raw_data/sim_single_species/Staphylococcus_aureus/reads/Staphylococcus_aureus__diff_k2_rep3_d5_R2.fastq.gz	figure_raw_data/sim_single_species/Staphylococcus_aureus/truth/Staphylococcus_aureus__diff_k2_rep3_d5.truth.tsv
single	Staphylococcus_aureus__diff_k2_rep3_d10	Staphylococcus_aureus	figure_raw_data/sim_single_species/Staphylococcus_aureus/reads/Staphylococcus_aureus__diff_k2_rep3_d10_R1.fastq.gz	figure_raw_data/sim_single_species/Staphylococcus_aureus/reads/Staphylococcus_aureus__diff_k2_rep3_d10_R2.fastq.gz	figure_raw_data/sim_single_species/Staphylococcus_aureus/truth/Staphylococcus_aureus__diff_k2_rep3_d10.truth.tsv
single	Staphylococcus_aureus__diff_k2_rep4_d0.5	Staphylococcus_aureus	figure_raw_data/sim_single_species/Staphylococcus_aureus/reads/Staphylococcus_aureus__diff_k2_rep4_d0.5_R1.fastq.gz	figure_raw_data/sim_single_species/Staphylococcus_aureus/reads/Staphylococcus_aureus__diff_k2_rep4_d0.5_R2.fastq.gz	figure_raw_data/sim_single_species/Staphylococcus_aureus/truth/Staphylococcus_aureus__diff_k2_rep4_d0.5.truth.tsv
single	Staphylococcus_aureus__diff_k2_rep4_d1	Staphylococcus_aureus	figure_raw_data/sim_single_species/Staphylococcus_aureus/reads/Staphylococcus_aureus__diff_k2_rep4_d1_R1.fastq.gz	figure_raw_data/sim_single_species/Staphylococcus_aureus/reads/Staphylococcus_aureus__diff_k2_rep4_d1_R2.fastq.gz	figure_raw_data/sim_single_species/Staphylococcus_aureus/truth/Staphylococcus_aureus__diff_k2_rep4_d1.truth.tsv
single	Staphylococcus_aureus__diff_k2_rep4_d3	Staphylococcus_aureus	figure_raw_data/sim_single_species/Staphylococcus_aureus/reads/Staphylococcus_aureus__diff_k2_rep4_d3_R1.fastq.gz	figure_raw_data/sim_single_species/Staphylococcus_aureus/reads/Staphylococcus_aureus__diff_k2_rep4_d3_R2.fastq.gz	figure_raw_data/sim_single_species/Staphylococcus_aureus/truth/Staphylococcus_aureus__diff_k2_rep4_d3.truth.tsv
single	Staphylococcus_aureus__diff_k2_rep4_d5	Staphylococcus_aureus	figure_raw_data/sim_single_species/Staphylococcus_aureus/reads/Staphylococcus_aureus__diff_k2_rep4_d5_R1.fastq.gz	figure_raw_data/sim_single_species/Staphylococcus_aureus/reads/Staphylococcus_aureus__diff_k2_rep4_d5_R2.fastq.gz	figure_raw_data/sim_single_species/Staphylococcus_aureus/truth/Staphylococcus_aureus__diff_k2_rep4_d5.truth.tsv
single	Staphylococcus_aureus__diff_k2_rep4_d10	Staphylococcus_aureus	figure_raw_data/sim_single_species/Staphylococcus_aureus/reads/Staphylococcus_aureus__diff_k2_rep4_d10_R1.fastq.gz	figure_raw_data/sim_single_species/Staphylococcus_aureus/reads/Staphylococcus_aureus__diff_k2_rep4_d10_R2.fastq.gz	figure_raw_data/sim_single_species/Staphylococcus_aureus/truth/Staphylococcus_aureus__diff_k2_rep4_d10.truth.tsv
single	Staphylococcus_aureus__diff_k2_rep5_d0.5	Staphylococcus_aureus	figure_raw_data/sim_single_species/Staphylococcus_aureus/reads/Staphylococcus_aureus__diff_k2_rep5_d0.5_R1.fastq.gz	figure_raw_data/sim_single_species/Staphylococcus_aureus/reads/Staphylococcus_aureus__diff_k2_rep5_d0.5_R2.fastq.gz	figure_raw_data/sim_single_species/Staphylococcus_aureus/truth/Staphylococcus_aureus__diff_k2_rep5_d0.5.truth.tsv
single	Staphylococcus_aureus__diff_k2_rep5_d1	Staphylococcus_aureus	figure_raw_data/sim_single_species/Staphylococcus_aureus/reads/Staphylococcus_aureus__diff_k2_rep5_d1_R1.fastq.gz	figure_raw_data/sim_single_species/Staphylococcus_aureus/reads/Staphylococcus_aureus__diff_k2_rep5_d1_R2.fastq.gz	figure_raw_data/sim_single_species/Staphylococcus_aureus/truth/Staphylococcus_aureus__diff_k2_rep5_d1.truth.tsv
single	Staphylococcus_aureus__diff_k2_rep5_d3	Staphylococcus_aureus	figure_raw_data/sim_single_species/Staphylococcus_aureus/reads/Staphylococcus_aureus__diff_k2_rep5_d3_R1.fastq.gz	figure_raw_data/sim_single_species/Staphylococcus_aureus/reads/Staphylococcus_aureus__diff_k2_rep5_d3_R2.fastq.gz	figure_raw_data/sim_single_species/Staphylococcus_aureus/truth/Staphylococcus_aureus__diff_k2_rep5_d3.truth.tsv
single	Staphylococcus_aureus__diff_k2_rep5_d5	Staphylococcus_aureus	figure_raw_data/sim_single_species/Staphylococcus_aureus/reads/Staphylococcus_aureus__diff_k2_rep5_d5_R1.fastq.gz	figure_raw_data/sim_single_species/Staphylococcus_aureus/reads/Staphylococcus_aureus__diff_k2_rep5_d5_R2.fastq.gz	figure_raw_data/sim_single_species/Staphylococcus_aureus/truth/Staphylococcus_aureus__diff_k2_rep5_d5.truth.tsv
single	Staphylococcus_aureus__diff_k2_rep5_d10	Staphylococcus_aureus	figure_raw_data/sim_single_species/Staphylococcus_aureus/reads/Staphylococcus_aureus__diff_k2_rep5_d10_R1.fastq.gz	figure_raw_data/sim_single_species/Staphylococcus_aureus/reads/Staphylococcus_aureus__diff_k2_rep5_d10_R2.fastq.gz	figure_raw_data/sim_single_species/Staphylococcus_aureus/truth/Staphylococcus_aureus__diff_k2_rep5_d10.truth.tsv
single	Staphylococcus_aureus__diff_k3_rep1_d0.5	Staphylococcus_aureus	figure_raw_data/sim_single_species/Staphylococcus_aureus/reads/Staphylococcus_aureus__diff_k3_rep1_d0.5_R1.fastq.gz	figure_raw_data/sim_single_species/Staphylococcus_aureus/reads/Staphylococcus_aureus__diff_k3_rep1_d0.5_R2.fastq.gz	figure_raw_data/sim_single_species/Staphylococcus_aureus/truth/Staphylococcus_aureus__diff_k3_rep1_d0.5.truth.tsv
single	Staphylococcus_aureus__diff_k3_rep1_d1	Staphylococcus_aureus	figure_raw_data/sim_single_species/Staphylococcus_aureus/reads/Staphylococcus_aureus__diff_k3_rep1_d1_R1.fastq.gz	figure_raw_data/sim_single_species/Staphylococcus_aureus/reads/Staphylococcus_aureus__diff_k3_rep1_d1_R2.fastq.gz	figure_raw_data/sim_single_species/Staphylococcus_aureus/truth/Staphylococcus_aureus__diff_k3_rep1_d1.truth.tsv
single	Staphylococcus_aureus__diff_k3_rep1_d3	Staphylococcus_aureus	figure_raw_data/sim_single_species/Staphylococcus_aureus/reads/Staphylococcus_aureus__diff_k3_rep1_d3_R1.fastq.gz	figure_raw_data/sim_single_species/Staphylococcus_aureus/reads/Staphylococcus_aureus__diff_k3_rep1_d3_R2.fastq.gz	figure_raw_data/sim_single_species/Staphylococcus_aureus/truth/Staphylococcus_aureus__diff_k3_rep1_d3.truth.tsv
single	Staphylococcus_aureus__diff_k3_rep1_d5	Staphylococcus_aureus	figure_raw_data/sim_single_species/Staphylococcus_aureus/reads/Staphylococcus_aureus__diff_k3_rep1_d5_R1.fastq.gz	figure_raw_data/sim_single_species/Staphylococcus_aureus/reads/Staphylococcus_aureus__diff_k3_rep1_d5_R2.fastq.gz	figure_raw_data/sim_single_species/Staphylococcus_aureus/truth/Staphylococcus_aureus__diff_k3_rep1_d5.truth.tsv
single	Staphylococcus_aureus__diff_k3_rep1_d10	Staphylococcus_aureus	figure_raw_data/sim_single_species/Staphylococcus_aureus/reads/Staphylococcus_aureus__diff_k3_rep1_d10_R1.fastq.gz	figure_raw_data/sim_single_species/Staphylococcus_aureus/reads/Staphylococcus_aureus__diff_k3_rep1_d10_R2.fastq.gz	figure_raw_data/sim_single_species/Staphylococcus_aureus/truth/Staphylococcus_aureus__diff_k3_rep1_d10.truth.tsv
single	Staphylococcus_aureus__diff_k3_rep2_d0.5	Staphylococcus_aureus	figure_raw_data/sim_single_species/Staphylococcus_aureus/reads/Staphylococcus_aureus__diff_k3_rep2_d0.5_R1.fastq.gz	figure_raw_data/sim_single_species/Staphylococcus_aureus/reads/Staphylococcus_aureus__diff_k3_rep2_d0.5_R2.fastq.gz	figure_raw_data/sim_single_species/Staphylococcus_aureus/truth/Staphylococcus_aureus__diff_k3_rep2_d0.5.truth.tsv
single	Staphylococcus_aureus__diff_k3_rep2_d1	Staphylococcus_aureus	figure_raw_data/sim_single_species/Staphylococcus_aureus/reads/Staphylococcus_aureus__diff_k3_rep2_d1_R1.fastq.gz	figure_raw_data/sim_single_species/Staphylococcus_aureus/reads/Staphylococcus_aureus__diff_k3_rep2_d1_R2.fastq.gz	figure_raw_data/sim_single_species/Staphylococcus_aureus/truth/Staphylococcus_aureus__diff_k3_rep2_d1.truth.tsv
single	Staphylococcus_aureus__diff_k3_rep2_d3	Staphylococcus_aureus	figure_raw_data/sim_single_species/Staphylococcus_aureus/reads/Staphylococcus_aureus__diff_k3_rep2_d3_R1.fastq.gz	figure_raw_data/sim_single_species/Staphylococcus_aureus/reads/Staphylococcus_aureus__diff_k3_rep2_d3_R2.fastq.gz	figure_raw_data/sim_single_species/Staphylococcus_aureus/truth/Staphylococcus_aureus__diff_k3_rep2_d3.truth.tsv
single	Staphylococcus_aureus__diff_k3_rep2_d5	Staphylococcus_aureus	figure_raw_data/sim_single_species/Staphylococcus_aureus/reads/Staphylococcus_aureus__diff_k3_rep2_d5_R1.fastq.gz	figure_raw_data/sim_single_species/Staphylococcus_aureus/reads/Staphylococcus_aureus__diff_k3_rep2_d5_R2.fastq.gz	figure_raw_data/sim_single_species/Staphylococcus_aureus/truth/Staphylococcus_aureus__diff_k3_rep2_d5.truth.tsv
single	Staphylococcus_aureus__diff_k3_rep2_d10	Staphylococcus_aureus	figure_raw_data/sim_single_species/Staphylococcus_aureus/reads/Staphylococcus_aureus__diff_k3_rep2_d10_R1.fastq.gz	figure_raw_data/sim_single_species/Staphylococcus_aureus/reads/Staphylococcus_aureus__diff_k3_rep2_d10_R2.fastq.gz	figure_raw_data/sim_single_species/Staphylococcus_aureus/truth/Staphylococcus_aureus__diff_k3_rep2_d10.truth.tsv
single	Staphylococcus_aureus__diff_k3_rep3_d0.5	Staphylococcus_aureus	figure_raw_data/sim_single_species/Staphylococcus_aureus/reads/Staphylococcus_aureus__diff_k3_rep3_d0.5_R1.fastq.gz	figure_raw_data/sim_single_species/Staphylococcus_aureus/reads/Staphylococcus_aureus__diff_k3_rep3_d0.5_R2.fastq.gz	figure_raw_data/sim_single_species/Staphylococcus_aureus/truth/Staphylococcus_aureus__diff_k3_rep3_d0.5.truth.tsv
single	Staphylococcus_aureus__diff_k3_rep3_d1	Staphylococcus_aureus	figure_raw_data/sim_single_species/Staphylococcus_aureus/reads/Staphylococcus_aureus__diff_k3_rep3_d1_R1.fastq.gz	figure_raw_data/sim_single_species/Staphylococcus_aureus/reads/Staphylococcus_aureus__diff_k3_rep3_d1_R2.fastq.gz	figure_raw_data/sim_single_species/Staphylococcus_aureus/truth/Staphylococcus_aureus__diff_k3_rep3_d1.truth.tsv
single	Staphylococcus_aureus__diff_k3_rep3_d3	Staphylococcus_aureus	figure_raw_data/sim_single_species/Staphylococcus_aureus/reads/Staphylococcus_aureus__diff_k3_rep3_d3_R1.fastq.gz	figure_raw_data/sim_single_species/Staphylococcus_aureus/reads/Staphylococcus_aureus__diff_k3_rep3_d3_R2.fastq.gz	figure_raw_data/sim_single_species/Staphylococcus_aureus/truth/Staphylococcus_aureus__diff_k3_rep3_d3.truth.tsv
single	Staphylococcus_aureus__diff_k3_rep3_d5	Staphylococcus_aureus	figure_raw_data/sim_single_species/Staphylococcus_aureus/reads/Staphylococcus_aureus__diff_k3_rep3_d5_R1.fastq.gz	figure_raw_data/sim_single_species/Staphylococcus_aureus/reads/Staphylococcus_aureus__diff_k3_rep3_d5_R2.fastq.gz	figure_raw_data/sim_single_species/Staphylococcus_aureus/truth/Staphylococcus_aureus__diff_k3_rep3_d5.truth.tsv
single	Staphylococcus_aureus__diff_k3_rep3_d10	Staphylococcus_aureus	figure_raw_data/sim_single_species/Staphylococcus_aureus/reads/Staphylococcus_aureus__diff_k3_rep3_d10_R1.fastq.gz	figure_raw_data/sim_single_species/Staphylococcus_aureus/reads/Staphylococcus_aureus__diff_k3_rep3_d10_R2.fastq.gz	figure_raw_data/sim_single_species/Staphylococcus_aureus/truth/Staphylococcus_aureus__diff_k3_rep3_d10.truth.tsv
single	Staphylococcus_aureus__diff_k3_rep4_d0.5	Staphylococcus_aureus	figure_raw_data/sim_single_species/Staphylococcus_aureus/reads/Staphylococcus_aureus__diff_k3_rep4_d0.5_R1.fastq.gz	figure_raw_data/sim_single_species/Staphylococcus_aureus/reads/Staphylococcus_aureus__diff_k3_rep4_d0.5_R2.fastq.gz	figure_raw_data/sim_single_species/Staphylococcus_aureus/truth/Staphylococcus_aureus__diff_k3_rep4_d0.5.truth.tsv
single	Staphylococcus_aureus__diff_k3_rep4_d1	Staphylococcus_aureus	figure_raw_data/sim_single_species/Staphylococcus_aureus/reads/Staphylococcus_aureus__diff_k3_rep4_d1_R1.fastq.gz	figure_raw_data/sim_single_species/Staphylococcus_aureus/reads/Staphylococcus_aureus__diff_k3_rep4_d1_R2.fastq.gz	figure_raw_data/sim_single_species/Staphylococcus_aureus/truth/Staphylococcus_aureus__diff_k3_rep4_d1.truth.tsv
single	Staphylococcus_aureus__diff_k3_rep4_d3	Staphylococcus_aureus	figure_raw_data/sim_single_species/Staphylococcus_aureus/reads/Staphylococcus_aureus__diff_k3_rep4_d3_R1.fastq.gz	figure_raw_data/sim_single_species/Staphylococcus_aureus/reads/Staphylococcus_aureus__diff_k3_rep4_d3_R2.fastq.gz	figure_raw_data/sim_single_species/Staphylococcus_aureus/truth/Staphylococcus_aureus__diff_k3_rep4_d3.truth.tsv
single	Staphylococcus_aureus__diff_k3_rep4_d5	Staphylococcus_aureus	figure_raw_data/sim_single_species/Staphylococcus_aureus/reads/Staphylococcus_aureus__diff_k3_rep4_d5_R1.fastq.gz	figure_raw_data/sim_single_species/Staphylococcus_aureus/reads/Staphylococcus_aureus__diff_k3_rep4_d5_R2.fastq.gz	figure_raw_data/sim_single_species/Staphylococcus_aureus/truth/Staphylococcus_aureus__diff_k3_rep4_d5.truth.tsv
single	Staphylococcus_aureus__diff_k3_rep4_d10	Staphylococcus_aureus	figure_raw_data/sim_single_species/Staphylococcus_aureus/reads/Staphylococcus_aureus__diff_k3_rep4_d10_R1.fastq.gz	figure_raw_data/sim_single_species/Staphylococcus_aureus/reads/Staphylococcus_aureus__diff_k3_rep4_d10_R2.fastq.gz	figure_raw_data/sim_single_species/Staphylococcus_aureus/truth/Staphylococcus_aureus__diff_k3_rep4_d10.truth.tsv
single	Staphylococcus_aureus__diff_k3_rep5_d0.5	Staphylococcus_aureus	figure_raw_data/sim_single_species/Staphylococcus_aureus/reads/Staphylococcus_aureus__diff_k3_rep5_d0.5_R1.fastq.gz	figure_raw_data/sim_single_species/Staphylococcus_aureus/reads/Staphylococcus_aureus__diff_k3_rep5_d0.5_R2.fastq.gz	figure_raw_data/sim_single_species/Staphylococcus_aureus/truth/Staphylococcus_aureus__diff_k3_rep5_d0.5.truth.tsv
single	Staphylococcus_aureus__diff_k3_rep5_d1	Staphylococcus_aureus	figure_raw_data/sim_single_species/Staphylococcus_aureus/reads/Staphylococcus_aureus__diff_k3_rep5_d1_R1.fastq.gz	figure_raw_data/sim_single_species/Staphylococcus_aureus/reads/Staphylococcus_aureus__diff_k3_rep5_d1_R2.fastq.gz	figure_raw_data/sim_single_species/Staphylococcus_aureus/truth/Staphylococcus_aureus__diff_k3_rep5_d1.truth.tsv
single	Staphylococcus_aureus__diff_k3_rep5_d3	Staphylococcus_aureus	figure_raw_data/sim_single_species/Staphylococcus_aureus/reads/Staphylococcus_aureus__diff_k3_rep5_d3_R1.fastq.gz	figure_raw_data/sim_single_species/Staphylococcus_aureus/reads/Staphylococcus_aureus__diff_k3_rep5_d3_R2.fastq.gz	figure_raw_data/sim_single_species/Staphylococcus_aureus/truth/Staphylococcus_aureus__diff_k3_rep5_d3.truth.tsv
single	Staphylococcus_aureus__diff_k3_rep5_d5	Staphylococcus_aureus	figure_raw_data/sim_single_species/Staphylococcus_aureus/reads/Staphylococcus_aureus__diff_k3_rep5_d5_R1.fastq.gz	figure_raw_data/sim_single_species/Staphylococcus_aureus/reads/Staphylococcus_aureus__diff_k3_rep5_d5_R2.fastq.gz	figure_raw_data/sim_single_species/Staphylococcus_aureus/truth/Staphylococcus_aureus__diff_k3_rep5_d5.truth.tsv
single	Staphylococcus_aureus__diff_k3_rep5_d10	Staphylococcus_aureus	figure_raw_data/sim_single_species/Staphylococcus_aureus/reads/Staphylococcus_aureus__diff_k3_rep5_d10_R1.fastq.gz	figure_raw_data/sim_single_species/Staphylococcus_aureus/reads/Staphylococcus_aureus__diff_k3_rep5_d10_R2.fastq.gz	figure_raw_data/sim_single_species/Staphylococcus_aureus/truth/Staphylococcus_aureus__diff_k3_rep5_d10.truth.tsv
single	Staphylococcus_aureus__diff_k5_rep1_d0.5	Staphylococcus_aureus	figure_raw_data/sim_single_species/Staphylococcus_aureus/reads/Staphylococcus_aureus__diff_k5_rep1_d0.5_R1.fastq.gz	figure_raw_data/sim_single_species/Staphylococcus_aureus/reads/Staphylococcus_aureus__diff_k5_rep1_d0.5_R2.fastq.gz	figure_raw_data/sim_single_species/Staphylococcus_aureus/truth/Staphylococcus_aureus__diff_k5_rep1_d0.5.truth.tsv
single	Staphylococcus_aureus__diff_k5_rep1_d1	Staphylococcus_aureus	figure_raw_data/sim_single_species/Staphylococcus_aureus/reads/Staphylococcus_aureus__diff_k5_rep1_d1_R1.fastq.gz	figure_raw_data/sim_single_species/Staphylococcus_aureus/reads/Staphylococcus_aureus__diff_k5_rep1_d1_R2.fastq.gz	figure_raw_data/sim_single_species/Staphylococcus_aureus/truth/Staphylococcus_aureus__diff_k5_rep1_d1.truth.tsv
single	Staphylococcus_aureus__diff_k5_rep1_d3	Staphylococcus_aureus	figure_raw_data/sim_single_species/Staphylococcus_aureus/reads/Staphylococcus_aureus__diff_k5_rep1_d3_R1.fastq.gz	figure_raw_data/sim_single_species/Staphylococcus_aureus/reads/Staphylococcus_aureus__diff_k5_rep1_d3_R2.fastq.gz	figure_raw_data/sim_single_species/Staphylococcus_aureus/truth/Staphylococcus_aureus__diff_k5_rep1_d3.truth.tsv
single	Staphylococcus_aureus__diff_k5_rep1_d5	Staphylococcus_aureus	figure_raw_data/sim_single_species/Staphylococcus_aureus/reads/Staphylococcus_aureus__diff_k5_rep1_d5_R1.fastq.gz	figure_raw_data/sim_single_species/Staphylococcus_aureus/reads/Staphylococcus_aureus__diff_k5_rep1_d5_R2.fastq.gz	figure_raw_data/sim_single_species/Staphylococcus_aureus/truth/Staphylococcus_aureus__diff_k5_rep1_d5.truth.tsv
single	Staphylococcus_aureus__diff_k5_rep1_d10	Staphylococcus_aureus	figure_raw_data/sim_single_species/Staphylococcus_aureus/reads/Staphylococcus_aureus__diff_k5_rep1_d10_R1.fastq.gz	figure_raw_data/sim_single_species/Staphylococcus_aureus/reads/Staphylococcus_aureus__diff_k5_rep1_d10_R2.fastq.gz	figure_raw_data/sim_single_species/Staphylococcus_aureus/truth/Staphylococcus_aureus__diff_k5_rep1_d10.truth.tsv
single	Staphylococcus_aureus__diff_k5_rep2_d0.5	Staphylococcus_aureus	figure_raw_data/sim_single_species/Staphylococcus_aureus/reads/Staphylococcus_aureus__diff_k5_rep2_d0.5_R1.fastq.gz	figure_raw_data/sim_single_species/Staphylococcus_aureus/reads/Staphylococcus_aureus__diff_k5_rep2_d0.5_R2.fastq.gz	figure_raw_data/sim_single_species/Staphylococcus_aureus/truth/Staphylococcus_aureus__diff_k5_rep2_d0.5.truth.tsv
single	Staphylococcus_aureus__diff_k5_rep2_d1	Staphylococcus_aureus	figure_raw_data/sim_single_species/Staphylococcus_aureus/reads/Staphylococcus_aureus__diff_k5_rep2_d1_R1.fastq.gz	figure_raw_data/sim_single_species/Staphylococcus_aureus/reads/Staphylococcus_aureus__diff_k5_rep2_d1_R2.fastq.gz	figure_raw_data/sim_single_species/Staphylococcus_aureus/truth/Staphylococcus_aureus__diff_k5_rep2_d1.truth.tsv
single	Staphylococcus_aureus__diff_k5_rep2_d3	Staphylococcus_aureus	figure_raw_data/sim_single_species/Staphylococcus_aureus/reads/Staphylococcus_aureus__diff_k5_rep2_d3_R1.fastq.gz	figure_raw_data/sim_single_species/Staphylococcus_aureus/reads/Staphylococcus_aureus__diff_k5_rep2_d3_R2.fastq.gz	figure_raw_data/sim_single_species/Staphylococcus_aureus/truth/Staphylococcus_aureus__diff_k5_rep2_d3.truth.tsv
single	Staphylococcus_aureus__diff_k5_rep2_d5	Staphylococcus_aureus	figure_raw_data/sim_single_species/Staphylococcus_aureus/reads/Staphylococcus_aureus__diff_k5_rep2_d5_R1.fastq.gz	figure_raw_data/sim_single_species/Staphylococcus_aureus/reads/Staphylococcus_aureus__diff_k5_rep2_d5_R2.fastq.gz	figure_raw_data/sim_single_species/Staphylococcus_aureus/truth/Staphylococcus_aureus__diff_k5_rep2_d5.truth.tsv
single	Staphylococcus_aureus__diff_k5_rep2_d10	Staphylococcus_aureus	figure_raw_data/sim_single_species/Staphylococcus_aureus/reads/Staphylococcus_aureus__diff_k5_rep2_d10_R1.fastq.gz	figure_raw_data/sim_single_species/Staphylococcus_aureus/reads/Staphylococcus_aureus__diff_k5_rep2_d10_R2.fastq.gz	figure_raw_data/sim_single_species/Staphylococcus_aureus/truth/Staphylococcus_aureus__diff_k5_rep2_d10.truth.tsv
single	Staphylococcus_aureus__diff_k5_rep3_d0.5	Staphylococcus_aureus	figure_raw_data/sim_single_species/Staphylococcus_aureus/reads/Staphylococcus_aureus__diff_k5_rep3_d0.5_R1.fastq.gz	figure_raw_data/sim_single_species/Staphylococcus_aureus/reads/Staphylococcus_aureus__diff_k5_rep3_d0.5_R2.fastq.gz	figure_raw_data/sim_single_species/Staphylococcus_aureus/truth/Staphylococcus_aureus__diff_k5_rep3_d0.5.truth.tsv
single	Staphylococcus_aureus__diff_k5_rep3_d1	Staphylococcus_aureus	figure_raw_data/sim_single_species/Staphylococcus_aureus/reads/Staphylococcus_aureus__diff_k5_rep3_d1_R1.fastq.gz	figure_raw_data/sim_single_species/Staphylococcus_aureus/reads/Staphylococcus_aureus__diff_k5_rep3_d1_R2.fastq.gz	figure_raw_data/sim_single_species/Staphylococcus_aureus/truth/Staphylococcus_aureus__diff_k5_rep3_d1.truth.tsv
single	Staphylococcus_aureus__diff_k5_rep3_d3	Staphylococcus_aureus	figure_raw_data/sim_single_species/Staphylococcus_aureus/reads/Staphylococcus_aureus__diff_k5_rep3_d3_R1.fastq.gz	figure_raw_data/sim_single_species/Staphylococcus_aureus/reads/Staphylococcus_aureus__diff_k5_rep3_d3_R2.fastq.gz	figure_raw_data/sim_single_species/Staphylococcus_aureus/truth/Staphylococcus_aureus__diff_k5_rep3_d3.truth.tsv
single	Staphylococcus_aureus__diff_k5_rep3_d5	Staphylococcus_aureus	figure_raw_data/sim_single_species/Staphylococcus_aureus/reads/Staphylococcus_aureus__diff_k5_rep3_d5_R1.fastq.gz	figure_raw_data/sim_single_species/Staphylococcus_aureus/reads/Staphylococcus_aureus__diff_k5_rep3_d5_R2.fastq.gz	figure_raw_data/sim_single_species/Staphylococcus_aureus/truth/Staphylococcus_aureus__diff_k5_rep3_d5.truth.tsv
single	Staphylococcus_aureus__diff_k5_rep3_d10	Staphylococcus_aureus	figure_raw_data/sim_single_species/Staphylococcus_aureus/reads/Staphylococcus_aureus__diff_k5_rep3_d10_R1.fastq.gz	figure_raw_data/sim_single_species/Staphylococcus_aureus/reads/Staphylococcus_aureus__diff_k5_rep3_d10_R2.fastq.gz	figure_raw_data/sim_single_species/Staphylococcus_aureus/truth/Staphylococcus_aureus__diff_k5_rep3_d10.truth.tsv
single	Staphylococcus_aureus__diff_k5_rep4_d0.5	Staphylococcus_aureus	figure_raw_data/sim_single_species/Staphylococcus_aureus/reads/Staphylococcus_aureus__diff_k5_rep4_d0.5_R1.fastq.gz	figure_raw_data/sim_single_species/Staphylococcus_aureus/reads/Staphylococcus_aureus__diff_k5_rep4_d0.5_R2.fastq.gz	figure_raw_data/sim_single_species/Staphylococcus_aureus/truth/Staphylococcus_aureus__diff_k5_rep4_d0.5.truth.tsv
single	Staphylococcus_aureus__diff_k5_rep4_d1	Staphylococcus_aureus	figure_raw_data/sim_single_species/Staphylococcus_aureus/reads/Staphylococcus_aureus__diff_k5_rep4_d1_R1.fastq.gz	figure_raw_data/sim_single_species/Staphylococcus_aureus/reads/Staphylococcus_aureus__diff_k5_rep4_d1_R2.fastq.gz	figure_raw_data/sim_single_species/Staphylococcus_aureus/truth/Staphylococcus_aureus__diff_k5_rep4_d1.truth.tsv
single	Staphylococcus_aureus__diff_k5_rep4_d3	Staphylococcus_aureus	figure_raw_data/sim_single_species/Staphylococcus_aureus/reads/Staphylococcus_aureus__diff_k5_rep4_d3_R1.fastq.gz	figure_raw_data/sim_single_species/Staphylococcus_aureus/reads/Staphylococcus_aureus__diff_k5_rep4_d3_R2.fastq.gz	figure_raw_data/sim_single_species/Staphylococcus_aureus/truth/Staphylococcus_aureus__diff_k5_rep4_d3.truth.tsv
single	Staphylococcus_aureus__diff_k5_rep4_d5	Staphylococcus_aureus	figure_raw_data/sim_single_species/Staphylococcus_aureus/reads/Staphylococcus_aureus__diff_k5_rep4_d5_R1.fastq.gz	figure_raw_data/sim_single_species/Staphylococcus_aureus/reads/Staphylococcus_aureus__diff_k5_rep4_d5_R2.fastq.gz	figure_raw_data/sim_single_species/Staphylococcus_aureus/truth/Staphylococcus_aureus__diff_k5_rep4_d5.truth.tsv
single	Staphylococcus_aureus__diff_k5_rep4_d10	Staphylococcus_aureus	figure_raw_data/sim_single_species/Staphylococcus_aureus/reads/Staphylococcus_aureus__diff_k5_rep4_d10_R1.fastq.gz	figure_raw_data/sim_single_species/Staphylococcus_aureus/reads/Staphylococcus_aureus__diff_k5_rep4_d10_R2.fastq.gz	figure_raw_data/sim_single_species/Staphylococcus_aureus/truth/Staphylococcus_aureus__diff_k5_rep4_d10.truth.tsv
single	Staphylococcus_aureus__diff_k5_rep5_d0.5	Staphylococcus_aureus	figure_raw_data/sim_single_species/Staphylococcus_aureus/reads/Staphylococcus_aureus__diff_k5_rep5_d0.5_R1.fastq.gz	figure_raw_data/sim_single_species/Staphylococcus_aureus/reads/Staphylococcus_aureus__diff_k5_rep5_d0.5_R2.fastq.gz	figure_raw_data/sim_single_species/Staphylococcus_aureus/truth/Staphylococcus_aureus__diff_k5_rep5_d0.5.truth.tsv
single	Staphylococcus_aureus__diff_k5_rep5_d1	Staphylococcus_aureus	figure_raw_data/sim_single_species/Staphylococcus_aureus/reads/Staphylococcus_aureus__diff_k5_rep5_d1_R1.fastq.gz	figure_raw_data/sim_single_species/Staphylococcus_aureus/reads/Staphylococcus_aureus__diff_k5_rep5_d1_R2.fastq.gz	figure_raw_data/sim_single_species/Staphylococcus_aureus/truth/Staphylococcus_aureus__diff_k5_rep5_d1.truth.tsv
single	Staphylococcus_aureus__diff_k5_rep5_d3	Staphylococcus_aureus	figure_raw_data/sim_single_species/Staphylococcus_aureus/reads/Staphylococcus_aureus__diff_k5_rep5_d3_R1.fastq.gz	figure_raw_data/sim_single_species/Staphylococcus_aureus/reads/Staphylococcus_aureus__diff_k5_rep5_d3_R2.fastq.gz	figure_raw_data/sim_single_species/Staphylococcus_aureus/truth/Staphylococcus_aureus__diff_k5_rep5_d3.truth.tsv
single	Staphylococcus_aureus__diff_k5_rep5_d5	Staphylococcus_aureus	figure_raw_data/sim_single_species/Staphylococcus_aureus/reads/Staphylococcus_aureus__diff_k5_rep5_d5_R1.fastq.gz	figure_raw_data/sim_single_species/Staphylococcus_aureus/reads/Staphylococcus_aureus__diff_k5_rep5_d5_R2.fastq.gz	figure_raw_data/sim_single_species/Staphylococcus_aureus/truth/Staphylococcus_aureus__diff_k5_rep5_d5.truth.tsv
single	Staphylococcus_aureus__diff_k5_rep5_d10	Staphylococcus_aureus	figure_raw_data/sim_single_species/Staphylococcus_aureus/reads/Staphylococcus_aureus__diff_k5_rep5_d10_R1.fastq.gz	figure_raw_data/sim_single_species/Staphylococcus_aureus/reads/Staphylococcus_aureus__diff_k5_rep5_d10_R2.fastq.gz	figure_raw_data/sim_single_species/Staphylococcus_aureus/truth/Staphylococcus_aureus__diff_k5_rep5_d10.truth.tsv
single	Staphylococcus_epidermidis__diff_k2_rep1_d0.5	Staphylococcus_epidermidis	figure_raw_data/sim_single_species/Staphylococcus_epidermidis/reads/Staphylococcus_epidermidis__diff_k2_rep1_d0.5_R1.fastq.gz	figure_raw_data/sim_single_species/Staphylococcus_epidermidis/reads/Staphylococcus_epidermidis__diff_k2_rep1_d0.5_R2.fastq.gz	figure_raw_data/sim_single_species/Staphylococcus_epidermidis/truth/Staphylococcus_epidermidis__diff_k2_rep1_d0.5.truth.tsv
single	Staphylococcus_epidermidis__diff_k2_rep1_d1	Staphylococcus_epidermidis	figure_raw_data/sim_single_species/Staphylococcus_epidermidis/reads/Staphylococcus_epidermidis__diff_k2_rep1_d1_R1.fastq.gz	figure_raw_data/sim_single_species/Staphylococcus_epidermidis/reads/Staphylococcus_epidermidis__diff_k2_rep1_d1_R2.fastq.gz	figure_raw_data/sim_single_species/Staphylococcus_epidermidis/truth/Staphylococcus_epidermidis__diff_k2_rep1_d1.truth.tsv
single	Staphylococcus_epidermidis__diff_k2_rep1_d3	Staphylococcus_epidermidis	figure_raw_data/sim_single_species/Staphylococcus_epidermidis/reads/Staphylococcus_epidermidis__diff_k2_rep1_d3_R1.fastq.gz	figure_raw_data/sim_single_species/Staphylococcus_epidermidis/reads/Staphylococcus_epidermidis__diff_k2_rep1_d3_R2.fastq.gz	figure_raw_data/sim_single_species/Staphylococcus_epidermidis/truth/Staphylococcus_epidermidis__diff_k2_rep1_d3.truth.tsv
single	Staphylococcus_epidermidis__diff_k2_rep1_d5	Staphylococcus_epidermidis	figure_raw_data/sim_single_species/Staphylococcus_epidermidis/reads/Staphylococcus_epidermidis__diff_k2_rep1_d5_R1.fastq.gz	figure_raw_data/sim_single_species/Staphylococcus_epidermidis/reads/Staphylococcus_epidermidis__diff_k2_rep1_d5_R2.fastq.gz	figure_raw_data/sim_single_species/Staphylococcus_epidermidis/truth/Staphylococcus_epidermidis__diff_k2_rep1_d5.truth.tsv
single	Staphylococcus_epidermidis__diff_k2_rep1_d10	Staphylococcus_epidermidis	figure_raw_data/sim_single_species/Staphylococcus_epidermidis/reads/Staphylococcus_epidermidis__diff_k2_rep1_d10_R1.fastq.gz	figure_raw_data/sim_single_species/Staphylococcus_epidermidis/reads/Staphylococcus_epidermidis__diff_k2_rep1_d10_R2.fastq.gz	figure_raw_data/sim_single_species/Staphylococcus_epidermidis/truth/Staphylococcus_epidermidis__diff_k2_rep1_d10.truth.tsv
single	Staphylococcus_epidermidis__diff_k2_rep2_d0.5	Staphylococcus_epidermidis	figure_raw_data/sim_single_species/Staphylococcus_epidermidis/reads/Staphylococcus_epidermidis__diff_k2_rep2_d0.5_R1.fastq.gz	figure_raw_data/sim_single_species/Staphylococcus_epidermidis/reads/Staphylococcus_epidermidis__diff_k2_rep2_d0.5_R2.fastq.gz	figure_raw_data/sim_single_species/Staphylococcus_epidermidis/truth/Staphylococcus_epidermidis__diff_k2_rep2_d0.5.truth.tsv
single	Staphylococcus_epidermidis__diff_k2_rep2_d1	Staphylococcus_epidermidis	figure_raw_data/sim_single_species/Staphylococcus_epidermidis/reads/Staphylococcus_epidermidis__diff_k2_rep2_d1_R1.fastq.gz	figure_raw_data/sim_single_species/Staphylococcus_epidermidis/reads/Staphylococcus_epidermidis__diff_k2_rep2_d1_R2.fastq.gz	figure_raw_data/sim_single_species/Staphylococcus_epidermidis/truth/Staphylococcus_epidermidis__diff_k2_rep2_d1.truth.tsv
single	Staphylococcus_epidermidis__diff_k2_rep2_d3	Staphylococcus_epidermidis	figure_raw_data/sim_single_species/Staphylococcus_epidermidis/reads/Staphylococcus_epidermidis__diff_k2_rep2_d3_R1.fastq.gz	figure_raw_data/sim_single_species/Staphylococcus_epidermidis/reads/Staphylococcus_epidermidis__diff_k2_rep2_d3_R2.fastq.gz	figure_raw_data/sim_single_species/Staphylococcus_epidermidis/truth/Staphylococcus_epidermidis__diff_k2_rep2_d3.truth.tsv
single	Staphylococcus_epidermidis__diff_k2_rep2_d5	Staphylococcus_epidermidis	figure_raw_data/sim_single_species/Staphylococcus_epidermidis/reads/Staphylococcus_epidermidis__diff_k2_rep2_d5_R1.fastq.gz	figure_raw_data/sim_single_species/Staphylococcus_epidermidis/reads/Staphylococcus_epidermidis__diff_k2_rep2_d5_R2.fastq.gz	figure_raw_data/sim_single_species/Staphylococcus_epidermidis/truth/Staphylococcus_epidermidis__diff_k2_rep2_d5.truth.tsv
single	Staphylococcus_epidermidis__diff_k2_rep2_d10	Staphylococcus_epidermidis	figure_raw_data/sim_single_species/Staphylococcus_epidermidis/reads/Staphylococcus_epidermidis__diff_k2_rep2_d10_R1.fastq.gz	figure_raw_data/sim_single_species/Staphylococcus_epidermidis/reads/Staphylococcus_epidermidis__diff_k2_rep2_d10_R2.fastq.gz	figure_raw_data/sim_single_species/Staphylococcus_epidermidis/truth/Staphylococcus_epidermidis__diff_k2_rep2_d10.truth.tsv
single	Staphylococcus_epidermidis__diff_k2_rep3_d0.5	Staphylococcus_epidermidis	figure_raw_data/sim_single_species/Staphylococcus_epidermidis/reads/Staphylococcus_epidermidis__diff_k2_rep3_d0.5_R1.fastq.gz	figure_raw_data/sim_single_species/Staphylococcus_epidermidis/reads/Staphylococcus_epidermidis__diff_k2_rep3_d0.5_R2.fastq.gz	figure_raw_data/sim_single_species/Staphylococcus_epidermidis/truth/Staphylococcus_epidermidis__diff_k2_rep3_d0.5.truth.tsv
single	Staphylococcus_epidermidis__diff_k2_rep3_d1	Staphylococcus_epidermidis	figure_raw_data/sim_single_species/Staphylococcus_epidermidis/reads/Staphylococcus_epidermidis__diff_k2_rep3_d1_R1.fastq.gz	figure_raw_data/sim_single_species/Staphylococcus_epidermidis/reads/Staphylococcus_epidermidis__diff_k2_rep3_d1_R2.fastq.gz	figure_raw_data/sim_single_species/Staphylococcus_epidermidis/truth/Staphylococcus_epidermidis__diff_k2_rep3_d1.truth.tsv
single	Staphylococcus_epidermidis__diff_k2_rep3_d3	Staphylococcus_epidermidis	figure_raw_data/sim_single_species/Staphylococcus_epidermidis/reads/Staphylococcus_epidermidis__diff_k2_rep3_d3_R1.fastq.gz	figure_raw_data/sim_single_species/Staphylococcus_epidermidis/reads/Staphylococcus_epidermidis__diff_k2_rep3_d3_R2.fastq.gz	figure_raw_data/sim_single_species/Staphylococcus_epidermidis/truth/Staphylococcus_epidermidis__diff_k2_rep3_d3.truth.tsv
single	Staphylococcus_epidermidis__diff_k2_rep3_d5	Staphylococcus_epidermidis	figure_raw_data/sim_single_species/Staphylococcus_epidermidis/reads/Staphylococcus_epidermidis__diff_k2_rep3_d5_R1.fastq.gz	figure_raw_data/sim_single_species/Staphylococcus_epidermidis/reads/Staphylococcus_epidermidis__diff_k2_rep3_d5_R2.fastq.gz	figure_raw_data/sim_single_species/Staphylococcus_epidermidis/truth/Staphylococcus_epidermidis__diff_k2_rep3_d5.truth.tsv
single	Staphylococcus_epidermidis__diff_k2_rep3_d10	Staphylococcus_epidermidis	figure_raw_data/sim_single_species/Staphylococcus_epidermidis/reads/Staphylococcus_epidermidis__diff_k2_rep3_d10_R1.fastq.gz	figure_raw_data/sim_single_species/Staphylococcus_epidermidis/reads/Staphylococcus_epidermidis__diff_k2_rep3_d10_R2.fastq.gz	figure_raw_data/sim_single_species/Staphylococcus_epidermidis/truth/Staphylococcus_epidermidis__diff_k2_rep3_d10.truth.tsv
single	Staphylococcus_epidermidis__diff_k2_rep4_d0.5	Staphylococcus_epidermidis	figure_raw_data/sim_single_species/Staphylococcus_epidermidis/reads/Staphylococcus_epidermidis__diff_k2_rep4_d0.5_R1.fastq.gz	figure_raw_data/sim_single_species/Staphylococcus_epidermidis/reads/Staphylococcus_epidermidis__diff_k2_rep4_d0.5_R2.fastq.gz	figure_raw_data/sim_single_species/Staphylococcus_epidermidis/truth/Staphylococcus_epidermidis__diff_k2_rep4_d0.5.truth.tsv
single	Staphylococcus_epidermidis__diff_k2_rep4_d1	Staphylococcus_epidermidis	figure_raw_data/sim_single_species/Staphylococcus_epidermidis/reads/Staphylococcus_epidermidis__diff_k2_rep4_d1_R1.fastq.gz	figure_raw_data/sim_single_species/Staphylococcus_epidermidis/reads/Staphylococcus_epidermidis__diff_k2_rep4_d1_R2.fastq.gz	figure_raw_data/sim_single_species/Staphylococcus_epidermidis/truth/Staphylococcus_epidermidis__diff_k2_rep4_d1.truth.tsv
single	Staphylococcus_epidermidis__diff_k2_rep4_d3	Staphylococcus_epidermidis	figure_raw_data/sim_single_species/Staphylococcus_epidermidis/reads/Staphylococcus_epidermidis__diff_k2_rep4_d3_R1.fastq.gz	figure_raw_data/sim_single_species/Staphylococcus_epidermidis/reads/Staphylococcus_epidermidis__diff_k2_rep4_d3_R2.fastq.gz	figure_raw_data/sim_single_species/Staphylococcus_epidermidis/truth/Staphylococcus_epidermidis__diff_k2_rep4_d3.truth.tsv
single	Staphylococcus_epidermidis__diff_k2_rep4_d5	Staphylococcus_epidermidis	figure_raw_data/sim_single_species/Staphylococcus_epidermidis/reads/Staphylococcus_epidermidis__diff_k2_rep4_d5_R1.fastq.gz	figure_raw_data/sim_single_species/Staphylococcus_epidermidis/reads/Staphylococcus_epidermidis__diff_k2_rep4_d5_R2.fastq.gz	figure_raw_data/sim_single_species/Staphylococcus_epidermidis/truth/Staphylococcus_epidermidis__diff_k2_rep4_d5.truth.tsv
single	Staphylococcus_epidermidis__diff_k2_rep4_d10	Staphylococcus_epidermidis	figure_raw_data/sim_single_species/Staphylococcus_epidermidis/reads/Staphylococcus_epidermidis__diff_k2_rep4_d10_R1.fastq.gz	figure_raw_data/sim_single_species/Staphylococcus_epidermidis/reads/Staphylococcus_epidermidis__diff_k2_rep4_d10_R2.fastq.gz	figure_raw_data/sim_single_species/Staphylococcus_epidermidis/truth/Staphylococcus_epidermidis__diff_k2_rep4_d10.truth.tsv
single	Staphylococcus_epidermidis__diff_k2_rep5_d0.5	Staphylococcus_epidermidis	figure_raw_data/sim_single_species/Staphylococcus_epidermidis/reads/Staphylococcus_epidermidis__diff_k2_rep5_d0.5_R1.fastq.gz	figure_raw_data/sim_single_species/Staphylococcus_epidermidis/reads/Staphylococcus_epidermidis__diff_k2_rep5_d0.5_R2.fastq.gz	figure_raw_data/sim_single_species/Staphylococcus_epidermidis/truth/Staphylococcus_epidermidis__diff_k2_rep5_d0.5.truth.tsv
single	Staphylococcus_epidermidis__diff_k2_rep5_d1	Staphylococcus_epidermidis	figure_raw_data/sim_single_species/Staphylococcus_epidermidis/reads/Staphylococcus_epidermidis__diff_k2_rep5_d1_R1.fastq.gz	figure_raw_data/sim_single_species/Staphylococcus_epidermidis/reads/Staphylococcus_epidermidis__diff_k2_rep5_d1_R2.fastq.gz	figure_raw_data/sim_single_species/Staphylococcus_epidermidis/truth/Staphylococcus_epidermidis__diff_k2_rep5_d1.truth.tsv
single	Staphylococcus_epidermidis__diff_k2_rep5_d3	Staphylococcus_epidermidis	figure_raw_data/sim_single_species/Staphylococcus_epidermidis/reads/Staphylococcus_epidermidis__diff_k2_rep5_d3_R1.fastq.gz	figure_raw_data/sim_single_species/Staphylococcus_epidermidis/reads/Staphylococcus_epidermidis__diff_k2_rep5_d3_R2.fastq.gz	figure_raw_data/sim_single_species/Staphylococcus_epidermidis/truth/Staphylococcus_epidermidis__diff_k2_rep5_d3.truth.tsv
single	Staphylococcus_epidermidis__diff_k2_rep5_d5	Staphylococcus_epidermidis	figure_raw_data/sim_single_species/Staphylococcus_epidermidis/reads/Staphylococcus_epidermidis__diff_k2_rep5_d5_R1.fastq.gz	figure_raw_data/sim_single_species/Staphylococcus_epidermidis/reads/Staphylococcus_epidermidis__diff_k2_rep5_d5_R2.fastq.gz	figure_raw_data/sim_single_species/Staphylococcus_epidermidis/truth/Staphylococcus_epidermidis__diff_k2_rep5_d5.truth.tsv
single	Staphylococcus_epidermidis__diff_k2_rep5_d10	Staphylococcus_epidermidis	figure_raw_data/sim_single_species/Staphylococcus_epidermidis/reads/Staphylococcus_epidermidis__diff_k2_rep5_d10_R1.fastq.gz	figure_raw_data/sim_single_species/Staphylococcus_epidermidis/reads/Staphylococcus_epidermidis__diff_k2_rep5_d10_R2.fastq.gz	figure_raw_data/sim_single_species/Staphylococcus_epidermidis/truth/Staphylococcus_epidermidis__diff_k2_rep5_d10.truth.tsv
single	Staphylococcus_epidermidis__diff_k3_rep1_d0.5	Staphylococcus_epidermidis	figure_raw_data/sim_single_species/Staphylococcus_epidermidis/reads/Staphylococcus_epidermidis__diff_k3_rep1_d0.5_R1.fastq.gz	figure_raw_data/sim_single_species/Staphylococcus_epidermidis/reads/Staphylococcus_epidermidis__diff_k3_rep1_d0.5_R2.fastq.gz	figure_raw_data/sim_single_species/Staphylococcus_epidermidis/truth/Staphylococcus_epidermidis__diff_k3_rep1_d0.5.truth.tsv
single	Staphylococcus_epidermidis__diff_k3_rep1_d1	Staphylococcus_epidermidis	figure_raw_data/sim_single_species/Staphylococcus_epidermidis/reads/Staphylococcus_epidermidis__diff_k3_rep1_d1_R1.fastq.gz	figure_raw_data/sim_single_species/Staphylococcus_epidermidis/reads/Staphylococcus_epidermidis__diff_k3_rep1_d1_R2.fastq.gz	figure_raw_data/sim_single_species/Staphylococcus_epidermidis/truth/Staphylococcus_epidermidis__diff_k3_rep1_d1.truth.tsv
single	Staphylococcus_epidermidis__diff_k3_rep1_d3	Staphylococcus_epidermidis	figure_raw_data/sim_single_species/Staphylococcus_epidermidis/reads/Staphylococcus_epidermidis__diff_k3_rep1_d3_R1.fastq.gz	figure_raw_data/sim_single_species/Staphylococcus_epidermidis/reads/Staphylococcus_epidermidis__diff_k3_rep1_d3_R2.fastq.gz	figure_raw_data/sim_single_species/Staphylococcus_epidermidis/truth/Staphylococcus_epidermidis__diff_k3_rep1_d3.truth.tsv
single	Staphylococcus_epidermidis__diff_k3_rep1_d5	Staphylococcus_epidermidis	figure_raw_data/sim_single_species/Staphylococcus_epidermidis/reads/Staphylococcus_epidermidis__diff_k3_rep1_d5_R1.fastq.gz	figure_raw_data/sim_single_species/Staphylococcus_epidermidis/reads/Staphylococcus_epidermidis__diff_k3_rep1_d5_R2.fastq.gz	figure_raw_data/sim_single_species/Staphylococcus_epidermidis/truth/Staphylococcus_epidermidis__diff_k3_rep1_d5.truth.tsv
single	Staphylococcus_epidermidis__diff_k3_rep1_d10	Staphylococcus_epidermidis	figure_raw_data/sim_single_species/Staphylococcus_epidermidis/reads/Staphylococcus_epidermidis__diff_k3_rep1_d10_R1.fastq.gz	figure_raw_data/sim_single_species/Staphylococcus_epidermidis/reads/Staphylococcus_epidermidis__diff_k3_rep1_d10_R2.fastq.gz	figure_raw_data/sim_single_species/Staphylococcus_epidermidis/truth/Staphylococcus_epidermidis__diff_k3_rep1_d10.truth.tsv
single	Staphylococcus_epidermidis__diff_k3_rep2_d0.5	Staphylococcus_epidermidis	figure_raw_data/sim_single_species/Staphylococcus_epidermidis/reads/Staphylococcus_epidermidis__diff_k3_rep2_d0.5_R1.fastq.gz	figure_raw_data/sim_single_species/Staphylococcus_epidermidis/reads/Staphylococcus_epidermidis__diff_k3_rep2_d0.5_R2.fastq.gz	figure_raw_data/sim_single_species/Staphylococcus_epidermidis/truth/Staphylococcus_epidermidis__diff_k3_rep2_d0.5.truth.tsv
single	Staphylococcus_epidermidis__diff_k3_rep2_d1	Staphylococcus_epidermidis	figure_raw_data/sim_single_species/Staphylococcus_epidermidis/reads/Staphylococcus_epidermidis__diff_k3_rep2_d1_R1.fastq.gz	figure_raw_data/sim_single_species/Staphylococcus_epidermidis/reads/Staphylococcus_epidermidis__diff_k3_rep2_d1_R2.fastq.gz	figure_raw_data/sim_single_species/Staphylococcus_epidermidis/truth/Staphylococcus_epidermidis__diff_k3_rep2_d1.truth.tsv
single	Staphylococcus_epidermidis__diff_k3_rep2_d3	Staphylococcus_epidermidis	figure_raw_data/sim_single_species/Staphylococcus_epidermidis/reads/Staphylococcus_epidermidis__diff_k3_rep2_d3_R1.fastq.gz	figure_raw_data/sim_single_species/Staphylococcus_epidermidis/reads/Staphylococcus_epidermidis__diff_k3_rep2_d3_R2.fastq.gz	figure_raw_data/sim_single_species/Staphylococcus_epidermidis/truth/Staphylococcus_epidermidis__diff_k3_rep2_d3.truth.tsv
single	Staphylococcus_epidermidis__diff_k3_rep2_d5	Staphylococcus_epidermidis	figure_raw_data/sim_single_species/Staphylococcus_epidermidis/reads/Staphylococcus_epidermidis__diff_k3_rep2_d5_R1.fastq.gz	figure_raw_data/sim_single_species/Staphylococcus_epidermidis/reads/Staphylococcus_epidermidis__diff_k3_rep2_d5_R2.fastq.gz	figure_raw_data/sim_single_species/Staphylococcus_epidermidis/truth/Staphylococcus_epidermidis__diff_k3_rep2_d5.truth.tsv
single	Staphylococcus_epidermidis__diff_k3_rep2_d10	Staphylococcus_epidermidis	figure_raw_data/sim_single_species/Staphylococcus_epidermidis/reads/Staphylococcus_epidermidis__diff_k3_rep2_d10_R1.fastq.gz	figure_raw_data/sim_single_species/Staphylococcus_epidermidis/reads/Staphylococcus_epidermidis__diff_k3_rep2_d10_R2.fastq.gz	figure_raw_data/sim_single_species/Staphylococcus_epidermidis/truth/Staphylococcus_epidermidis__diff_k3_rep2_d10.truth.tsv
single	Staphylococcus_epidermidis__diff_k3_rep3_d0.5	Staphylococcus_epidermidis	figure_raw_data/sim_single_species/Staphylococcus_epidermidis/reads/Staphylococcus_epidermidis__diff_k3_rep3_d0.5_R1.fastq.gz	figure_raw_data/sim_single_species/Staphylococcus_epidermidis/reads/Staphylococcus_epidermidis__diff_k3_rep3_d0.5_R2.fastq.gz	figure_raw_data/sim_single_species/Staphylococcus_epidermidis/truth/Staphylococcus_epidermidis__diff_k3_rep3_d0.5.truth.tsv
single	Staphylococcus_epidermidis__diff_k3_rep3_d1	Staphylococcus_epidermidis	figure_raw_data/sim_single_species/Staphylococcus_epidermidis/reads/Staphylococcus_epidermidis__diff_k3_rep3_d1_R1.fastq.gz	figure_raw_data/sim_single_species/Staphylococcus_epidermidis/reads/Staphylococcus_epidermidis__diff_k3_rep3_d1_R2.fastq.gz	figure_raw_data/sim_single_species/Staphylococcus_epidermidis/truth/Staphylococcus_epidermidis__diff_k3_rep3_d1.truth.tsv
single	Staphylococcus_epidermidis__diff_k3_rep3_d3	Staphylococcus_epidermidis	figure_raw_data/sim_single_species/Staphylococcus_epidermidis/reads/Staphylococcus_epidermidis__diff_k3_rep3_d3_R1.fastq.gz	figure_raw_data/sim_single_species/Staphylococcus_epidermidis/reads/Staphylococcus_epidermidis__diff_k3_rep3_d3_R2.fastq.gz	figure_raw_data/sim_single_species/Staphylococcus_epidermidis/truth/Staphylococcus_epidermidis__diff_k3_rep3_d3.truth.tsv
single	Staphylococcus_epidermidis__diff_k3_rep3_d5	Staphylococcus_epidermidis	figure_raw_data/sim_single_species/Staphylococcus_epidermidis/reads/Staphylococcus_epidermidis__diff_k3_rep3_d5_R1.fastq.gz	figure_raw_data/sim_single_species/Staphylococcus_epidermidis/reads/Staphylococcus_epidermidis__diff_k3_rep3_d5_R2.fastq.gz	figure_raw_data/sim_single_species/Staphylococcus_epidermidis/truth/Staphylococcus_epidermidis__diff_k3_rep3_d5.truth.tsv
single	Staphylococcus_epidermidis__diff_k3_rep3_d10	Staphylococcus_epidermidis	figure_raw_data/sim_single_species/Staphylococcus_epidermidis/reads/Staphylococcus_epidermidis__diff_k3_rep3_d10_R1.fastq.gz	figure_raw_data/sim_single_species/Staphylococcus_epidermidis/reads/Staphylococcus_epidermidis__diff_k3_rep3_d10_R2.fastq.gz	figure_raw_data/sim_single_species/Staphylococcus_epidermidis/truth/Staphylococcus_epidermidis__diff_k3_rep3_d10.truth.tsv
single	Staphylococcus_epidermidis__diff_k3_rep4_d0.5	Staphylococcus_epidermidis	figure_raw_data/sim_single_species/Staphylococcus_epidermidis/reads/Staphylococcus_epidermidis__diff_k3_rep4_d0.5_R1.fastq.gz	figure_raw_data/sim_single_species/Staphylococcus_epidermidis/reads/Staphylococcus_epidermidis__diff_k3_rep4_d0.5_R2.fastq.gz	figure_raw_data/sim_single_species/Staphylococcus_epidermidis/truth/Staphylococcus_epidermidis__diff_k3_rep4_d0.5.truth.tsv
single	Staphylococcus_epidermidis__diff_k3_rep4_d1	Staphylococcus_epidermidis	figure_raw_data/sim_single_species/Staphylococcus_epidermidis/reads/Staphylococcus_epidermidis__diff_k3_rep4_d1_R1.fastq.gz	figure_raw_data/sim_single_species/Staphylococcus_epidermidis/reads/Staphylococcus_epidermidis__diff_k3_rep4_d1_R2.fastq.gz	figure_raw_data/sim_single_species/Staphylococcus_epidermidis/truth/Staphylococcus_epidermidis__diff_k3_rep4_d1.truth.tsv
single	Staphylococcus_epidermidis__diff_k3_rep4_d3	Staphylococcus_epidermidis	figure_raw_data/sim_single_species/Staphylococcus_epidermidis/reads/Staphylococcus_epidermidis__diff_k3_rep4_d3_R1.fastq.gz	figure_raw_data/sim_single_species/Staphylococcus_epidermidis/reads/Staphylococcus_epidermidis__diff_k3_rep4_d3_R2.fastq.gz	figure_raw_data/sim_single_species/Staphylococcus_epidermidis/truth/Staphylococcus_epidermidis__diff_k3_rep4_d3.truth.tsv
single	Staphylococcus_epidermidis__diff_k3_rep4_d5	Staphylococcus_epidermidis	figure_raw_data/sim_single_species/Staphylococcus_epidermidis/reads/Staphylococcus_epidermidis__diff_k3_rep4_d5_R1.fastq.gz	figure_raw_data/sim_single_species/Staphylococcus_epidermidis/reads/Staphylococcus_epidermidis__diff_k3_rep4_d5_R2.fastq.gz	figure_raw_data/sim_single_species/Staphylococcus_epidermidis/truth/Staphylococcus_epidermidis__diff_k3_rep4_d5.truth.tsv
single	Staphylococcus_epidermidis__diff_k3_rep4_d10	Staphylococcus_epidermidis	figure_raw_data/sim_single_species/Staphylococcus_epidermidis/reads/Staphylococcus_epidermidis__diff_k3_rep4_d10_R1.fastq.gz	figure_raw_data/sim_single_species/Staphylococcus_epidermidis/reads/Staphylococcus_epidermidis__diff_k3_rep4_d10_R2.fastq.gz	figure_raw_data/sim_single_species/Staphylococcus_epidermidis/truth/Staphylococcus_epidermidis__diff_k3_rep4_d10.truth.tsv
single	Staphylococcus_epidermidis__diff_k3_rep5_d0.5	Staphylococcus_epidermidis	figure_raw_data/sim_single_species/Staphylococcus_epidermidis/reads/Staphylococcus_epidermidis__diff_k3_rep5_d0.5_R1.fastq.gz	figure_raw_data/sim_single_species/Staphylococcus_epidermidis/reads/Staphylococcus_epidermidis__diff_k3_rep5_d0.5_R2.fastq.gz	figure_raw_data/sim_single_species/Staphylococcus_epidermidis/truth/Staphylococcus_epidermidis__diff_k3_rep5_d0.5.truth.tsv
single	Staphylococcus_epidermidis__diff_k3_rep5_d1	Staphylococcus_epidermidis	figure_raw_data/sim_single_species/Staphylococcus_epidermidis/reads/Staphylococcus_epidermidis__diff_k3_rep5_d1_R1.fastq.gz	figure_raw_data/sim_single_species/Staphylococcus_epidermidis/reads/Staphylococcus_epidermidis__diff_k3_rep5_d1_R2.fastq.gz	figure_raw_data/sim_single_species/Staphylococcus_epidermidis/truth/Staphylococcus_epidermidis__diff_k3_rep5_d1.truth.tsv
single	Staphylococcus_epidermidis__diff_k3_rep5_d3	Staphylococcus_epidermidis	figure_raw_data/sim_single_species/Staphylococcus_epidermidis/reads/Staphylococcus_epidermidis__diff_k3_rep5_d3_R1.fastq.gz	figure_raw_data/sim_single_species/Staphylococcus_epidermidis/reads/Staphylococcus_epidermidis__diff_k3_rep5_d3_R2.fastq.gz	figure_raw_data/sim_single_species/Staphylococcus_epidermidis/truth/Staphylococcus_epidermidis__diff_k3_rep5_d3.truth.tsv
single	Staphylococcus_epidermidis__diff_k3_rep5_d5	Staphylococcus_epidermidis	figure_raw_data/sim_single_species/Staphylococcus_epidermidis/reads/Staphylococcus_epidermidis__diff_k3_rep5_d5_R1.fastq.gz	figure_raw_data/sim_single_species/Staphylococcus_epidermidis/reads/Staphylococcus_epidermidis__diff_k3_rep5_d5_R2.fastq.gz	figure_raw_data/sim_single_species/Staphylococcus_epidermidis/truth/Staphylococcus_epidermidis__diff_k3_rep5_d5.truth.tsv
single	Staphylococcus_epidermidis__diff_k3_rep5_d10	Staphylococcus_epidermidis	figure_raw_data/sim_single_species/Staphylococcus_epidermidis/reads/Staphylococcus_epidermidis__diff_k3_rep5_d10_R1.fastq.gz	figure_raw_data/sim_single_species/Staphylococcus_epidermidis/reads/Staphylococcus_epidermidis__diff_k3_rep5_d10_R2.fastq.gz	figure_raw_data/sim_single_species/Staphylococcus_epidermidis/truth/Staphylococcus_epidermidis__diff_k3_rep5_d10.truth.tsv
single	Staphylococcus_epidermidis__diff_k5_rep1_d0.5	Staphylococcus_epidermidis	figure_raw_data/sim_single_species/Staphylococcus_epidermidis/reads/Staphylococcus_epidermidis__diff_k5_rep1_d0.5_R1.fastq.gz	figure_raw_data/sim_single_species/Staphylococcus_epidermidis/reads/Staphylococcus_epidermidis__diff_k5_rep1_d0.5_R2.fastq.gz	figure_raw_data/sim_single_species/Staphylococcus_epidermidis/truth/Staphylococcus_epidermidis__diff_k5_rep1_d0.5.truth.tsv
single	Staphylococcus_epidermidis__diff_k5_rep1_d1	Staphylococcus_epidermidis	figure_raw_data/sim_single_species/Staphylococcus_epidermidis/reads/Staphylococcus_epidermidis__diff_k5_rep1_d1_R1.fastq.gz	figure_raw_data/sim_single_species/Staphylococcus_epidermidis/reads/Staphylococcus_epidermidis__diff_k5_rep1_d1_R2.fastq.gz	figure_raw_data/sim_single_species/Staphylococcus_epidermidis/truth/Staphylococcus_epidermidis__diff_k5_rep1_d1.truth.tsv
single	Staphylococcus_epidermidis__diff_k5_rep1_d3	Staphylococcus_epidermidis	figure_raw_data/sim_single_species/Staphylococcus_epidermidis/reads/Staphylococcus_epidermidis__diff_k5_rep1_d3_R1.fastq.gz	figure_raw_data/sim_single_species/Staphylococcus_epidermidis/reads/Staphylococcus_epidermidis__diff_k5_rep1_d3_R2.fastq.gz	figure_raw_data/sim_single_species/Staphylococcus_epidermidis/truth/Staphylococcus_epidermidis__diff_k5_rep1_d3.truth.tsv
single	Staphylococcus_epidermidis__diff_k5_rep1_d5	Staphylococcus_epidermidis	figure_raw_data/sim_single_species/Staphylococcus_epidermidis/reads/Staphylococcus_epidermidis__diff_k5_rep1_d5_R1.fastq.gz	figure_raw_data/sim_single_species/Staphylococcus_epidermidis/reads/Staphylococcus_epidermidis__diff_k5_rep1_d5_R2.fastq.gz	figure_raw_data/sim_single_species/Staphylococcus_epidermidis/truth/Staphylococcus_epidermidis__diff_k5_rep1_d5.truth.tsv
single	Staphylococcus_epidermidis__diff_k5_rep1_d10	Staphylococcus_epidermidis	figure_raw_data/sim_single_species/Staphylococcus_epidermidis/reads/Staphylococcus_epidermidis__diff_k5_rep1_d10_R1.fastq.gz	figure_raw_data/sim_single_species/Staphylococcus_epidermidis/reads/Staphylococcus_epidermidis__diff_k5_rep1_d10_R2.fastq.gz	figure_raw_data/sim_single_species/Staphylococcus_epidermidis/truth/Staphylococcus_epidermidis__diff_k5_rep1_d10.truth.tsv
single	Staphylococcus_epidermidis__diff_k5_rep2_d0.5	Staphylococcus_epidermidis	figure_raw_data/sim_single_species/Staphylococcus_epidermidis/reads/Staphylococcus_epidermidis__diff_k5_rep2_d0.5_R1.fastq.gz	figure_raw_data/sim_single_species/Staphylococcus_epidermidis/reads/Staphylococcus_epidermidis__diff_k5_rep2_d0.5_R2.fastq.gz	figure_raw_data/sim_single_species/Staphylococcus_epidermidis/truth/Staphylococcus_epidermidis__diff_k5_rep2_d0.5.truth.tsv
single	Staphylococcus_epidermidis__diff_k5_rep2_d1	Staphylococcus_epidermidis	figure_raw_data/sim_single_species/Staphylococcus_epidermidis/reads/Staphylococcus_epidermidis__diff_k5_rep2_d1_R1.fastq.gz	figure_raw_data/sim_single_species/Staphylococcus_epidermidis/reads/Staphylococcus_epidermidis__diff_k5_rep2_d1_R2.fastq.gz	figure_raw_data/sim_single_species/Staphylococcus_epidermidis/truth/Staphylococcus_epidermidis__diff_k5_rep2_d1.truth.tsv
single	Staphylococcus_epidermidis__diff_k5_rep2_d3	Staphylococcus_epidermidis	figure_raw_data/sim_single_species/Staphylococcus_epidermidis/reads/Staphylococcus_epidermidis__diff_k5_rep2_d3_R1.fastq.gz	figure_raw_data/sim_single_species/Staphylococcus_epidermidis/reads/Staphylococcus_epidermidis__diff_k5_rep2_d3_R2.fastq.gz	figure_raw_data/sim_single_species/Staphylococcus_epidermidis/truth/Staphylococcus_epidermidis__diff_k5_rep2_d3.truth.tsv
single	Staphylococcus_epidermidis__diff_k5_rep2_d5	Staphylococcus_epidermidis	figure_raw_data/sim_single_species/Staphylococcus_epidermidis/reads/Staphylococcus_epidermidis__diff_k5_rep2_d5_R1.fastq.gz	figure_raw_data/sim_single_species/Staphylococcus_epidermidis/reads/Staphylococcus_epidermidis__diff_k5_rep2_d5_R2.fastq.gz	figure_raw_data/sim_single_species/Staphylococcus_epidermidis/truth/Staphylococcus_epidermidis__diff_k5_rep2_d5.truth.tsv
single	Staphylococcus_epidermidis__diff_k5_rep2_d10	Staphylococcus_epidermidis	figure_raw_data/sim_single_species/Staphylococcus_epidermidis/reads/Staphylococcus_epidermidis__diff_k5_rep2_d10_R1.fastq.gz	figure_raw_data/sim_single_species/Staphylococcus_epidermidis/reads/Staphylococcus_epidermidis__diff_k5_rep2_d10_R2.fastq.gz	figure_raw_data/sim_single_species/Staphylococcus_epidermidis/truth/Staphylococcus_epidermidis__diff_k5_rep2_d10.truth.tsv
single	Staphylococcus_epidermidis__diff_k5_rep3_d0.5	Staphylococcus_epidermidis	figure_raw_data/sim_single_species/Staphylococcus_epidermidis/reads/Staphylococcus_epidermidis__diff_k5_rep3_d0.5_R1.fastq.gz	figure_raw_data/sim_single_species/Staphylococcus_epidermidis/reads/Staphylococcus_epidermidis__diff_k5_rep3_d0.5_R2.fastq.gz	figure_raw_data/sim_single_species/Staphylococcus_epidermidis/truth/Staphylococcus_epidermidis__diff_k5_rep3_d0.5.truth.tsv
single	Staphylococcus_epidermidis__diff_k5_rep3_d1	Staphylococcus_epidermidis	figure_raw_data/sim_single_species/Staphylococcus_epidermidis/reads/Staphylococcus_epidermidis__diff_k5_rep3_d1_R1.fastq.gz	figure_raw_data/sim_single_species/Staphylococcus_epidermidis/reads/Staphylococcus_epidermidis__diff_k5_rep3_d1_R2.fastq.gz	figure_raw_data/sim_single_species/Staphylococcus_epidermidis/truth/Staphylococcus_epidermidis__diff_k5_rep3_d1.truth.tsv
single	Staphylococcus_epidermidis__diff_k5_rep3_d3	Staphylococcus_epidermidis	figure_raw_data/sim_single_species/Staphylococcus_epidermidis/reads/Staphylococcus_epidermidis__diff_k5_rep3_d3_R1.fastq.gz	figure_raw_data/sim_single_species/Staphylococcus_epidermidis/reads/Staphylococcus_epidermidis__diff_k5_rep3_d3_R2.fastq.gz	figure_raw_data/sim_single_species/Staphylococcus_epidermidis/truth/Staphylococcus_epidermidis__diff_k5_rep3_d3.truth.tsv
single	Staphylococcus_epidermidis__diff_k5_rep3_d5	Staphylococcus_epidermidis	figure_raw_data/sim_single_species/Staphylococcus_epidermidis/reads/Staphylococcus_epidermidis__diff_k5_rep3_d5_R1.fastq.gz	figure_raw_data/sim_single_species/Staphylococcus_epidermidis/reads/Staphylococcus_epidermidis__diff_k5_rep3_d5_R2.fastq.gz	figure_raw_data/sim_single_species/Staphylococcus_epidermidis/truth/Staphylococcus_epidermidis__diff_k5_rep3_d5.truth.tsv
single	Staphylococcus_epidermidis__diff_k5_rep3_d10	Staphylococcus_epidermidis	figure_raw_data/sim_single_species/Staphylococcus_epidermidis/reads/Staphylococcus_epidermidis__diff_k5_rep3_d10_R1.fastq.gz	figure_raw_data/sim_single_species/Staphylococcus_epidermidis/reads/Staphylococcus_epidermidis__diff_k5_rep3_d10_R2.fastq.gz	figure_raw_data/sim_single_species/Staphylococcus_epidermidis/truth/Staphylococcus_epidermidis__diff_k5_rep3_d10.truth.tsv
single	Staphylococcus_epidermidis__diff_k5_rep4_d0.5	Staphylococcus_epidermidis	figure_raw_data/sim_single_species/Staphylococcus_epidermidis/reads/Staphylococcus_epidermidis__diff_k5_rep4_d0.5_R1.fastq.gz	figure_raw_data/sim_single_species/Staphylococcus_epidermidis/reads/Staphylococcus_epidermidis__diff_k5_rep4_d0.5_R2.fastq.gz	figure_raw_data/sim_single_species/Staphylococcus_epidermidis/truth/Staphylococcus_epidermidis__diff_k5_rep4_d0.5.truth.tsv
single	Staphylococcus_epidermidis__diff_k5_rep4_d1	Staphylococcus_epidermidis	figure_raw_data/sim_single_species/Staphylococcus_epidermidis/reads/Staphylococcus_epidermidis__diff_k5_rep4_d1_R1.fastq.gz	figure_raw_data/sim_single_species/Staphylococcus_epidermidis/reads/Staphylococcus_epidermidis__diff_k5_rep4_d1_R2.fastq.gz	figure_raw_data/sim_single_species/Staphylococcus_epidermidis/truth/Staphylococcus_epidermidis__diff_k5_rep4_d1.truth.tsv
single	Staphylococcus_epidermidis__diff_k5_rep4_d3	Staphylococcus_epidermidis	figure_raw_data/sim_single_species/Staphylococcus_epidermidis/reads/Staphylococcus_epidermidis__diff_k5_rep4_d3_R1.fastq.gz	figure_raw_data/sim_single_species/Staphylococcus_epidermidis/reads/Staphylococcus_epidermidis__diff_k5_rep4_d3_R2.fastq.gz	figure_raw_data/sim_single_species/Staphylococcus_epidermidis/truth/Staphylococcus_epidermidis__diff_k5_rep4_d3.truth.tsv
single	Staphylococcus_epidermidis__diff_k5_rep4_d5	Staphylococcus_epidermidis	figure_raw_data/sim_single_species/Staphylococcus_epidermidis/reads/Staphylococcus_epidermidis__diff_k5_rep4_d5_R1.fastq.gz	figure_raw_data/sim_single_species/Staphylococcus_epidermidis/reads/Staphylococcus_epidermidis__diff_k5_rep4_d5_R2.fastq.gz	figure_raw_data/sim_single_species/Staphylococcus_epidermidis/truth/Staphylococcus_epidermidis__diff_k5_rep4_d5.truth.tsv
single	Staphylococcus_epidermidis__diff_k5_rep4_d10	Staphylococcus_epidermidis	figure_raw_data/sim_single_species/Staphylococcus_epidermidis/reads/Staphylococcus_epidermidis__diff_k5_rep4_d10_R1.fastq.gz	figure_raw_data/sim_single_species/Staphylococcus_epidermidis/reads/Staphylococcus_epidermidis__diff_k5_rep4_d10_R2.fastq.gz	figure_raw_data/sim_single_species/Staphylococcus_epidermidis/truth/Staphylococcus_epidermidis__diff_k5_rep4_d10.truth.tsv
single	Staphylococcus_epidermidis__diff_k5_rep5_d0.5	Staphylococcus_epidermidis	figure_raw_data/sim_single_species/Staphylococcus_epidermidis/reads/Staphylococcus_epidermidis__diff_k5_rep5_d0.5_R1.fastq.gz	figure_raw_data/sim_single_species/Staphylococcus_epidermidis/reads/Staphylococcus_epidermidis__diff_k5_rep5_d0.5_R2.fastq.gz	figure_raw_data/sim_single_species/Staphylococcus_epidermidis/truth/Staphylococcus_epidermidis__diff_k5_rep5_d0.5.truth.tsv
single	Staphylococcus_epidermidis__diff_k5_rep5_d1	Staphylococcus_epidermidis	figure_raw_data/sim_single_species/Staphylococcus_epidermidis/reads/Staphylococcus_epidermidis__diff_k5_rep5_d1_R1.fastq.gz	figure_raw_data/sim_single_species/Staphylococcus_epidermidis/reads/Staphylococcus_epidermidis__diff_k5_rep5_d1_R2.fastq.gz	figure_raw_data/sim_single_species/Staphylococcus_epidermidis/truth/Staphylococcus_epidermidis__diff_k5_rep5_d1.truth.tsv
single	Staphylococcus_epidermidis__diff_k5_rep5_d3	Staphylococcus_epidermidis	figure_raw_data/sim_single_species/Staphylococcus_epidermidis/reads/Staphylococcus_epidermidis__diff_k5_rep5_d3_R1.fastq.gz	figure_raw_data/sim_single_species/Staphylococcus_epidermidis/reads/Staphylococcus_epidermidis__diff_k5_rep5_d3_R2.fastq.gz	figure_raw_data/sim_single_species/Staphylococcus_epidermidis/truth/Staphylococcus_epidermidis__diff_k5_rep5_d3.truth.tsv
single	Staphylococcus_epidermidis__diff_k5_rep5_d5	Staphylococcus_epidermidis	figure_raw_data/sim_single_species/Staphylococcus_epidermidis/reads/Staphylococcus_epidermidis__diff_k5_rep5_d5_R1.fastq.gz	figure_raw_data/sim_single_species/Staphylococcus_epidermidis/reads/Staphylococcus_epidermidis__diff_k5_rep5_d5_R2.fastq.gz	figure_raw_data/sim_single_species/Staphylococcus_epidermidis/truth/Staphylococcus_epidermidis__diff_k5_rep5_d5.truth.tsv
single	Staphylococcus_epidermidis__diff_k5_rep5_d10	Staphylococcus_epidermidis	figure_raw_data/sim_single_species/Staphylococcus_epidermidis/reads/Staphylococcus_epidermidis__diff_k5_rep5_d10_R1.fastq.gz	figure_raw_data/sim_single_species/Staphylococcus_epidermidis/reads/Staphylococcus_epidermidis__diff_k5_rep5_d10_R2.fastq.gz	figure_raw_data/sim_single_species/Staphylococcus_epidermidis/truth/Staphylococcus_epidermidis__diff_k5_rep5_d10.truth.tsv
single	Streptococcus_pneumoniae__diff_k2_rep1_d0.5	Streptococcus_pneumoniae	figure_raw_data/sim_single_species/Streptococcus_pneumoniae/reads/Streptococcus_pneumoniae__diff_k2_rep1_d0.5_R1.fastq.gz	figure_raw_data/sim_single_species/Streptococcus_pneumoniae/reads/Streptococcus_pneumoniae__diff_k2_rep1_d0.5_R2.fastq.gz	figure_raw_data/sim_single_species/Streptococcus_pneumoniae/truth/Streptococcus_pneumoniae__diff_k2_rep1_d0.5.truth.tsv
single	Streptococcus_pneumoniae__diff_k2_rep1_d1	Streptococcus_pneumoniae	figure_raw_data/sim_single_species/Streptococcus_pneumoniae/reads/Streptococcus_pneumoniae__diff_k2_rep1_d1_R1.fastq.gz	figure_raw_data/sim_single_species/Streptococcus_pneumoniae/reads/Streptococcus_pneumoniae__diff_k2_rep1_d1_R2.fastq.gz	figure_raw_data/sim_single_species/Streptococcus_pneumoniae/truth/Streptococcus_pneumoniae__diff_k2_rep1_d1.truth.tsv
single	Streptococcus_pneumoniae__diff_k2_rep1_d3	Streptococcus_pneumoniae	figure_raw_data/sim_single_species/Streptococcus_pneumoniae/reads/Streptococcus_pneumoniae__diff_k2_rep1_d3_R1.fastq.gz	figure_raw_data/sim_single_species/Streptococcus_pneumoniae/reads/Streptococcus_pneumoniae__diff_k2_rep1_d3_R2.fastq.gz	figure_raw_data/sim_single_species/Streptococcus_pneumoniae/truth/Streptococcus_pneumoniae__diff_k2_rep1_d3.truth.tsv
single	Streptococcus_pneumoniae__diff_k2_rep1_d5	Streptococcus_pneumoniae	figure_raw_data/sim_single_species/Streptococcus_pneumoniae/reads/Streptococcus_pneumoniae__diff_k2_rep1_d5_R1.fastq.gz	figure_raw_data/sim_single_species/Streptococcus_pneumoniae/reads/Streptococcus_pneumoniae__diff_k2_rep1_d5_R2.fastq.gz	figure_raw_data/sim_single_species/Streptococcus_pneumoniae/truth/Streptococcus_pneumoniae__diff_k2_rep1_d5.truth.tsv
single	Streptococcus_pneumoniae__diff_k2_rep1_d10	Streptococcus_pneumoniae	figure_raw_data/sim_single_species/Streptococcus_pneumoniae/reads/Streptococcus_pneumoniae__diff_k2_rep1_d10_R1.fastq.gz	figure_raw_data/sim_single_species/Streptococcus_pneumoniae/reads/Streptococcus_pneumoniae__diff_k2_rep1_d10_R2.fastq.gz	figure_raw_data/sim_single_species/Streptococcus_pneumoniae/truth/Streptococcus_pneumoniae__diff_k2_rep1_d10.truth.tsv
single	Streptococcus_pneumoniae__diff_k2_rep2_d0.5	Streptococcus_pneumoniae	figure_raw_data/sim_single_species/Streptococcus_pneumoniae/reads/Streptococcus_pneumoniae__diff_k2_rep2_d0.5_R1.fastq.gz	figure_raw_data/sim_single_species/Streptococcus_pneumoniae/reads/Streptococcus_pneumoniae__diff_k2_rep2_d0.5_R2.fastq.gz	figure_raw_data/sim_single_species/Streptococcus_pneumoniae/truth/Streptococcus_pneumoniae__diff_k2_rep2_d0.5.truth.tsv
single	Streptococcus_pneumoniae__diff_k2_rep2_d1	Streptococcus_pneumoniae	figure_raw_data/sim_single_species/Streptococcus_pneumoniae/reads/Streptococcus_pneumoniae__diff_k2_rep2_d1_R1.fastq.gz	figure_raw_data/sim_single_species/Streptococcus_pneumoniae/reads/Streptococcus_pneumoniae__diff_k2_rep2_d1_R2.fastq.gz	figure_raw_data/sim_single_species/Streptococcus_pneumoniae/truth/Streptococcus_pneumoniae__diff_k2_rep2_d1.truth.tsv
single	Streptococcus_pneumoniae__diff_k2_rep2_d3	Streptococcus_pneumoniae	figure_raw_data/sim_single_species/Streptococcus_pneumoniae/reads/Streptococcus_pneumoniae__diff_k2_rep2_d3_R1.fastq.gz	figure_raw_data/sim_single_species/Streptococcus_pneumoniae/reads/Streptococcus_pneumoniae__diff_k2_rep2_d3_R2.fastq.gz	figure_raw_data/sim_single_species/Streptococcus_pneumoniae/truth/Streptococcus_pneumoniae__diff_k2_rep2_d3.truth.tsv
single	Streptococcus_pneumoniae__diff_k2_rep2_d5	Streptococcus_pneumoniae	figure_raw_data/sim_single_species/Streptococcus_pneumoniae/reads/Streptococcus_pneumoniae__diff_k2_rep2_d5_R1.fastq.gz	figure_raw_data/sim_single_species/Streptococcus_pneumoniae/reads/Streptococcus_pneumoniae__diff_k2_rep2_d5_R2.fastq.gz	figure_raw_data/sim_single_species/Streptococcus_pneumoniae/truth/Streptococcus_pneumoniae__diff_k2_rep2_d5.truth.tsv
single	Streptococcus_pneumoniae__diff_k2_rep2_d10	Streptococcus_pneumoniae	figure_raw_data/sim_single_species/Streptococcus_pneumoniae/reads/Streptococcus_pneumoniae__diff_k2_rep2_d10_R1.fastq.gz	figure_raw_data/sim_single_species/Streptococcus_pneumoniae/reads/Streptococcus_pneumoniae__diff_k2_rep2_d10_R2.fastq.gz	figure_raw_data/sim_single_species/Streptococcus_pneumoniae/truth/Streptococcus_pneumoniae__diff_k2_rep2_d10.truth.tsv
single	Streptococcus_pneumoniae__diff_k2_rep3_d0.5	Streptococcus_pneumoniae	figure_raw_data/sim_single_species/Streptococcus_pneumoniae/reads/Streptococcus_pneumoniae__diff_k2_rep3_d0.5_R1.fastq.gz	figure_raw_data/sim_single_species/Streptococcus_pneumoniae/reads/Streptococcus_pneumoniae__diff_k2_rep3_d0.5_R2.fastq.gz	figure_raw_data/sim_single_species/Streptococcus_pneumoniae/truth/Streptococcus_pneumoniae__diff_k2_rep3_d0.5.truth.tsv
single	Streptococcus_pneumoniae__diff_k2_rep3_d1	Streptococcus_pneumoniae	figure_raw_data/sim_single_species/Streptococcus_pneumoniae/reads/Streptococcus_pneumoniae__diff_k2_rep3_d1_R1.fastq.gz	figure_raw_data/sim_single_species/Streptococcus_pneumoniae/reads/Streptococcus_pneumoniae__diff_k2_rep3_d1_R2.fastq.gz	figure_raw_data/sim_single_species/Streptococcus_pneumoniae/truth/Streptococcus_pneumoniae__diff_k2_rep3_d1.truth.tsv
single	Streptococcus_pneumoniae__diff_k2_rep3_d3	Streptococcus_pneumoniae	figure_raw_data/sim_single_species/Streptococcus_pneumoniae/reads/Streptococcus_pneumoniae__diff_k2_rep3_d3_R1.fastq.gz	figure_raw_data/sim_single_species/Streptococcus_pneumoniae/reads/Streptococcus_pneumoniae__diff_k2_rep3_d3_R2.fastq.gz	figure_raw_data/sim_single_species/Streptococcus_pneumoniae/truth/Streptococcus_pneumoniae__diff_k2_rep3_d3.truth.tsv
single	Streptococcus_pneumoniae__diff_k2_rep3_d5	Streptococcus_pneumoniae	figure_raw_data/sim_single_species/Streptococcus_pneumoniae/reads/Streptococcus_pneumoniae__diff_k2_rep3_d5_R1.fastq.gz	figure_raw_data/sim_single_species/Streptococcus_pneumoniae/reads/Streptococcus_pneumoniae__diff_k2_rep3_d5_R2.fastq.gz	figure_raw_data/sim_single_species/Streptococcus_pneumoniae/truth/Streptococcus_pneumoniae__diff_k2_rep3_d5.truth.tsv
single	Streptococcus_pneumoniae__diff_k2_rep3_d10	Streptococcus_pneumoniae	figure_raw_data/sim_single_species/Streptococcus_pneumoniae/reads/Streptococcus_pneumoniae__diff_k2_rep3_d10_R1.fastq.gz	figure_raw_data/sim_single_species/Streptococcus_pneumoniae/reads/Streptococcus_pneumoniae__diff_k2_rep3_d10_R2.fastq.gz	figure_raw_data/sim_single_species/Streptococcus_pneumoniae/truth/Streptococcus_pneumoniae__diff_k2_rep3_d10.truth.tsv
single	Streptococcus_pneumoniae__diff_k2_rep4_d0.5	Streptococcus_pneumoniae	figure_raw_data/sim_single_species/Streptococcus_pneumoniae/reads/Streptococcus_pneumoniae__diff_k2_rep4_d0.5_R1.fastq.gz	figure_raw_data/sim_single_species/Streptococcus_pneumoniae/reads/Streptococcus_pneumoniae__diff_k2_rep4_d0.5_R2.fastq.gz	figure_raw_data/sim_single_species/Streptococcus_pneumoniae/truth/Streptococcus_pneumoniae__diff_k2_rep4_d0.5.truth.tsv
single	Streptococcus_pneumoniae__diff_k2_rep4_d1	Streptococcus_pneumoniae	figure_raw_data/sim_single_species/Streptococcus_pneumoniae/reads/Streptococcus_pneumoniae__diff_k2_rep4_d1_R1.fastq.gz	figure_raw_data/sim_single_species/Streptococcus_pneumoniae/reads/Streptococcus_pneumoniae__diff_k2_rep4_d1_R2.fastq.gz	figure_raw_data/sim_single_species/Streptococcus_pneumoniae/truth/Streptococcus_pneumoniae__diff_k2_rep4_d1.truth.tsv
single	Streptococcus_pneumoniae__diff_k2_rep4_d3	Streptococcus_pneumoniae	figure_raw_data/sim_single_species/Streptococcus_pneumoniae/reads/Streptococcus_pneumoniae__diff_k2_rep4_d3_R1.fastq.gz	figure_raw_data/sim_single_species/Streptococcus_pneumoniae/reads/Streptococcus_pneumoniae__diff_k2_rep4_d3_R2.fastq.gz	figure_raw_data/sim_single_species/Streptococcus_pneumoniae/truth/Streptococcus_pneumoniae__diff_k2_rep4_d3.truth.tsv
single	Streptococcus_pneumoniae__diff_k2_rep4_d5	Streptococcus_pneumoniae	figure_raw_data/sim_single_species/Streptococcus_pneumoniae/reads/Streptococcus_pneumoniae__diff_k2_rep4_d5_R1.fastq.gz	figure_raw_data/sim_single_species/Streptococcus_pneumoniae/reads/Streptococcus_pneumoniae__diff_k2_rep4_d5_R2.fastq.gz	figure_raw_data/sim_single_species/Streptococcus_pneumoniae/truth/Streptococcus_pneumoniae__diff_k2_rep4_d5.truth.tsv
single	Streptococcus_pneumoniae__diff_k2_rep4_d10	Streptococcus_pneumoniae	figure_raw_data/sim_single_species/Streptococcus_pneumoniae/reads/Streptococcus_pneumoniae__diff_k2_rep4_d10_R1.fastq.gz	figure_raw_data/sim_single_species/Streptococcus_pneumoniae/reads/Streptococcus_pneumoniae__diff_k2_rep4_d10_R2.fastq.gz	figure_raw_data/sim_single_species/Streptococcus_pneumoniae/truth/Streptococcus_pneumoniae__diff_k2_rep4_d10.truth.tsv
single	Streptococcus_pneumoniae__diff_k2_rep5_d0.5	Streptococcus_pneumoniae	figure_raw_data/sim_single_species/Streptococcus_pneumoniae/reads/Streptococcus_pneumoniae__diff_k2_rep5_d0.5_R1.fastq.gz	figure_raw_data/sim_single_species/Streptococcus_pneumoniae/reads/Streptococcus_pneumoniae__diff_k2_rep5_d0.5_R2.fastq.gz	figure_raw_data/sim_single_species/Streptococcus_pneumoniae/truth/Streptococcus_pneumoniae__diff_k2_rep5_d0.5.truth.tsv
single	Streptococcus_pneumoniae__diff_k2_rep5_d1	Streptococcus_pneumoniae	figure_raw_data/sim_single_species/Streptococcus_pneumoniae/reads/Streptococcus_pneumoniae__diff_k2_rep5_d1_R1.fastq.gz	figure_raw_data/sim_single_species/Streptococcus_pneumoniae/reads/Streptococcus_pneumoniae__diff_k2_rep5_d1_R2.fastq.gz	figure_raw_data/sim_single_species/Streptococcus_pneumoniae/truth/Streptococcus_pneumoniae__diff_k2_rep5_d1.truth.tsv
single	Streptococcus_pneumoniae__diff_k2_rep5_d3	Streptococcus_pneumoniae	figure_raw_data/sim_single_species/Streptococcus_pneumoniae/reads/Streptococcus_pneumoniae__diff_k2_rep5_d3_R1.fastq.gz	figure_raw_data/sim_single_species/Streptococcus_pneumoniae/reads/Streptococcus_pneumoniae__diff_k2_rep5_d3_R2.fastq.gz	figure_raw_data/sim_single_species/Streptococcus_pneumoniae/truth/Streptococcus_pneumoniae__diff_k2_rep5_d3.truth.tsv
single	Streptococcus_pneumoniae__diff_k2_rep5_d5	Streptococcus_pneumoniae	figure_raw_data/sim_single_species/Streptococcus_pneumoniae/reads/Streptococcus_pneumoniae__diff_k2_rep5_d5_R1.fastq.gz	figure_raw_data/sim_single_species/Streptococcus_pneumoniae/reads/Streptococcus_pneumoniae__diff_k2_rep5_d5_R2.fastq.gz	figure_raw_data/sim_single_species/Streptococcus_pneumoniae/truth/Streptococcus_pneumoniae__diff_k2_rep5_d5.truth.tsv
single	Streptococcus_pneumoniae__diff_k2_rep5_d10	Streptococcus_pneumoniae	figure_raw_data/sim_single_species/Streptococcus_pneumoniae/reads/Streptococcus_pneumoniae__diff_k2_rep5_d10_R1.fastq.gz	figure_raw_data/sim_single_species/Streptococcus_pneumoniae/reads/Streptococcus_pneumoniae__diff_k2_rep5_d10_R2.fastq.gz	figure_raw_data/sim_single_species/Streptococcus_pneumoniae/truth/Streptococcus_pneumoniae__diff_k2_rep5_d10.truth.tsv
single	Streptococcus_pneumoniae__diff_k3_rep1_d0.5	Streptococcus_pneumoniae	figure_raw_data/sim_single_species/Streptococcus_pneumoniae/reads/Streptococcus_pneumoniae__diff_k3_rep1_d0.5_R1.fastq.gz	figure_raw_data/sim_single_species/Streptococcus_pneumoniae/reads/Streptococcus_pneumoniae__diff_k3_rep1_d0.5_R2.fastq.gz	figure_raw_data/sim_single_species/Streptococcus_pneumoniae/truth/Streptococcus_pneumoniae__diff_k3_rep1_d0.5.truth.tsv
single	Streptococcus_pneumoniae__diff_k3_rep1_d1	Streptococcus_pneumoniae	figure_raw_data/sim_single_species/Streptococcus_pneumoniae/reads/Streptococcus_pneumoniae__diff_k3_rep1_d1_R1.fastq.gz	figure_raw_data/sim_single_species/Streptococcus_pneumoniae/reads/Streptococcus_pneumoniae__diff_k3_rep1_d1_R2.fastq.gz	figure_raw_data/sim_single_species/Streptococcus_pneumoniae/truth/Streptococcus_pneumoniae__diff_k3_rep1_d1.truth.tsv
single	Streptococcus_pneumoniae__diff_k3_rep1_d3	Streptococcus_pneumoniae	figure_raw_data/sim_single_species/Streptococcus_pneumoniae/reads/Streptococcus_pneumoniae__diff_k3_rep1_d3_R1.fastq.gz	figure_raw_data/sim_single_species/Streptococcus_pneumoniae/reads/Streptococcus_pneumoniae__diff_k3_rep1_d3_R2.fastq.gz	figure_raw_data/sim_single_species/Streptococcus_pneumoniae/truth/Streptococcus_pneumoniae__diff_k3_rep1_d3.truth.tsv
single	Streptococcus_pneumoniae__diff_k3_rep1_d5	Streptococcus_pneumoniae	figure_raw_data/sim_single_species/Streptococcus_pneumoniae/reads/Streptococcus_pneumoniae__diff_k3_rep1_d5_R1.fastq.gz	figure_raw_data/sim_single_species/Streptococcus_pneumoniae/reads/Streptococcus_pneumoniae__diff_k3_rep1_d5_R2.fastq.gz	figure_raw_data/sim_single_species/Streptococcus_pneumoniae/truth/Streptococcus_pneumoniae__diff_k3_rep1_d5.truth.tsv
single	Streptococcus_pneumoniae__diff_k3_rep1_d10	Streptococcus_pneumoniae	figure_raw_data/sim_single_species/Streptococcus_pneumoniae/reads/Streptococcus_pneumoniae__diff_k3_rep1_d10_R1.fastq.gz	figure_raw_data/sim_single_species/Streptococcus_pneumoniae/reads/Streptococcus_pneumoniae__diff_k3_rep1_d10_R2.fastq.gz	figure_raw_data/sim_single_species/Streptococcus_pneumoniae/truth/Streptococcus_pneumoniae__diff_k3_rep1_d10.truth.tsv
single	Streptococcus_pneumoniae__diff_k3_rep2_d0.5	Streptococcus_pneumoniae	figure_raw_data/sim_single_species/Streptococcus_pneumoniae/reads/Streptococcus_pneumoniae__diff_k3_rep2_d0.5_R1.fastq.gz	figure_raw_data/sim_single_species/Streptococcus_pneumoniae/reads/Streptococcus_pneumoniae__diff_k3_rep2_d0.5_R2.fastq.gz	figure_raw_data/sim_single_species/Streptococcus_pneumoniae/truth/Streptococcus_pneumoniae__diff_k3_rep2_d0.5.truth.tsv
single	Streptococcus_pneumoniae__diff_k3_rep2_d1	Streptococcus_pneumoniae	figure_raw_data/sim_single_species/Streptococcus_pneumoniae/reads/Streptococcus_pneumoniae__diff_k3_rep2_d1_R1.fastq.gz	figure_raw_data/sim_single_species/Streptococcus_pneumoniae/reads/Streptococcus_pneumoniae__diff_k3_rep2_d1_R2.fastq.gz	figure_raw_data/sim_single_species/Streptococcus_pneumoniae/truth/Streptococcus_pneumoniae__diff_k3_rep2_d1.truth.tsv
single	Streptococcus_pneumoniae__diff_k3_rep2_d3	Streptococcus_pneumoniae	figure_raw_data/sim_single_species/Streptococcus_pneumoniae/reads/Streptococcus_pneumoniae__diff_k3_rep2_d3_R1.fastq.gz	figure_raw_data/sim_single_species/Streptococcus_pneumoniae/reads/Streptococcus_pneumoniae__diff_k3_rep2_d3_R2.fastq.gz	figure_raw_data/sim_single_species/Streptococcus_pneumoniae/truth/Streptococcus_pneumoniae__diff_k3_rep2_d3.truth.tsv
single	Streptococcus_pneumoniae__diff_k3_rep2_d5	Streptococcus_pneumoniae	figure_raw_data/sim_single_species/Streptococcus_pneumoniae/reads/Streptococcus_pneumoniae__diff_k3_rep2_d5_R1.fastq.gz	figure_raw_data/sim_single_species/Streptococcus_pneumoniae/reads/Streptococcus_pneumoniae__diff_k3_rep2_d5_R2.fastq.gz	figure_raw_data/sim_single_species/Streptococcus_pneumoniae/truth/Streptococcus_pneumoniae__diff_k3_rep2_d5.truth.tsv
single	Streptococcus_pneumoniae__diff_k3_rep2_d10	Streptococcus_pneumoniae	figure_raw_data/sim_single_species/Streptococcus_pneumoniae/reads/Streptococcus_pneumoniae__diff_k3_rep2_d10_R1.fastq.gz	figure_raw_data/sim_single_species/Streptococcus_pneumoniae/reads/Streptococcus_pneumoniae__diff_k3_rep2_d10_R2.fastq.gz	figure_raw_data/sim_single_species/Streptococcus_pneumoniae/truth/Streptococcus_pneumoniae__diff_k3_rep2_d10.truth.tsv
single	Streptococcus_pneumoniae__diff_k3_rep3_d0.5	Streptococcus_pneumoniae	figure_raw_data/sim_single_species/Streptococcus_pneumoniae/reads/Streptococcus_pneumoniae__diff_k3_rep3_d0.5_R1.fastq.gz	figure_raw_data/sim_single_species/Streptococcus_pneumoniae/reads/Streptococcus_pneumoniae__diff_k3_rep3_d0.5_R2.fastq.gz	figure_raw_data/sim_single_species/Streptococcus_pneumoniae/truth/Streptococcus_pneumoniae__diff_k3_rep3_d0.5.truth.tsv
single	Streptococcus_pneumoniae__diff_k3_rep3_d1	Streptococcus_pneumoniae	figure_raw_data/sim_single_species/Streptococcus_pneumoniae/reads/Streptococcus_pneumoniae__diff_k3_rep3_d1_R1.fastq.gz	figure_raw_data/sim_single_species/Streptococcus_pneumoniae/reads/Streptococcus_pneumoniae__diff_k3_rep3_d1_R2.fastq.gz	figure_raw_data/sim_single_species/Streptococcus_pneumoniae/truth/Streptococcus_pneumoniae__diff_k3_rep3_d1.truth.tsv
single	Streptococcus_pneumoniae__diff_k3_rep3_d3	Streptococcus_pneumoniae	figure_raw_data/sim_single_species/Streptococcus_pneumoniae/reads/Streptococcus_pneumoniae__diff_k3_rep3_d3_R1.fastq.gz	figure_raw_data/sim_single_species/Streptococcus_pneumoniae/reads/Streptococcus_pneumoniae__diff_k3_rep3_d3_R2.fastq.gz	figure_raw_data/sim_single_species/Streptococcus_pneumoniae/truth/Streptococcus_pneumoniae__diff_k3_rep3_d3.truth.tsv
single	Streptococcus_pneumoniae__diff_k3_rep3_d5	Streptococcus_pneumoniae	figure_raw_data/sim_single_species/Streptococcus_pneumoniae/reads/Streptococcus_pneumoniae__diff_k3_rep3_d5_R1.fastq.gz	figure_raw_data/sim_single_species/Streptococcus_pneumoniae/reads/Streptococcus_pneumoniae__diff_k3_rep3_d5_R2.fastq.gz	figure_raw_data/sim_single_species/Streptococcus_pneumoniae/truth/Streptococcus_pneumoniae__diff_k3_rep3_d5.truth.tsv
single	Streptococcus_pneumoniae__diff_k3_rep3_d10	Streptococcus_pneumoniae	figure_raw_data/sim_single_species/Streptococcus_pneumoniae/reads/Streptococcus_pneumoniae__diff_k3_rep3_d10_R1.fastq.gz	figure_raw_data/sim_single_species/Streptococcus_pneumoniae/reads/Streptococcus_pneumoniae__diff_k3_rep3_d10_R2.fastq.gz	figure_raw_data/sim_single_species/Streptococcus_pneumoniae/truth/Streptococcus_pneumoniae__diff_k3_rep3_d10.truth.tsv
single	Streptococcus_pneumoniae__diff_k3_rep4_d0.5	Streptococcus_pneumoniae	figure_raw_data/sim_single_species/Streptococcus_pneumoniae/reads/Streptococcus_pneumoniae__diff_k3_rep4_d0.5_R1.fastq.gz	figure_raw_data/sim_single_species/Streptococcus_pneumoniae/reads/Streptococcus_pneumoniae__diff_k3_rep4_d0.5_R2.fastq.gz	figure_raw_data/sim_single_species/Streptococcus_pneumoniae/truth/Streptococcus_pneumoniae__diff_k3_rep4_d0.5.truth.tsv
single	Streptococcus_pneumoniae__diff_k3_rep4_d1	Streptococcus_pneumoniae	figure_raw_data/sim_single_species/Streptococcus_pneumoniae/reads/Streptococcus_pneumoniae__diff_k3_rep4_d1_R1.fastq.gz	figure_raw_data/sim_single_species/Streptococcus_pneumoniae/reads/Streptococcus_pneumoniae__diff_k3_rep4_d1_R2.fastq.gz	figure_raw_data/sim_single_species/Streptococcus_pneumoniae/truth/Streptococcus_pneumoniae__diff_k3_rep4_d1.truth.tsv
single	Streptococcus_pneumoniae__diff_k3_rep4_d3	Streptococcus_pneumoniae	figure_raw_data/sim_single_species/Streptococcus_pneumoniae/reads/Streptococcus_pneumoniae__diff_k3_rep4_d3_R1.fastq.gz	figure_raw_data/sim_single_species/Streptococcus_pneumoniae/reads/Streptococcus_pneumoniae__diff_k3_rep4_d3_R2.fastq.gz	figure_raw_data/sim_single_species/Streptococcus_pneumoniae/truth/Streptococcus_pneumoniae__diff_k3_rep4_d3.truth.tsv
single	Streptococcus_pneumoniae__diff_k3_rep4_d5	Streptococcus_pneumoniae	figure_raw_data/sim_single_species/Streptococcus_pneumoniae/reads/Streptococcus_pneumoniae__diff_k3_rep4_d5_R1.fastq.gz	figure_raw_data/sim_single_species/Streptococcus_pneumoniae/reads/Streptococcus_pneumoniae__diff_k3_rep4_d5_R2.fastq.gz	figure_raw_data/sim_single_species/Streptococcus_pneumoniae/truth/Streptococcus_pneumoniae__diff_k3_rep4_d5.truth.tsv
single	Streptococcus_pneumoniae__diff_k3_rep4_d10	Streptococcus_pneumoniae	figure_raw_data/sim_single_species/Streptococcus_pneumoniae/reads/Streptococcus_pneumoniae__diff_k3_rep4_d10_R1.fastq.gz	figure_raw_data/sim_single_species/Streptococcus_pneumoniae/reads/Streptococcus_pneumoniae__diff_k3_rep4_d10_R2.fastq.gz	figure_raw_data/sim_single_species/Streptococcus_pneumoniae/truth/Streptococcus_pneumoniae__diff_k3_rep4_d10.truth.tsv
single	Streptococcus_pneumoniae__diff_k3_rep5_d0.5	Streptococcus_pneumoniae	figure_raw_data/sim_single_species/Streptococcus_pneumoniae/reads/Streptococcus_pneumoniae__diff_k3_rep5_d0.5_R1.fastq.gz	figure_raw_data/sim_single_species/Streptococcus_pneumoniae/reads/Streptococcus_pneumoniae__diff_k3_rep5_d0.5_R2.fastq.gz	figure_raw_data/sim_single_species/Streptococcus_pneumoniae/truth/Streptococcus_pneumoniae__diff_k3_rep5_d0.5.truth.tsv
single	Streptococcus_pneumoniae__diff_k3_rep5_d1	Streptococcus_pneumoniae	figure_raw_data/sim_single_species/Streptococcus_pneumoniae/reads/Streptococcus_pneumoniae__diff_k3_rep5_d1_R1.fastq.gz	figure_raw_data/sim_single_species/Streptococcus_pneumoniae/reads/Streptococcus_pneumoniae__diff_k3_rep5_d1_R2.fastq.gz	figure_raw_data/sim_single_species/Streptococcus_pneumoniae/truth/Streptococcus_pneumoniae__diff_k3_rep5_d1.truth.tsv
single	Streptococcus_pneumoniae__diff_k3_rep5_d3	Streptococcus_pneumoniae	figure_raw_data/sim_single_species/Streptococcus_pneumoniae/reads/Streptococcus_pneumoniae__diff_k3_rep5_d3_R1.fastq.gz	figure_raw_data/sim_single_species/Streptococcus_pneumoniae/reads/Streptococcus_pneumoniae__diff_k3_rep5_d3_R2.fastq.gz	figure_raw_data/sim_single_species/Streptococcus_pneumoniae/truth/Streptococcus_pneumoniae__diff_k3_rep5_d3.truth.tsv
single	Streptococcus_pneumoniae__diff_k3_rep5_d5	Streptococcus_pneumoniae	figure_raw_data/sim_single_species/Streptococcus_pneumoniae/reads/Streptococcus_pneumoniae__diff_k3_rep5_d5_R1.fastq.gz	figure_raw_data/sim_single_species/Streptococcus_pneumoniae/reads/Streptococcus_pneumoniae__diff_k3_rep5_d5_R2.fastq.gz	figure_raw_data/sim_single_species/Streptococcus_pneumoniae/truth/Streptococcus_pneumoniae__diff_k3_rep5_d5.truth.tsv
single	Streptococcus_pneumoniae__diff_k3_rep5_d10	Streptococcus_pneumoniae	figure_raw_data/sim_single_species/Streptococcus_pneumoniae/reads/Streptococcus_pneumoniae__diff_k3_rep5_d10_R1.fastq.gz	figure_raw_data/sim_single_species/Streptococcus_pneumoniae/reads/Streptococcus_pneumoniae__diff_k3_rep5_d10_R2.fastq.gz	figure_raw_data/sim_single_species/Streptococcus_pneumoniae/truth/Streptococcus_pneumoniae__diff_k3_rep5_d10.truth.tsv
single	Streptococcus_pneumoniae__diff_k5_rep1_d0.5	Streptococcus_pneumoniae	figure_raw_data/sim_single_species/Streptococcus_pneumoniae/reads/Streptococcus_pneumoniae__diff_k5_rep1_d0.5_R1.fastq.gz	figure_raw_data/sim_single_species/Streptococcus_pneumoniae/reads/Streptococcus_pneumoniae__diff_k5_rep1_d0.5_R2.fastq.gz	figure_raw_data/sim_single_species/Streptococcus_pneumoniae/truth/Streptococcus_pneumoniae__diff_k5_rep1_d0.5.truth.tsv
single	Streptococcus_pneumoniae__diff_k5_rep1_d1	Streptococcus_pneumoniae	figure_raw_data/sim_single_species/Streptococcus_pneumoniae/reads/Streptococcus_pneumoniae__diff_k5_rep1_d1_R1.fastq.gz	figure_raw_data/sim_single_species/Streptococcus_pneumoniae/reads/Streptococcus_pneumoniae__diff_k5_rep1_d1_R2.fastq.gz	figure_raw_data/sim_single_species/Streptococcus_pneumoniae/truth/Streptococcus_pneumoniae__diff_k5_rep1_d1.truth.tsv
single	Streptococcus_pneumoniae__diff_k5_rep1_d3	Streptococcus_pneumoniae	figure_raw_data/sim_single_species/Streptococcus_pneumoniae/reads/Streptococcus_pneumoniae__diff_k5_rep1_d3_R1.fastq.gz	figure_raw_data/sim_single_species/Streptococcus_pneumoniae/reads/Streptococcus_pneumoniae__diff_k5_rep1_d3_R2.fastq.gz	figure_raw_data/sim_single_species/Streptococcus_pneumoniae/truth/Streptococcus_pneumoniae__diff_k5_rep1_d3.truth.tsv
single	Streptococcus_pneumoniae__diff_k5_rep1_d5	Streptococcus_pneumoniae	figure_raw_data/sim_single_species/Streptococcus_pneumoniae/reads/Streptococcus_pneumoniae__diff_k5_rep1_d5_R1.fastq.gz	figure_raw_data/sim_single_species/Streptococcus_pneumoniae/reads/Streptococcus_pneumoniae__diff_k5_rep1_d5_R2.fastq.gz	figure_raw_data/sim_single_species/Streptococcus_pneumoniae/truth/Streptococcus_pneumoniae__diff_k5_rep1_d5.truth.tsv
single	Streptococcus_pneumoniae__diff_k5_rep1_d10	Streptococcus_pneumoniae	figure_raw_data/sim_single_species/Streptococcus_pneumoniae/reads/Streptococcus_pneumoniae__diff_k5_rep1_d10_R1.fastq.gz	figure_raw_data/sim_single_species/Streptococcus_pneumoniae/reads/Streptococcus_pneumoniae__diff_k5_rep1_d10_R2.fastq.gz	figure_raw_data/sim_single_species/Streptococcus_pneumoniae/truth/Streptococcus_pneumoniae__diff_k5_rep1_d10.truth.tsv
single	Streptococcus_pneumoniae__diff_k5_rep2_d0.5	Streptococcus_pneumoniae	figure_raw_data/sim_single_species/Streptococcus_pneumoniae/reads/Streptococcus_pneumoniae__diff_k5_rep2_d0.5_R1.fastq.gz	figure_raw_data/sim_single_species/Streptococcus_pneumoniae/reads/Streptococcus_pneumoniae__diff_k5_rep2_d0.5_R2.fastq.gz	figure_raw_data/sim_single_species/Streptococcus_pneumoniae/truth/Streptococcus_pneumoniae__diff_k5_rep2_d0.5.truth.tsv
single	Streptococcus_pneumoniae__diff_k5_rep2_d1	Streptococcus_pneumoniae	figure_raw_data/sim_single_species/Streptococcus_pneumoniae/reads/Streptococcus_pneumoniae__diff_k5_rep2_d1_R1.fastq.gz	figure_raw_data/sim_single_species/Streptococcus_pneumoniae/reads/Streptococcus_pneumoniae__diff_k5_rep2_d1_R2.fastq.gz	figure_raw_data/sim_single_species/Streptococcus_pneumoniae/truth/Streptococcus_pneumoniae__diff_k5_rep2_d1.truth.tsv
single	Streptococcus_pneumoniae__diff_k5_rep2_d3	Streptococcus_pneumoniae	figure_raw_data/sim_single_species/Streptococcus_pneumoniae/reads/Streptococcus_pneumoniae__diff_k5_rep2_d3_R1.fastq.gz	figure_raw_data/sim_single_species/Streptococcus_pneumoniae/reads/Streptococcus_pneumoniae__diff_k5_rep2_d3_R2.fastq.gz	figure_raw_data/sim_single_species/Streptococcus_pneumoniae/truth/Streptococcus_pneumoniae__diff_k5_rep2_d3.truth.tsv
single	Streptococcus_pneumoniae__diff_k5_rep2_d5	Streptococcus_pneumoniae	figure_raw_data/sim_single_species/Streptococcus_pneumoniae/reads/Streptococcus_pneumoniae__diff_k5_rep2_d5_R1.fastq.gz	figure_raw_data/sim_single_species/Streptococcus_pneumoniae/reads/Streptococcus_pneumoniae__diff_k5_rep2_d5_R2.fastq.gz	figure_raw_data/sim_single_species/Streptococcus_pneumoniae/truth/Streptococcus_pneumoniae__diff_k5_rep2_d5.truth.tsv
single	Streptococcus_pneumoniae__diff_k5_rep2_d10	Streptococcus_pneumoniae	figure_raw_data/sim_single_species/Streptococcus_pneumoniae/reads/Streptococcus_pneumoniae__diff_k5_rep2_d10_R1.fastq.gz	figure_raw_data/sim_single_species/Streptococcus_pneumoniae/reads/Streptococcus_pneumoniae__diff_k5_rep2_d10_R2.fastq.gz	figure_raw_data/sim_single_species/Streptococcus_pneumoniae/truth/Streptococcus_pneumoniae__diff_k5_rep2_d10.truth.tsv
single	Streptococcus_pneumoniae__diff_k5_rep3_d0.5	Streptococcus_pneumoniae	figure_raw_data/sim_single_species/Streptococcus_pneumoniae/reads/Streptococcus_pneumoniae__diff_k5_rep3_d0.5_R1.fastq.gz	figure_raw_data/sim_single_species/Streptococcus_pneumoniae/reads/Streptococcus_pneumoniae__diff_k5_rep3_d0.5_R2.fastq.gz	figure_raw_data/sim_single_species/Streptococcus_pneumoniae/truth/Streptococcus_pneumoniae__diff_k5_rep3_d0.5.truth.tsv
single	Streptococcus_pneumoniae__diff_k5_rep3_d1	Streptococcus_pneumoniae	figure_raw_data/sim_single_species/Streptococcus_pneumoniae/reads/Streptococcus_pneumoniae__diff_k5_rep3_d1_R1.fastq.gz	figure_raw_data/sim_single_species/Streptococcus_pneumoniae/reads/Streptococcus_pneumoniae__diff_k5_rep3_d1_R2.fastq.gz	figure_raw_data/sim_single_species/Streptococcus_pneumoniae/truth/Streptococcus_pneumoniae__diff_k5_rep3_d1.truth.tsv
single	Streptococcus_pneumoniae__diff_k5_rep3_d3	Streptococcus_pneumoniae	figure_raw_data/sim_single_species/Streptococcus_pneumoniae/reads/Streptococcus_pneumoniae__diff_k5_rep3_d3_R1.fastq.gz	figure_raw_data/sim_single_species/Streptococcus_pneumoniae/reads/Streptococcus_pneumoniae__diff_k5_rep3_d3_R2.fastq.gz	figure_raw_data/sim_single_species/Streptococcus_pneumoniae/truth/Streptococcus_pneumoniae__diff_k5_rep3_d3.truth.tsv
single	Streptococcus_pneumoniae__diff_k5_rep3_d5	Streptococcus_pneumoniae	figure_raw_data/sim_single_species/Streptococcus_pneumoniae/reads/Streptococcus_pneumoniae__diff_k5_rep3_d5_R1.fastq.gz	figure_raw_data/sim_single_species/Streptococcus_pneumoniae/reads/Streptococcus_pneumoniae__diff_k5_rep3_d5_R2.fastq.gz	figure_raw_data/sim_single_species/Streptococcus_pneumoniae/truth/Streptococcus_pneumoniae__diff_k5_rep3_d5.truth.tsv
single	Streptococcus_pneumoniae__diff_k5_rep3_d10	Streptococcus_pneumoniae	figure_raw_data/sim_single_species/Streptococcus_pneumoniae/reads/Streptococcus_pneumoniae__diff_k5_rep3_d10_R1.fastq.gz	figure_raw_data/sim_single_species/Streptococcus_pneumoniae/reads/Streptococcus_pneumoniae__diff_k5_rep3_d10_R2.fastq.gz	figure_raw_data/sim_single_species/Streptococcus_pneumoniae/truth/Streptococcus_pneumoniae__diff_k5_rep3_d10.truth.tsv
single	Streptococcus_pneumoniae__diff_k5_rep4_d0.5	Streptococcus_pneumoniae	figure_raw_data/sim_single_species/Streptococcus_pneumoniae/reads/Streptococcus_pneumoniae__diff_k5_rep4_d0.5_R1.fastq.gz	figure_raw_data/sim_single_species/Streptococcus_pneumoniae/reads/Streptococcus_pneumoniae__diff_k5_rep4_d0.5_R2.fastq.gz	figure_raw_data/sim_single_species/Streptococcus_pneumoniae/truth/Streptococcus_pneumoniae__diff_k5_rep4_d0.5.truth.tsv
single	Streptococcus_pneumoniae__diff_k5_rep4_d1	Streptococcus_pneumoniae	figure_raw_data/sim_single_species/Streptococcus_pneumoniae/reads/Streptococcus_pneumoniae__diff_k5_rep4_d1_R1.fastq.gz	figure_raw_data/sim_single_species/Streptococcus_pneumoniae/reads/Streptococcus_pneumoniae__diff_k5_rep4_d1_R2.fastq.gz	figure_raw_data/sim_single_species/Streptococcus_pneumoniae/truth/Streptococcus_pneumoniae__diff_k5_rep4_d1.truth.tsv
single	Streptococcus_pneumoniae__diff_k5_rep4_d3	Streptococcus_pneumoniae	figure_raw_data/sim_single_species/Streptococcus_pneumoniae/reads/Streptococcus_pneumoniae__diff_k5_rep4_d3_R1.fastq.gz	figure_raw_data/sim_single_species/Streptococcus_pneumoniae/reads/Streptococcus_pneumoniae__diff_k5_rep4_d3_R2.fastq.gz	figure_raw_data/sim_single_species/Streptococcus_pneumoniae/truth/Streptococcus_pneumoniae__diff_k5_rep4_d3.truth.tsv
single	Streptococcus_pneumoniae__diff_k5_rep4_d5	Streptococcus_pneumoniae	figure_raw_data/sim_single_species/Streptococcus_pneumoniae/reads/Streptococcus_pneumoniae__diff_k5_rep4_d5_R1.fastq.gz	figure_raw_data/sim_single_species/Streptococcus_pneumoniae/reads/Streptococcus_pneumoniae__diff_k5_rep4_d5_R2.fastq.gz	figure_raw_data/sim_single_species/Streptococcus_pneumoniae/truth/Streptococcus_pneumoniae__diff_k5_rep4_d5.truth.tsv
single	Streptococcus_pneumoniae__diff_k5_rep4_d10	Streptococcus_pneumoniae	figure_raw_data/sim_single_species/Streptococcus_pneumoniae/reads/Streptococcus_pneumoniae__diff_k5_rep4_d10_R1.fastq.gz	figure_raw_data/sim_single_species/Streptococcus_pneumoniae/reads/Streptococcus_pneumoniae__diff_k5_rep4_d10_R2.fastq.gz	figure_raw_data/sim_single_species/Streptococcus_pneumoniae/truth/Streptococcus_pneumoniae__diff_k5_rep4_d10.truth.tsv
single	Streptococcus_pneumoniae__diff_k5_rep5_d0.5	Streptococcus_pneumoniae	figure_raw_data/sim_single_species/Streptococcus_pneumoniae/reads/Streptococcus_pneumoniae__diff_k5_rep5_d0.5_R1.fastq.gz	figure_raw_data/sim_single_species/Streptococcus_pneumoniae/reads/Streptococcus_pneumoniae__diff_k5_rep5_d0.5_R2.fastq.gz	figure_raw_data/sim_single_species/Streptococcus_pneumoniae/truth/Streptococcus_pneumoniae__diff_k5_rep5_d0.5.truth.tsv
single	Streptococcus_pneumoniae__diff_k5_rep5_d1	Streptococcus_pneumoniae	figure_raw_data/sim_single_species/Streptococcus_pneumoniae/reads/Streptococcus_pneumoniae__diff_k5_rep5_d1_R1.fastq.gz	figure_raw_data/sim_single_species/Streptococcus_pneumoniae/reads/Streptococcus_pneumoniae__diff_k5_rep5_d1_R2.fastq.gz	figure_raw_data/sim_single_species/Streptococcus_pneumoniae/truth/Streptococcus_pneumoniae__diff_k5_rep5_d1.truth.tsv
single	Streptococcus_pneumoniae__diff_k5_rep5_d3	Streptococcus_pneumoniae	figure_raw_data/sim_single_species/Streptococcus_pneumoniae/reads/Streptococcus_pneumoniae__diff_k5_rep5_d3_R1.fastq.gz	figure_raw_data/sim_single_species/Streptococcus_pneumoniae/reads/Streptococcus_pneumoniae__diff_k5_rep5_d3_R2.fastq.gz	figure_raw_data/sim_single_species/Streptococcus_pneumoniae/truth/Streptococcus_pneumoniae__diff_k5_rep5_d3.truth.tsv
single	Streptococcus_pneumoniae__diff_k5_rep5_d5	Streptococcus_pneumoniae	figure_raw_data/sim_single_species/Streptococcus_pneumoniae/reads/Streptococcus_pneumoniae__diff_k5_rep5_d5_R1.fastq.gz	figure_raw_data/sim_single_species/Streptococcus_pneumoniae/reads/Streptococcus_pneumoniae__diff_k5_rep5_d5_R2.fastq.gz	figure_raw_data/sim_single_species/Streptococcus_pneumoniae/truth/Streptococcus_pneumoniae__diff_k5_rep5_d5.truth.tsv
single	Streptococcus_pneumoniae__diff_k5_rep5_d10	Streptococcus_pneumoniae	figure_raw_data/sim_single_species/Streptococcus_pneumoniae/reads/Streptococcus_pneumoniae__diff_k5_rep5_d10_R1.fastq.gz	figure_raw_data/sim_single_species/Streptococcus_pneumoniae/reads/Streptococcus_pneumoniae__diff_k5_rep5_d10_R2.fastq.gz	figure_raw_data/sim_single_species/Streptococcus_pneumoniae/truth/Streptococcus_pneumoniae__diff_k5_rep5_d10.truth.tsv
multi	depth_low_sample01	multi	figure_raw_data/sim_multi_species/depth_low/reads/sample01_R1.fastq.gz	figure_raw_data/sim_multi_species/depth_low/reads/sample01_R2.fastq.gz	figure_raw_data/sim_multi_species/depth_low/truth/sample01.truth.tsv
multi	depth_low_sample02	multi	figure_raw_data/sim_multi_species/depth_low/reads/sample02_R1.fastq.gz	figure_raw_data/sim_multi_species/depth_low/reads/sample02_R2.fastq.gz	figure_raw_data/sim_multi_species/depth_low/truth/sample02.truth.tsv
multi	depth_low_sample03	multi	figure_raw_data/sim_multi_species/depth_low/reads/sample03_R1.fastq.gz	figure_raw_data/sim_multi_species/depth_low/reads/sample03_R2.fastq.gz	figure_raw_data/sim_multi_species/depth_low/truth/sample03.truth.tsv
multi	depth_low_sample04	multi	figure_raw_data/sim_multi_species/depth_low/reads/sample04_R1.fastq.gz	figure_raw_data/sim_multi_species/depth_low/reads/sample04_R2.fastq.gz	figure_raw_data/sim_multi_species/depth_low/truth/sample04.truth.tsv
multi	depth_med_sample01	multi	figure_raw_data/sim_multi_species/depth_med/reads/sample01_R1.fastq.gz	figure_raw_data/sim_multi_species/depth_med/reads/sample01_R2.fastq.gz	figure_raw_data/sim_multi_species/depth_med/truth/sample01.truth.tsv
multi	depth_med_sample02	multi	figure_raw_data/sim_multi_species/depth_med/reads/sample02_R1.fastq.gz	figure_raw_data/sim_multi_species/depth_med/reads/sample02_R2.fastq.gz	figure_raw_data/sim_multi_species/depth_med/truth/sample02.truth.tsv
multi	depth_med_sample03	multi	figure_raw_data/sim_multi_species/depth_med/reads/sample03_R1.fastq.gz	figure_raw_data/sim_multi_species/depth_med/reads/sample03_R2.fastq.gz	figure_raw_data/sim_multi_species/depth_med/truth/sample03.truth.tsv
multi	depth_med_sample04	multi	figure_raw_data/sim_multi_species/depth_med/reads/sample04_R1.fastq.gz	figure_raw_data/sim_multi_species/depth_med/reads/sample04_R2.fastq.gz	figure_raw_data/sim_multi_species/depth_med/truth/sample04.truth.tsv
multi	depth_high_sample01	multi	figure_raw_data/sim_multi_species/depth_high/reads/sample01_R1.fastq.gz	figure_raw_data/sim_multi_species/depth_high/reads/sample01_R2.fastq.gz	figure_raw_data/sim_multi_species/depth_high/truth/sample01.truth.tsv
multi	depth_high_sample02	multi	figure_raw_data/sim_multi_species/depth_high/reads/sample02_R1.fastq.gz	figure_raw_data/sim_multi_species/depth_high/reads/sample02_R2.fastq.gz	figure_raw_data/sim_multi_species/depth_high/truth/sample02.truth.tsv
multi	depth_high_sample03	multi	figure_raw_data/sim_multi_species/depth_high/reads/sample03_R1.fastq.gz	figure_raw_data/sim_multi_species/depth_high/reads/sample03_R2.fastq.gz	figure_raw_data/sim_multi_species/depth_high/truth/sample03.truth.tsv
multi	depth_high_sample04	multi	figure_raw_data/sim_multi_species/depth_high/reads/sample04_R1.fastq.gz	figure_raw_data/sim_multi_species/depth_high/reads/sample04_R2.fastq.gz	figure_raw_data/sim_multi_species/depth_high/truth/sample04.truth.tsv
