kind	sample	species	depth	status	n_truth	n_pred	tp	fp	fn	precision	recall	f1
single	Akkermansia_muciniphila__diff_k2_rep1_d0.5	Akkermansia_muciniphila	0.5	completed	2	1	1	0	1	1.0	0.5	0.6666666666666666
single	Akkermansia_muciniphila__diff_k2_rep1_d1	Akkermansia_muciniphila	1	completed	2	2	2	0	0	1.0	1.0	1.0
single	Akkermansia_muciniphila__diff_k2_rep1_d3	Akkermansia_muciniphila	3	completed	2	1	1	0	1	1.0	0.5	0.6666666666666666
single	Akkermansia_muciniphila__diff_k2_rep1_d5	Akkermansia_muciniphila	5	completed	2	1	1	0	1	1.0	0.5	0.6666666666666666
single	Akkermansia_muciniphila__diff_k2_rep1_d10	Akkermansia_muciniphila	10	completed	2	2	2	0	0	1.0	1.0	1.0
single	Akkermansia_muciniphila__diff_k2_rep2_d0.5	Akkermansia_muciniphila	0.5	no_call	2	0	0	0	0	nan	nan	nan
single	Akkermansia_muciniphila__diff_k2_rep2_d1	Akkermansia_muciniphila	1	no_call	2	0	0	0	0	nan	nan	nan
single	Akkermansia_muciniphila__diff_k2_rep2_d3	Akkermansia_muciniphila	3	no_call	2	0	0	0	0	nan	nan	nan
single	Akkermansia_muciniphila__diff_k2_rep2_d5	Akkermansia_muciniphila	5	no_call	2	0	0	0	0	nan	nan	nan
single	Akkermansia_muciniphila__diff_k2_rep2_d10	Akkermansia_muciniphila	10	no_call	2	0	0	0	0	nan	nan	nan
single	Akkermansia_muciniphila__diff_k2_rep3_d0.5	Akkermansia_muciniphila	0.5	no_call	2	0	0	0	0	nan	nan	nan
single	Akkermansia_muciniphila__diff_k2_rep3_d1	Akkermansia_muciniphila	1	no_call	2	0	0	0	0	nan	nan	nan
single	Akkermansia_muciniphila__diff_k2_rep3_d3	Akkermansia_muciniphila	3	no_call	2	0	0	0	0	nan	nan	nan
single	Akkermansia_muciniphila__diff_k2_rep3_d5	Akkermansia_muciniphila	5	no_call	2	0	0	0	0	nan	nan	nan
single	Akkermansia_muciniphila__diff_k2_rep3_d10	Akkermansia_muciniphila	10	no_call	2	0	0	0	0	nan	nan	nan
single	Akkermansia_muciniphila__diff_k2_rep4_d0.5	Akkermansia_muciniphila	0.5	no_call	2	0	0	0	0	nan	nan	nan
single	Akkermansia_muciniphila__diff_k2_rep4_d1	Akkermansia_muciniphila	1	no_call	2	0	0	0	0	nan	nan	nan
single	Akkermansia_muciniphila__diff_k2_rep4_d3	Akkermansia_muciniphila	3	no_call	2	0	0	0	0	nan	nan	nan
single	Akkermansia_muciniphila__diff_k2_rep4_d5	Akkermansia_muciniphila	5	no_call	2	0	0	0	0	nan	nan	nan
single	Akkermansia_muciniphila__diff_k2_rep4_d10	Akkermansia_muciniphila	10	no_call	2	0	0	0	0	nan	nan	nan
single	Akkermansia_muciniphila__diff_k2_rep5_d0.5	Akkermansia_muciniphila	0.5	no_call	2	0	0	0	0	nan	nan	nan
single	Akkermansia_muciniphila__diff_k2_rep5_d1	Akkermansia_muciniphila	1	no_call	2	0	0	0	0	nan	nan	nan
single	Akkermansia_muciniphila__diff_k2_rep5_d3	Akkermansia_muciniphila	3	no_call	2	0	0	0	0	nan	nan	nan
single	Akkermansia_muciniphila__diff_k2_rep5_d5	Akkermansia_muciniphila	5	no_call	2	0	0	0	0	nan	nan	nan
single	Akkermansia_muciniphila__diff_k2_rep5_d10	Akkermansia_muciniphila	10	no_call	2	0	0	0	0	nan	nan	nan
single	Akkermansia_muciniphila__diff_k3_rep1_d0.5	Akkermansia_muciniphila	0.5	no_call	3	0	0	0	0	nan	nan	nan
single	Akkermansia_muciniphila__diff_k3_rep1_d1	Akkermansia_muciniphila	1	completed	3	3	3	0	0	1.0	1.0	1.0
single	Akkermansia_muciniphila__diff_k3_rep1_d3	Akkermansia_muciniphila	3	completed	3	2	2	0	1	1.0	0.6666666666666666	0.8
single	Akkermansia_muciniphila__diff_k3_rep1_d5	Akkermansia_muciniphila	5	completed	3	2	2	0	1	1.0	0.6666666666666666	0.8
single	Akkermansia_muciniphila__diff_k3_rep1_d10	Akkermansia_muciniphila	10	completed	3	3	3	0	0	1.0	1.0	1.0
single	Akkermansia_muciniphila__diff_k3_rep2_d0.5	Akkermansia_muciniphila	0.5	no_call	3	0	0	0	0	nan	nan	nan
single	Akkermansia_muciniphila__diff_k3_rep2_d1	Akkermansia_muciniphila	1	no_call	3	0	0	0	0	nan	nan	nan
single	Akkermansia_muciniphila__diff_k3_rep2_d3	Akkermansia_muciniphila	3	no_call	3	0	0	0	0	nan	nan	nan
single	Akkermansia_muciniphila__diff_k3_rep2_d5	Akkermansia_muciniphila	5	no_call	3	0	0	0	0	nan	nan	nan
single	Akkermansia_muciniphila__diff_k3_rep2_d10	Akkermansia_muciniphila	10	no_call	3	0	0	0	0	nan	nan	nan
single	Akkermansia_muciniphila__diff_k3_rep3_d0.5	Akkermansia_muciniphila	0.5	no_call	3	0	0	0	0	nan	nan	nan
single	Akkermansia_muciniphila__diff_k3_rep3_d1	Akkermansia_muciniphila	1	no_call	3	0	0	0	0	nan	nan	nan
single	Akkermansia_muciniphila__diff_k3_rep3_d3	Akkermansia_muciniphila	3	no_call	3	0	0	0	0	nan	nan	nan
single	Akkermansia_muciniphila__diff_k3_rep3_d5	Akkermansia_muciniphila	5	no_call	3	0	0	0	0	nan	nan	nan
single	Akkermansia_muciniphila__diff_k3_rep3_d10	Akkermansia_muciniphila	10	no_call	3	0	0	0	0	nan	nan	nan
single	Akkermansia_muciniphila__diff_k3_rep4_d0.5	Akkermansia_muciniphila	0.5	no_call	3	0	0	0	0	nan	nan	nan
single	Akkermansia_muciniphila__diff_k3_rep4_d1	Akkermansia_muciniphila	1	no_call	3	0	0	0	0	nan	nan	nan
single	Akkermansia_muciniphila__diff_k3_rep4_d3	Akkermansia_muciniphila	3	no_call	3	0	0	0	0	nan	nan	nan
single	Akkermansia_muciniphila__diff_k3_rep4_d5	Akkermansia_muciniphila	5	no_call	3	0	0	0	0	nan	nan	nan
single	Akkermansia_muciniphila__diff_k3_rep4_d10	Akkermansia_muciniphila	10	no_call	3	0	0	0	0	nan	nan	nan
single	Akkermansia_muciniphila__diff_k3_rep5_d0.5	Akkermansia_muciniphila	0.5	no_call	3	0	0	0	0	nan	nan	nan
single	Akkermansia_muciniphila__diff_k3_rep5_d1	Akkermansia_muciniphila	1	no_call	3	0	0	0	0	nan	nan	nan
single	Akkermansia_muciniphila__diff_k3_rep5_d3	Akkermansia_muciniphila	3	no_call	3	0	0	0	0	nan	nan	nan
single	Akkermansia_muciniphila__diff_k3_rep5_d5	Akkermansia_muciniphila	5	no_call	3	0	0	0	0	nan	nan	nan
single	Akkermansia_muciniphila__diff_k3_rep5_d10	Akkermansia_muciniphila	10	no_call	3	0	0	0	0	nan	nan	nan
single	Akkermansia_muciniphila__diff_k5_rep1_d0.5	Akkermansia_muciniphila	0.5	completed	5	5	5	0	0	1.0	1.0	1.0
single	Akkermansia_muciniphila__diff_k5_rep1_d1	Akkermansia_muciniphila	1	completed	5	5	5	0	0	1.0	1.0	1.0
single	Akkermansia_muciniphila__diff_k5_rep1_d3	Akkermansia_muciniphila	3	completed	5	4	4	0	1	1.0	0.8	0.888888888888889
single	Akkermansia_muciniphila__diff_k5_rep1_d5	Akkermansia_muciniphila	5	completed	5	5	5	0	0	1.0	1.0	1.0
single	Akkermansia_muciniphila__diff_k5_rep1_d10	Akkermansia_muciniphila	10	completed	5	5	5	0	0	1.0	1.0	1.0
single	Akkermansia_muciniphila__diff_k5_rep2_d0.5	Akkermansia_muciniphila	0.5	no_call	5	0	0	0	0	nan	nan	nan
single	Akkermansia_muciniphila__diff_k5_rep2_d1	Akkermansia_muciniphila	1	no_call	5	0	0	0	0	nan	nan	nan
single	Akkermansia_muciniphila__diff_k5_rep2_d3	Akkermansia_muciniphila	3	no_call	5	0	0	0	0	nan	nan	nan
single	Akkermansia_muciniphila__diff_k5_rep2_d5	Akkermansia_muciniphila	5	no_call	5	0	0	0	0	nan	nan	nan
single	Akkermansia_muciniphila__diff_k5_rep2_d10	Akkermansia_muciniphila	10	no_call	5	0	0	0	0	nan	nan	nan
single	Akkermansia_muciniphila__diff_k5_rep3_d0.5	Akkermansia_muciniphila	0.5	no_call	5	0	0	0	0	nan	nan	nan
single	Akkermansia_muciniphila__diff_k5_rep3_d1	Akkermansia_muciniphila	1	no_call	5	0	0	0	0	nan	nan	nan
single	Akkermansia_muciniphila__diff_k5_rep3_d3	Akkermansia_muciniphila	3	no_call	5	0	0	0	0	nan	nan	nan
single	Akkermansia_muciniphila__diff_k5_rep3_d5	Akkermansia_muciniphila	5	no_call	5	0	0	0	0	nan	nan	nan
single	Akkermansia_muciniphila__diff_k5_rep3_d10	Akkermansia_muciniphila	10	no_call	5	0	0	0	0	nan	nan	nan
single	Akkermansia_muciniphila__diff_k5_rep4_d0.5	Akkermansia_muciniphila	0.5	no_call	5	0	0	0	0	nan	nan	nan
single	Akkermansia_muciniphila__diff_k5_rep4_d1	Akkermansia_muciniphila	1	no_call	5	0	0	0	0	nan	nan	nan
single	Akkermansia_muciniphila__diff_k5_rep4_d3	Akkermansia_muciniphila	3	no_call	5	0	0	0	0	nan	nan	nan
single	Akkermansia_muciniphila__diff_k5_rep4_d5	Akkermansia_muciniphila	5	no_call	5	0	0	0	0	nan	nan	nan
single	Akkermansia_muciniphila__diff_k5_rep4_d10	Akkermansia_muciniphila	10	no_call	5	0	0	0	0	nan	nan	nan
single	Akkermansia_muciniphila__diff_k5_rep5_d0.5	Akkermansia_muciniphila	0.5	no_call	5	0	0	0	0	nan	nan	nan
single	Akkermansia_muciniphila__diff_k5_rep5_d1	Akkermansia_muciniphila	1	no_call	5	0	0	0	0	nan	nan	nan
single	Akkermansia_muciniphila__diff_k5_rep5_d3	Akkermansia_muciniphila	3	no_call	5	0	0	0	0	nan	nan	nan
single	Akkermansia_muciniphila__diff_k5_rep5_d5	Akkermansia_muciniphila	5	no_call	5	0	0	0	0	nan	nan	nan
single	Akkermansia_muciniphila__diff_k5_rep5_d10	Akkermansia_muciniphila	10	no_call	5	0	0	0	0	nan	nan	nan
single	Clostridioides_difficile__diff_k2_rep1_d0.5	Clostridioides_difficile	0.5	completed	2	1	1	0	1	1.0	0.5	0.6666666666666666
single	Clostridioides_difficile__diff_k2_rep1_d1	Clostridioides_difficile	1	completed	2	2	2	0	0	1.0	1.0	1.0
single	Clostridioides_difficile__diff_k2_rep1_d3	Clostridioides_difficile	3	completed	2	1	1	0	1	1.0	0.5	0.6666666666666666
single	Clostridioides_difficile__diff_k2_rep1_d5	Clostridioides_difficile	5	completed	2	1	1	0	1	1.0	0.5	0.6666666666666666
single	Clostridioides_difficile__diff_k2_rep1_d10	Clostridioides_difficile	10	completed	2	2	2	0	0	1.0	1.0	1.0
single	Clostridioides_difficile__diff_k2_rep2_d0.5	Clostridioides_difficile	0.5	no_call	2	0	0	0	0	nan	nan	nan
single	Clostridioides_difficile__diff_k2_rep2_d1	Clostridioides_difficile	1	no_call	2	0	0	0	0	nan	nan	nan
single	Clostridioides_difficile__diff_k2_rep2_d3	Clostridioides_difficile	3	no_call	2	0	0	0	0	nan	nan	nan
single	Clostridioides_difficile__diff_k2_rep2_d5	Clostridioides_difficile	5	no_call	2	0	0	0	0	nan	nan	nan
single	Clostridioides_difficile__diff_k2_rep2_d10	Clostridioides_difficile	10	no_call	2	0	0	0	0	nan	nan	nan
single	Clostridioides_difficile__diff_k2_rep3_d0.5	Clostridioides_difficile	0.5	no_call	2	0	0	0	0	nan	nan	nan
single	Clostridioides_difficile__diff_k2_rep3_d1	Clostridioides_difficile	1	no_call	2	0	0	0	0	nan	nan	nan
single	Clostridioides_difficile__diff_k2_rep3_d3	Clostridioides_difficile	3	no_call	2	0	0	0	0	nan	nan	nan
single	Clostridioides_difficile__diff_k2_rep3_d5	Clostridioides_difficile	5	no_call	2	0	0	0	0	nan	nan	nan
single	Clostridioides_difficile__diff_k2_rep3_d10	Clostridioides_difficile	10	no_call	2	0	0	0	0	nan	nan	nan
single	Clostridioides_difficile__diff_k2_rep4_d0.5	Clostridioides_difficile	0.5	no_call	2	0	0	0	0	nan	nan	nan
single	Clostridioides_difficile__diff_k2_rep4_d1	Clostridioides_difficile	1	no_call	2	0	0	0	0	nan	nan	nan
single	Clostridioides_difficile__diff_k2_rep4_d3	Clostridioides_difficile	3	no_call	2	0	0	0	0	nan	nan	nan
single	Clostridioides_difficile__diff_k2_rep4_d5	Clostridioides_difficile	5	no_call	2	0	0	0	0	nan	nan	nan
single	Clostridioides_difficile__diff_k2_rep4_d10	Clostridioides_difficile	10	no_call	2	0	0	0	0	nan	nan	nan
single	Clostridioides_difficile__diff_k2_rep5_d0.5	Clostridioides_difficile	0.5	no_call	2	0	0	0	0	nan	nan	nan
single	Clostridioides_difficile__diff_k2_rep5_d1	Clostridioides_difficile	1	no_call	2	0	0	0	0	nan	nan	nan
single	Clostridioides_difficile__diff_k2_rep5_d3	Clostridioides_difficile	3	no_call	2	0	0	0	0	nan	nan	nan
single	Clostridioides_difficile__diff_k2_rep5_d5	Clostridioides_difficile	5	no_call	2	0	0	0	0	nan	nan	nan
single	Clostridioides_difficile__diff_k2_rep5_d10	Clostridioides_difficile	10	no_call	2	0	0	0	0	nan	nan	nan
single	Clostridioides_difficile__diff_k3_rep1_d0.5	Clostridioides_difficile	0.5	completed	3	2	2	0	1	1.0	0.6666666666666666	0.8
single	Clostridioides_difficile__diff_k3_rep1_d1	Clostridioides_difficile	1	completed	3	3	3	0	0	1.0	1.0	1.0
single	Clostridioides_difficile__diff_k3_rep1_d3	Clostridioides_difficile	3	completed	3	2	2	0	1	1.0	0.6666666666666666	0.8
single	Clostridioides_difficile__diff_k3_rep1_d5	Clostridioides_difficile	5	completed	3	2	2	0	1	1.0	0.6666666666666666	0.8
single	Clostridioides_difficile__diff_k3_rep1_d10	Clostridioides_difficile	10	completed	3	2	2	0	1	1.0	0.6666666666666666	0.8
single	Clostridioides_difficile__diff_k3_rep2_d0.5	Clostridioides_difficile	0.5	no_call	2	0	0	0	0	nan	nan	nan
single	Clostridioides_difficile__diff_k3_rep2_d1	Clostridioides_difficile	1	no_call	2	0	0	0	0	nan	nan	nan
single	Clostridioides_difficile__diff_k3_rep2_d3	Clostridioides_difficile	3	no_call	2	0	0	0	0	nan	nan	nan
single	Clostridioides_difficile__diff_k3_rep2_d5	Clostridioides_difficile	5	no_call	2	0	0	0	0	nan	nan	nan
single	Clostridioides_difficile__diff_k3_rep2_d10	Clostridioides_difficile	10	no_call	2	0	0	0	0	nan	nan	nan
single	Clostridioides_difficile__diff_k3_rep3_d0.5	Clostridioides_difficile	0.5	no_call	2	0	0	0	0	nan	nan	nan
single	Clostridioides_difficile__diff_k3_rep3_d1	Clostridioides_difficile	1	no_call	2	0	0	0	0	nan	nan	nan
single	Clostridioides_difficile__diff_k3_rep3_d3	Clostridioides_difficile	3	no_call	2	0	0	0	0	nan	nan	nan
single	Clostridioides_difficile__diff_k3_rep3_d5	Clostridioides_difficile	5	no_call	2	0	0	0	0	nan	nan	nan
single	Clostridioides_difficile__diff_k3_rep3_d10	Clostridioides_difficile	10	no_call	2	0	0	0	0	nan	nan	nan
single	Clostridioides_difficile__diff_k3_rep4_d0.5	Clostridioides_difficile	0.5	no_call	3	0	0	0	0	nan	nan	nan
single	Clostridioides_difficile__diff_k3_rep4_d1	Clostridioides_difficile	1	no_call	3	0	0	0	0	nan	nan	nan
single	Clostridioides_difficile__diff_k3_rep4_d3	Clostridioides_difficile	3	no_call	3	0	0	0	0	nan	nan	nan
single	Clostridioides_difficile__diff_k3_rep4_d5	Clostridioides_difficile	5	no_call	3	0	0	0	0	nan	nan	nan
single	Clostridioides_difficile__diff_k3_rep4_d10	Clostridioides_difficile	10	no_call	3	0	0	0	0	nan	nan	nan
single	Clostridioides_difficile__diff_k3_rep5_d0.5	Clostridioides_difficile	0.5	no_call	3	0	0	0	0	nan	nan	nan
single	Clostridioides_difficile__diff_k3_rep5_d1	Clostridioides_difficile	1	no_call	3	0	0	0	0	nan	nan	nan
single	Clostridioides_difficile__diff_k3_rep5_d3	Clostridioides_difficile	3	no_call	3	0	0	0	0	nan	nan	nan
single	Clostridioides_difficile__diff_k3_rep5_d5	Clostridioides_difficile	5	no_call	3	0	0	0	0	nan	nan	nan
single	Clostridioides_difficile__diff_k3_rep5_d10	Clostridioides_difficile	10	no_call	3	0	0	0	0	nan	nan	nan
single	Clostridioides_difficile__diff_k5_rep1_d0.5	Clostridioides_difficile	0.5	completed	5	4	4	0	1	1.0	0.8	0.888888888888889
single	Clostridioides_difficile__diff_k5_rep1_d1	Clostridioides_difficile	1	completed	5	5	5	0	0	1.0	1.0	1.0
single	Clostridioides_difficile__diff_k5_rep1_d3	Clostridioides_difficile	3	completed	5	3	3	0	2	1.0	0.6	0.7499999999999999
single	Clostridioides_difficile__diff_k5_rep1_d5	Clostridioides_difficile	5	completed	5	4	4	0	1	1.0	0.8	0.888888888888889
single	Clostridioides_difficile__diff_k5_rep1_d10	Clostridioides_difficile	10	completed	5	5	5	0	0	1.0	1.0	1.0
single	Clostridioides_difficile__diff_k5_rep2_d0.5	Clostridioides_difficile	0.5	no_call	5	0	0	0	0	nan	nan	nan
single	Clostridioides_difficile__diff_k5_rep2_d1	Clostridioides_difficile	1	no_call	5	0	0	0	0	nan	nan	nan
single	Clostridioides_difficile__diff_k5_rep2_d3	Clostridioides_difficile	3	no_call	5	0	0	0	0	nan	nan	nan
single	Clostridioides_difficile__diff_k5_rep2_d5	Clostridioides_difficile	5	no_call	5	0	0	0	0	nan	nan	nan
single	Clostridioides_difficile__diff_k5_rep2_d10	Clostridioides_difficile	10	no_call	5	0	0	0	0	nan	nan	nan
single	Clostridioides_difficile__diff_k5_rep3_d0.5	Clostridioides_difficile	0.5	no_call	5	0	0	0	0	nan	nan	nan
single	Clostridioides_difficile__diff_k5_rep3_d1	Clostridioides_difficile	1	no_call	5	0	0	0	0	nan	nan	nan
single	Clostridioides_difficile__diff_k5_rep3_d3	Clostridioides_difficile	3	no_call	5	0	0	0	0	nan	nan	nan
single	Clostridioides_difficile__diff_k5_rep3_d5	Clostridioides_difficile	5	no_call	5	0	0	0	0	nan	nan	nan
single	Clostridioides_difficile__diff_k5_rep3_d10	Clostridioides_difficile	10	no_call	5	0	0	0	0	nan	nan	nan
single	Clostridioides_difficile__diff_k5_rep4_d0.5	Clostridioides_difficile	0.5	no_call	5	0	0	0	0	nan	nan	nan
single	Clostridioides_difficile__diff_k5_rep4_d1	Clostridioides_difficile	1	no_call	5	0	0	0	0	nan	nan	nan
single	Clostridioides_difficile__diff_k5_rep4_d3	Clostridioides_difficile	3	no_call	5	0	0	0	0	nan	nan	nan
single	Clostridioides_difficile__diff_k5_rep4_d5	Clostridioides_difficile	5	no_call	5	0	0	0	0	nan	nan	nan
single	Clostridioides_difficile__diff_k5_rep4_d10	Clostridioides_difficile	10	no_call	5	0	0	0	0	nan	nan	nan
single	Clostridioides_difficile__diff_k5_rep5_d0.5	Clostridioides_difficile	0.5	no_call	5	0	0	0	0	nan	nan	nan
single	Clostridioides_difficile__diff_k5_rep5_d1	Clostridioides_difficile	1	no_call	5	0	0	0	0	nan	nan	nan
single	Clostridioides_difficile__diff_k5_rep5_d3	Clostridioides_difficile	3	no_call	5	0	0	0	0	nan	nan	nan
single	Clostridioides_difficile__diff_k5_rep5_d5	Clostridioides_difficile	5	no_call	5	0	0	0	0	nan	nan	nan
single	Clostridioides_difficile__diff_k5_rep5_d10	Clostridioides_difficile	10	no_call	5	0	0	0	0	nan	nan	nan
single	Cutibacterium_acnes__diff_k2_rep1_d0.5	Cutibacterium_acnes	0.5	completed	2	1	1	0	1	1.0	0.5	0.6666666666666666
single	Cutibacterium_acnes__diff_k2_rep1_d1	Cutibacterium_acnes	1	completed	2	2	2	0	0	1.0	1.0	1.0
single	Cutibacterium_acnes__diff_k2_rep1_d3	Cutibacterium_acnes	3	completed	2	1	1	0	1	1.0	0.5	0.6666666666666666
single	Cutibacterium_acnes__diff_k2_rep1_d5	Cutibacterium_acnes	5	completed	2	1	1	0	1	1.0	0.5	0.6666666666666666
single	Cutibacterium_acnes__diff_k2_rep1_d10	Cutibacterium_acnes	10	completed	2	2	2	0	0	1.0	1.0	1.0
single	Cutibacterium_acnes__diff_k2_rep2_d0.5	Cutibacterium_acnes	0.5	no_call	2	0	0	0	0	nan	nan	nan
single	Cutibacterium_acnes__diff_k2_rep2_d1	Cutibacterium_acnes	1	no_call	2	0	0	0	0	nan	nan	nan
single	Cutibacterium_acnes__diff_k2_rep2_d3	Cutibacterium_acnes	3	no_call	2	0	0	0	0	nan	nan	nan
single	Cutibacterium_acnes__diff_k2_rep2_d5	Cutibacterium_acnes	5	no_call	2	0	0	0	0	nan	nan	nan
single	Cutibacterium_acnes__diff_k2_rep2_d10	Cutibacterium_acnes	10	no_call	2	0	0	0	0	nan	nan	nan
single	Cutibacterium_acnes__diff_k2_rep3_d0.5	Cutibacterium_acnes	0.5	no_call	2	0	0	0	0	nan	nan	nan
single	Cutibacterium_acnes__diff_k2_rep3_d1	Cutibacterium_acnes	1	no_call	2	0	0	0	0	nan	nan	nan
single	Cutibacterium_acnes__diff_k2_rep3_d3	Cutibacterium_acnes	3	no_call	2	0	0	0	0	nan	nan	nan
single	Cutibacterium_acnes__diff_k2_rep3_d5	Cutibacterium_acnes	5	no_call	2	0	0	0	0	nan	nan	nan
single	Cutibacterium_acnes__diff_k2_rep3_d10	Cutibacterium_acnes	10	no_call	2	0	0	0	0	nan	nan	nan
single	Cutibacterium_acnes__diff_k2_rep4_d0.5	Cutibacterium_acnes	0.5	no_call	2	0	0	0	0	nan	nan	nan
single	Cutibacterium_acnes__diff_k2_rep4_d1	Cutibacterium_acnes	1	no_call	2	0	0	0	0	nan	nan	nan
single	Cutibacterium_acnes__diff_k2_rep4_d3	Cutibacterium_acnes	3	no_call	2	0	0	0	0	nan	nan	nan
single	Cutibacterium_acnes__diff_k2_rep4_d5	Cutibacterium_acnes	5	no_call	2	0	0	0	0	nan	nan	nan
single	Cutibacterium_acnes__diff_k2_rep4_d10	Cutibacterium_acnes	10	no_call	2	0	0	0	0	nan	nan	nan
single	Cutibacterium_acnes__diff_k2_rep5_d0.5	Cutibacterium_acnes	0.5	no_call	2	0	0	0	0	nan	nan	nan
single	Cutibacterium_acnes__diff_k2_rep5_d1	Cutibacterium_acnes	1	no_call	2	0	0	0	0	nan	nan	nan
single	Cutibacterium_acnes__diff_k2_rep5_d3	Cutibacterium_acnes	3	no_call	2	0	0	0	0	nan	nan	nan
single	Cutibacterium_acnes__diff_k2_rep5_d5	Cutibacterium_acnes	5	no_call	2	0	0	0	0	nan	nan	nan
single	Cutibacterium_acnes__diff_k2_rep5_d10	Cutibacterium_acnes	10	no_call	2	0	0	0	0	nan	nan	nan
single	Cutibacterium_acnes__diff_k3_rep1_d0.5	Cutibacterium_acnes	0.5	completed	3	2	2	0	1	1.0	0.6666666666666666	0.8
single	Cutibacterium_acnes__diff_k3_rep1_d1	Cutibacterium_acnes	1	completed	3	3	3	0	0	1.0	1.0	1.0
single	Cutibacterium_acnes__diff_k3_rep1_d3	Cutibacterium_acnes	3	completed	3	2	2	0	1	1.0	0.6666666666666666	0.8
single	Cutibacterium_acnes__diff_k3_rep1_d5	Cutibacterium_acnes	5	completed	3	2	2	0	1	1.0	0.6666666666666666	0.8
single	Cutibacterium_acnes__diff_k3_rep1_d10	Cutibacterium_acnes	10	completed	3	3	3	0	0	1.0	1.0	1.0
single	Cutibacterium_acnes__diff_k3_rep2_d0.5	Cutibacterium_acnes	0.5	no_call	3	0	0	0	0	nan	nan	nan
single	Cutibacterium_acnes__diff_k3_rep2_d1	Cutibacterium_acnes	1	no_call	3	0	0	0	0	nan	nan	nan
single	Cutibacterium_acnes__diff_k3_rep2_d3	Cutibacterium_acnes	3	no_call	3	0	0	0	0	nan	nan	nan
single	Cutibacterium_acnes__diff_k3_rep2_d5	Cutibacterium_acnes	5	no_call	3	0	0	0	0	nan	nan	nan
single	Cutibacterium_acnes__diff_k3_rep2_d10	Cutibacterium_acnes	10	no_call	3	0	0	0	0	nan	nan	nan
single	Cutibacterium_acnes__diff_k3_rep3_d0.5	Cutibacterium_acnes	0.5	no_call	3	0	0	0	0	nan	nan	nan
single	Cutibacterium_acnes__diff_k3_rep3_d1	Cutibacterium_acnes	1	no_call	3	0	0	0	0	nan	nan	nan
single	Cutibacterium_acnes__diff_k3_rep3_d3	Cutibacterium_acnes	3	no_call	3	0	0	0	0	nan	nan	nan
single	Cutibacterium_acnes__diff_k3_rep3_d5	Cutibacterium_acnes	5	no_call	3	0	0	0	0	nan	nan	nan
single	Cutibacterium_acnes__diff_k3_rep3_d10	Cutibacterium_acnes	10	no_call	3	0	0	0	0	nan	nan	nan
single	Cutibacterium_acnes__diff_k3_rep4_d0.5	Cutibacterium_acnes	0.5	no_call	3	0	0	0	0	nan	nan	nan
single	Cutibacterium_acnes__diff_k3_rep4_d1	Cutibacterium_acnes	1	no_call	3	0	0	0	0	nan	nan	nan
single	Cutibacterium_acnes__diff_k3_rep4_d3	Cutibacterium_acnes	3	no_call	3	0	0	0	0	nan	nan	nan
single	Cutibacterium_acnes__diff_k3_rep4_d5	Cutibacterium_acnes	5	no_call	3	0	0	0	0	nan	nan	nan
single	Cutibacterium_acnes__diff_k3_rep4_d10	Cutibacterium_acnes	10	no_call	3	0	0	0	0	nan	nan	nan
single	Cutibacterium_acnes__diff_k3_rep5_d0.5	Cutibacterium_acnes	0.5	no_call	3	0	0	0	0	nan	nan	nan
single	Cutibacterium_acnes__diff_k3_rep5_d1	Cutibacterium_acnes	1	no_call	3	0	0	0	0	nan	nan	nan
single	Cutibacterium_acnes__diff_k3_rep5_d3	Cutibacterium_acnes	3	no_call	3	0	0	0	0	nan	nan	nan
single	Cutibacterium_acnes__diff_k3_rep5_d5	Cutibacterium_acnes	5	no_call	3	0	0	0	0	nan	nan	nan
single	Cutibacterium_acnes__diff_k3_rep5_d10	Cutibacterium_acnes	10	no_call	3	0	0	0	0	nan	nan	nan
single	Cutibacterium_acnes__diff_k5_rep1_d0.5	Cutibacterium_acnes	0.5	completed	5	4	4	0	1	1.0	0.8	0.888888888888889
single	Cutibacterium_acnes__diff_k5_rep1_d1	Cutibacterium_acnes	1	completed	5	5	5	0	0	1.0	1.0	1.0
single	Cutibacterium_acnes__diff_k5_rep1_d3	Cutibacterium_acnes	3	completed	5	3	3	0	2	1.0	0.6	0.7499999999999999
single	Cutibacterium_acnes__diff_k5_rep1_d5	Cutibacterium_acnes	5	completed	5	4	4	0	1	1.0	0.8	0.888888888888889
single	Cutibacterium_acnes__diff_k5_rep1_d10	Cutibacterium_acnes	10	completed	5	5	5	0	0	1.0	1.0	1.0
single	Cutibacterium_acnes__diff_k5_rep2_d0.5	Cutibacterium_acnes	0.5	no_call	5	0	0	0	0	nan	nan	nan
single	Cutibacterium_acnes__diff_k5_rep2_d1	Cutibacterium_acnes	1	no_call	5	0	0	0	0	nan	nan	nan
single	Cutibacterium_acnes__diff_k5_rep2_d3	Cutibacterium_acnes	3	no_call	5	0	0	0	0	nan	nan	nan
single	Cutibacterium_acnes__diff_k5_rep2_d5	Cutibacterium_acnes	5	no_call	5	0	0	0	0	nan	nan	nan
single	Cutibacterium_acnes__diff_k5_rep2_d10	Cutibacterium_acnes	10	no_call	5	0	0	0	0	nan	nan	nan
single	Cutibacterium_acnes__diff_k5_rep3_d0.5	Cutibacterium_acnes	0.5	no_call	5	0	0	0	0	nan	nan	nan
single	Cutibacterium_acnes__diff_k5_rep3_d1	Cutibacterium_acnes	1	no_call	5	0	0	0	0	nan	nan	nan
single	Cutibacterium_acnes__diff_k5_rep3_d3	Cutibacterium_acnes	3	no_call	5	0	0	0	0	nan	nan	nan
single	Cutibacterium_acnes__diff_k5_rep3_d5	Cutibacterium_acnes	5	no_call	5	0	0	0	0	nan	nan	nan
single	Cutibacterium_acnes__diff_k5_rep3_d10	Cutibacterium_acnes	10	no_call	5	0	0	0	0	nan	nan	nan
single	Cutibacterium_acnes__diff_k5_rep4_d0.5	Cutibacterium_acnes	0.5	no_call	5	0	0	0	0	nan	nan	nan
single	Cutibacterium_acnes__diff_k5_rep4_d1	Cutibacterium_acnes	1	no_call	5	0	0	0	0	nan	nan	nan
single	Cutibacterium_acnes__diff_k5_rep4_d3	Cutibacterium_acnes	3	no_call	5	0	0	0	0	nan	nan	nan
single	Cutibacterium_acnes__diff_k5_rep4_d5	Cutibacterium_acnes	5	no_call	5	0	0	0	0	nan	nan	nan
single	Cutibacterium_acnes__diff_k5_rep4_d10	Cutibacterium_acnes	10	no_call	5	0	0	0	0	nan	nan	nan
single	Cutibacterium_acnes__diff_k5_rep5_d0.5	Cutibacterium_acnes	0.5	no_call	5	0	0	0	0	nan	nan	nan
single	Cutibacterium_acnes__diff_k5_rep5_d1	Cutibacterium_acnes	1	no_call	5	0	0	0	0	nan	nan	nan
single	Cutibacterium_acnes__diff_k5_rep5_d3	Cutibacterium_acnes	3	no_call	5	0	0	0	0	nan	nan	nan
single	Cutibacterium_acnes__diff_k5_rep5_d5	Cutibacterium_acnes	5	no_call	5	0	0	0	0	nan	nan	nan
single	Cutibacterium_acnes__diff_k5_rep5_d10	Cutibacterium_acnes	10	no_call	5	0	0	0	0	nan	nan	nan
single	Escherichia_coli__diff_k2_rep1_d0.5	Escherichia_coli	0.5	completed	2	1	1	0	1	1.0	0.5	0.6666666666666666
single	Escherichia_coli__diff_k2_rep1_d1	Escherichia_coli	1	completed	2	2	2	0	0	1.0	1.0	1.0
single	Escherichia_coli__diff_k2_rep1_d3	Escherichia_coli	3	completed	2	1	1	0	1	1.0	0.5	0.6666666666666666
single	Escherichia_coli__diff_k2_rep1_d5	Escherichia_coli	5	completed	2	1	1	0	1	1.0	0.5	0.6666666666666666
single	Escherichia_coli__diff_k2_rep1_d10	Escherichia_coli	10	completed	2	2	2	0	0	1.0	1.0	1.0
single	Escherichia_coli__diff_k2_rep2_d0.5	Escherichia_coli	0.5	no_call	2	0	0	0	0	nan	nan	nan
single	Escherichia_coli__diff_k2_rep2_d1	Escherichia_coli	1	no_call	2	0	0	0	0	nan	nan	nan
single	Escherichia_coli__diff_k2_rep2_d3	Escherichia_coli	3	no_call	2	0	0	0	0	nan	nan	nan
single	Escherichia_coli__diff_k2_rep2_d5	Escherichia_coli	5	no_call	2	0	0	0	0	nan	nan	nan
single	Escherichia_coli__diff_k2_rep2_d10	Escherichia_coli	10	no_call	2	0	0	0	0	nan	nan	nan
single	Escherichia_coli__diff_k2_rep3_d0.5	Escherichia_coli	0.5	no_call	2	0	0	0	0	nan	nan	nan
single	Escherichia_coli__diff_k2_rep3_d1	Escherichia_coli	1	no_call	2	0	0	0	0	nan	nan	nan
single	Escherichia_coli__diff_k2_rep3_d3	Escherichia_coli	3	no_call	2	0	0	0	0	nan	nan	nan
single	Escherichia_coli__diff_k2_rep3_d5	Escherichia_coli	5	no_call	2	0	0	0	0	nan	nan	nan
single	Escherichia_coli__diff_k2_rep3_d10	Escherichia_coli	10	no_call	2	0	0	0	0	nan	nan	nan
single	Escherichia_coli__diff_k2_rep4_d0.5	Escherichia_coli	0.5	no_call	2	0	0	0	0	nan	nan	nan
single	Escherichia_coli__diff_k2_rep4_d1	Escherichia_coli	1	no_call	2	0	0	0	0	nan	nan	nan
single	Escherichia_coli__diff_k2_rep4_d3	Escherichia_coli	3	no_call	2	0	0	0	0	nan	nan	nan
single	Escherichia_coli__diff_k2_rep4_d5	Escherichia_coli	5	no_call	2	0	0	0	0	nan	nan	nan
single	Escherichia_coli__diff_k2_rep4_d10	Escherichia_coli	10	no_call	2	0	0	0	0	nan	nan	nan
single	Escherichia_coli__diff_k2_rep5_d0.5	Escherichia_coli	0.5	no_call	2	0	0	0	0	nan	nan	nan
single	Escherichia_coli__diff_k2_rep5_d1	Escherichia_coli	1	no_call	2	0	0	0	0	nan	nan	nan
single	Escherichia_coli__diff_k2_rep5_d3	Escherichia_coli	3	no_call	2	0	0	0	0	nan	nan	nan
single	Escherichia_coli__diff_k2_rep5_d5	Escherichia_coli	5	no_call	2	0	0	0	0	nan	nan	nan
single	Escherichia_coli__diff_k2_rep5_d10	Escherichia_coli	10	no_call	2	0	0	0	0	nan	nan	nan
single	Escherichia_coli__diff_k3_rep1_d0.5	Escherichia_coli	0.5	completed	3	2	2	0	1	1.0	0.6666666666666666	0.8
single	Escherichia_coli__diff_k3_rep1_d1	Escherichia_coli	1	completed	3	3	3	0	0	1.0	1.0	1.0
single	Escherichia_coli__diff_k3_rep1_d3	Escherichia_coli	3	completed	3	2	2	0	1	1.0	0.6666666666666666	0.8
single	Escherichia_coli__diff_k3_rep1_d5	Escherichia_coli	5	completed	3	2	2	0	1	1.0	0.6666666666666666	0.8
single	Escherichia_coli__diff_k3_rep1_d10	Escherichia_coli	10	completed	3	3	3	0	0	1.0	1.0	1.0
single	Escherichia_coli__diff_k3_rep2_d0.5	Escherichia_coli	0.5	no_call	3	0	0	0	0	nan	nan	nan
single	Escherichia_coli__diff_k3_rep2_d1	Escherichia_coli	1	no_call	3	0	0	0	0	nan	nan	nan
single	Escherichia_coli__diff_k3_rep2_d3	Escherichia_coli	3	no_call	3	0	0	0	0	nan	nan	nan
single	Escherichia_coli__diff_k3_rep2_d5	Escherichia_coli	5	no_call	3	0	0	0	0	nan	nan	nan
single	Escherichia_coli__diff_k3_rep2_d10	Escherichia_coli	10	no_call	3	0	0	0	0	nan	nan	nan
single	Escherichia_coli__diff_k3_rep3_d0.5	Escherichia_coli	0.5	no_call	3	0	0	0	0	nan	nan	nan
single	Escherichia_coli__diff_k3_rep3_d1	Escherichia_coli	1	no_call	3	0	0	0	0	nan	nan	nan
single	Escherichia_coli__diff_k3_rep3_d3	Escherichia_coli	3	no_call	3	0	0	0	0	nan	nan	nan
single	Escherichia_coli__diff_k3_rep3_d5	Escherichia_coli	5	no_call	3	0	0	0	0	nan	nan	nan
single	Escherichia_coli__diff_k3_rep3_d10	Escherichia_coli	10	no_call	3	0	0	0	0	nan	nan	nan
single	Escherichia_coli__diff_k3_rep4_d0.5	Escherichia_coli	0.5	no_call	3	0	0	0	0	nan	nan	nan
single	Escherichia_coli__diff_k3_rep4_d1	Escherichia_coli	1	no_call	3	0	0	0	0	nan	nan	nan
single	Escherichia_coli__diff_k3_rep4_d3	Escherichia_coli	3	no_call	3	0	0	0	0	nan	nan	nan
single	Escherichia_coli__diff_k3_rep4_d5	Escherichia_coli	5	no_call	3	0	0	0	0	nan	nan	nan
single	Escherichia_coli__diff_k3_rep4_d10	Escherichia_coli	10	no_call	3	0	0	0	0	nan	nan	nan
single	Escherichia_coli__diff_k3_rep5_d0.5	Escherichia_coli	0.5	no_call	3	0	0	0	0	nan	nan	nan
single	Escherichia_coli__diff_k3_rep5_d1	Escherichia_coli	1	no_call	3	0	0	0	0	nan	nan	nan
single	Escherichia_coli__diff_k3_rep5_d3	Escherichia_coli	3	no_call	3	0	0	0	0	nan	nan	nan
single	Escherichia_coli__diff_k3_rep5_d5	Escherichia_coli	5	no_call	3	0	0	0	0	nan	nan	nan
single	Escherichia_coli__diff_k3_rep5_d10	Escherichia_coli	10	no_call	3	0	0	0	0	nan	nan	nan
single	Escherichia_coli__diff_k5_rep1_d0.5	Escherichia_coli	0.5	completed	5	4	4	0	1	1.0	0.8	0.888888888888889
single	Escherichia_coli__diff_k5_rep1_d1	Escherichia_coli	1	completed	5	5	5	0	0	1.0	1.0	1.0
single	Escherichia_coli__diff_k5_rep1_d3	Escherichia_coli	3	completed	5	3	3	0	2	1.0	0.6	0.7499999999999999
single	Escherichia_coli__diff_k5_rep1_d5	Escherichia_coli	5	completed	5	4	4	0	1	1.0	0.8	0.888888888888889
single	Escherichia_coli__diff_k5_rep1_d10	Escherichia_coli	10	completed	5	5	5	0	0	1.0	1.0	1.0
single	Escherichia_coli__diff_k5_rep2_d0.5	Escherichia_coli	0.5	no_call	5	0	0	0	0	nan	nan	nan
single	Escherichia_coli__diff_k5_rep2_d1	Escherichia_coli	1	no_call	5	0	0	0	0	nan	nan	nan
single	Escherichia_coli__diff_k5_rep2_d3	Escherichia_coli	3	no_call	5	0	0	0	0	nan	nan	nan
single	Escherichia_coli__diff_k5_rep2_d5	Escherichia_coli	5	no_call	5	0	0	0	0	nan	nan	nan
single	Escherichia_coli__diff_k5_rep2_d10	Escherichia_coli	10	no_call	5	0	0	0	0	nan	nan	nan
single	Escherichia_coli__diff_k5_rep3_d0.5	Escherichia_coli	0.5	no_call	5	0	0	0	0	nan	nan	nan
single	Escherichia_coli__diff_k5_rep3_d1	Escherichia_coli	1	no_call	5	0	0	0	0	nan	nan	nan
single	Escherichia_coli__diff_k5_rep3_d3	Escherichia_coli	3	no_call	5	0	0	0	0	nan	nan	nan
single	Escherichia_coli__diff_k5_rep3_d5	Escherichia_coli	5	no_call	5	0	0	0	0	nan	nan	nan
single	Escherichia_coli__diff_k5_rep3_d10	Escherichia_coli	10	no_call	5	0	0	0	0	nan	nan	nan
single	Escherichia_coli__diff_k5_rep4_d0.5	Escherichia_coli	0.5	no_call	5	0	0	0	0	nan	nan	nan
single	Escherichia_coli__diff_k5_rep4_d1	Escherichia_coli	1	no_call	5	0	0	0	0	nan	nan	nan
single	Escherichia_coli__diff_k5_rep4_d3	Escherichia_coli	3	no_call	5	0	0	0	0	nan	nan	nan
single	Escherichia_coli__diff_k5_rep4_d5	Escherichia_coli	5	no_call	5	0	0	0	0	nan	nan	nan
single	Escherichia_coli__diff_k5_rep4_d10	Escherichia_coli	10	no_call	5	0	0	0	0	nan	nan	nan
single	Escherichia_coli__diff_k5_rep5_d0.5	Escherichia_coli	0.5	no_call	5	0	0	0	0	nan	nan	nan
single	Escherichia_coli__diff_k5_rep5_d1	Escherichia_coli	1	no_call	5	0	0	0	0	nan	nan	nan
single	Escherichia_coli__diff_k5_rep5_d3	Escherichia_coli	3	no_call	5	0	0	0	0	nan	nan	nan
single	Escherichia_coli__diff_k5_rep5_d5	Escherichia_coli	5	no_call	5	0	0	0	0	nan	nan	nan
single	Escherichia_coli__diff_k5_rep5_d10	Escherichia_coli	10	no_call	5	0	0	0	0	nan	nan	nan
single	Fusobacterium_nucleatum__diff_k2_rep1_d0.5	Fusobacterium_nucleatum	0.5	completed	2	1	1	0	1	1.0	0.5	0.6666666666666666
single	Fusobacterium_nucleatum__diff_k2_rep1_d1	Fusobacterium_nucleatum	1	completed	2	2	2	0	0	1.0	1.0	1.0
single	Fusobacterium_nucleatum__diff_k2_rep1_d3	Fusobacterium_nucleatum	3	completed	2	1	1	0	1	1.0	0.5	0.6666666666666666
single	Fusobacterium_nucleatum__diff_k2_rep1_d5	Fusobacterium_nucleatum	5	completed	2	1	1	0	1	1.0	0.5	0.6666666666666666
single	Fusobacterium_nucleatum__diff_k2_rep1_d10	Fusobacterium_nucleatum	10	completed	2	2	2	0	0	1.0	1.0	1.0
single	Fusobacterium_nucleatum__diff_k2_rep2_d0.5	Fusobacterium_nucleatum	0.5	no_call	2	0	0	0	0	nan	nan	nan
single	Fusobacterium_nucleatum__diff_k2_rep2_d1	Fusobacterium_nucleatum	1	no_call	2	0	0	0	0	nan	nan	nan
single	Fusobacterium_nucleatum__diff_k2_rep2_d3	Fusobacterium_nucleatum	3	no_call	2	0	0	0	0	nan	nan	nan
single	Fusobacterium_nucleatum__diff_k2_rep2_d5	Fusobacterium_nucleatum	5	no_call	2	0	0	0	0	nan	nan	nan
single	Fusobacterium_nucleatum__diff_k2_rep2_d10	Fusobacterium_nucleatum	10	no_call	2	0	0	0	0	nan	nan	nan
single	Fusobacterium_nucleatum__diff_k2_rep3_d0.5	Fusobacterium_nucleatum	0.5	no_call	2	0	0	0	0	nan	nan	nan
single	Fusobacterium_nucleatum__diff_k2_rep3_d1	Fusobacterium_nucleatum	1	no_call	2	0	0	0	0	nan	nan	nan
single	Fusobacterium_nucleatum__diff_k2_rep3_d3	Fusobacterium_nucleatum	3	no_call	2	0	0	0	0	nan	nan	nan
single	Fusobacterium_nucleatum__diff_k2_rep3_d5	Fusobacterium_nucleatum	5	no_call	2	0	0	0	0	nan	nan	nan
single	Fusobacterium_nucleatum__diff_k2_rep3_d10	Fusobacterium_nucleatum	10	no_call	2	0	0	0	0	nan	nan	nan
single	Fusobacterium_nucleatum__diff_k2_rep4_d0.5	Fusobacterium_nucleatum	0.5	no_call	2	0	0	0	0	nan	nan	nan
single	Fusobacterium_nucleatum__diff_k2_rep4_d1	Fusobacterium_nucleatum	1	no_call	2	0	0	0	0	nan	nan	nan
single	Fusobacterium_nucleatum__diff_k2_rep4_d3	Fusobacterium_nucleatum	3	no_call	2	0	0	0	0	nan	nan	nan
single	Fusobacterium_nucleatum__diff_k2_rep4_d5	Fusobacterium_nucleatum	5	no_call	2	0	0	0	0	nan	nan	nan
single	Fusobacterium_nucleatum__diff_k2_rep4_d10	Fusobacterium_nucleatum	10	no_call	2	0	0	0	0	nan	nan	nan
single	Fusobacterium_nucleatum__diff_k2_rep5_d0.5	Fusobacterium_nucleatum	0.5	no_call	2	0	0	0	0	nan	nan	nan
single	Fusobacterium_nucleatum__diff_k2_rep5_d1	Fusobacterium_nucleatum	1	no_call	2	0	0	0	0	nan	nan	nan
single	Fusobacterium_nucleatum__diff_k2_rep5_d3	Fusobacterium_nucleatum	3	no_call	2	0	0	0	0	nan	nan	nan
single	Fusobacterium_nucleatum__diff_k2_rep5_d5	Fusobacterium_nucleatum	5	no_call	2	0	0	0	0	nan	nan	nan
single	Fusobacterium_nucleatum__diff_k2_rep5_d10	Fusobacterium_nucleatum	10	no_call	2	0	0	0	0	nan	nan	nan
single	Fusobacterium_nucleatum__diff_k3_rep1_d0.5	Fusobacterium_nucleatum	0.5	completed	3	2	2	0	1	1.0	0.6666666666666666	0.8
single	Fusobacterium_nucleatum__diff_k3_rep1_d1	Fusobacterium_nucleatum	1	completed	3	3	3	0	0	1.0	1.0	1.0
single	Fusobacterium_nucleatum__diff_k3_rep1_d3	Fusobacterium_nucleatum	3	completed	3	2	2	0	1	1.0	0.6666666666666666	0.8
single	Fusobacterium_nucleatum__diff_k3_rep1_d5	Fusobacterium_nucleatum	5	completed	3	2	2	0	1	1.0	0.6666666666666666	0.8
single	Fusobacterium_nucleatum__diff_k3_rep1_d10	Fusobacterium_nucleatum	10	completed	3	2	2	0	1	1.0	0.6666666666666666	0.8
single	Fusobacterium_nucleatum__diff_k3_rep2_d0.5	Fusobacterium_nucleatum	0.5	no_call	3	0	0	0	0	nan	nan	nan
single	Fusobacterium_nucleatum__diff_k3_rep2_d1	Fusobacterium_nucleatum	1	no_call	3	0	0	0	0	nan	nan	nan
single	Fusobacterium_nucleatum__diff_k3_rep2_d3	Fusobacterium_nucleatum	3	no_call	3	0	0	0	0	nan	nan	nan
single	Fusobacterium_nucleatum__diff_k3_rep2_d5	Fusobacterium_nucleatum	5	no_call	3	0	0	0	0	nan	nan	nan
single	Fusobacterium_nucleatum__diff_k3_rep2_d10	Fusobacterium_nucleatum	10	no_call	3	0	0	0	0	nan	nan	nan
single	Fusobacterium_nucleatum__diff_k3_rep3_d0.5	Fusobacterium_nucleatum	0.5	no_call	3	0	0	0	0	nan	nan	nan
single	Fusobacterium_nucleatum__diff_k3_rep3_d1	Fusobacterium_nucleatum	1	no_call	3	0	0	0	0	nan	nan	nan
single	Fusobacterium_nucleatum__diff_k3_rep3_d3	Fusobacterium_nucleatum	3	no_call	3	0	0	0	0	nan	nan	nan
single	Fusobacterium_nucleatum__diff_k3_rep3_d5	Fusobacterium_nucleatum	5	no_call	3	0	0	0	0	nan	nan	nan
single	Fusobacterium_nucleatum__diff_k3_rep3_d10	Fusobacterium_nucleatum	10	no_call	3	0	0	0	0	nan	nan	nan
single	Fusobacterium_nucleatum__diff_k3_rep4_d0.5	Fusobacterium_nucleatum	0.5	no_call	3	0	0	0	0	nan	nan	nan
single	Fusobacterium_nucleatum__diff_k3_rep4_d1	Fusobacterium_nucleatum	1	no_call	3	0	0	0	0	nan	nan	nan
single	Fusobacterium_nucleatum__diff_k3_rep4_d3	Fusobacterium_nucleatum	3	no_call	3	0	0	0	0	nan	nan	nan
single	Fusobacterium_nucleatum__diff_k3_rep4_d5	Fusobacterium_nucleatum	5	no_call	3	0	0	0	0	nan	nan	nan
single	Fusobacterium_nucleatum__diff_k3_rep4_d10	Fusobacterium_nucleatum	10	no_call	3	0	0	0	0	nan	nan	nan
single	Fusobacterium_nucleatum__diff_k3_rep5_d0.5	Fusobacterium_nucleatum	0.5	no_call	3	0	0	0	0	nan	nan	nan
single	Fusobacterium_nucleatum__diff_k3_rep5_d1	Fusobacterium_nucleatum	1	no_call	3	0	0	0	0	nan	nan	nan
single	Fusobacterium_nucleatum__diff_k3_rep5_d3	Fusobacterium_nucleatum	3	no_call	3	0	0	0	0	nan	nan	nan
single	Fusobacterium_nucleatum__diff_k3_rep5_d5	Fusobacterium_nucleatum	5	no_call	3	0	0	0	0	nan	nan	nan
single	Fusobacterium_nucleatum__diff_k3_rep5_d10	Fusobacterium_nucleatum	10	no_call	3	0	0	0	0	nan	nan	nan
single	Fusobacterium_nucleatum__diff_k5_rep1_d0.5	Fusobacterium_nucleatum	0.5	completed	5	4	4	0	1	1.0	0.8	0.888888888888889
single	Fusobacterium_nucleatum__diff_k5_rep1_d1	Fusobacterium_nucleatum	1	completed	5	5	5	0	0	1.0	1.0	1.0
single	Fusobacterium_nucleatum__diff_k5_rep1_d3	Fusobacterium_nucleatum	3	completed	5	3	3	0	2	1.0	0.6	0.7499999999999999
single	Fusobacterium_nucleatum__diff_k5_rep1_d5	Fusobacterium_nucleatum	5	completed	5	4	4	0	1	1.0	0.8	0.888888888888889
single	Fusobacterium_nucleatum__diff_k5_rep1_d10	Fusobacterium_nucleatum	10	completed	5	4	4	0	1	1.0	0.8	0.888888888888889
single	Fusobacterium_nucleatum__diff_k5_rep2_d0.5	Fusobacterium_nucleatum	0.5	no_call	5	0	0	0	0	nan	nan	nan
single	Fusobacterium_nucleatum__diff_k5_rep2_d1	Fusobacterium_nucleatum	1	no_call	5	0	0	0	0	nan	nan	nan
single	Fusobacterium_nucleatum__diff_k5_rep2_d3	Fusobacterium_nucleatum	3	no_call	5	0	0	0	0	nan	nan	nan
single	Fusobacterium_nucleatum__diff_k5_rep2_d5	Fusobacterium_nucleatum	5	no_call	5	0	0	0	0	nan	nan	nan
single	Fusobacterium_nucleatum__diff_k5_rep2_d10	Fusobacterium_nucleatum	10	no_call	5	0	0	0	0	nan	nan	nan
single	Fusobacterium_nucleatum__diff_k5_rep3_d0.5	Fusobacterium_nucleatum	0.5	no_call	5	0	0	0	0	nan	nan	nan
single	Fusobacterium_nucleatum__diff_k5_rep3_d1	Fusobacterium_nucleatum	1	no_call	5	0	0	0	0	nan	nan	nan
single	Fusobacterium_nucleatum__diff_k5_rep3_d3	Fusobacterium_nucleatum	3	no_call	5	0	0	0	0	nan	nan	nan
single	Fusobacterium_nucleatum__diff_k5_rep3_d5	Fusobacterium_nucleatum	5	no_call	5	0	0	0	0	nan	nan	nan
single	Fusobacterium_nucleatum__diff_k5_rep3_d10	Fusobacterium_nucleatum	10	no_call	5	0	0	0	0	nan	nan	nan
single	Fusobacterium_nucleatum__diff_k5_rep4_d0.5	Fusobacterium_nucleatum	0.5	no_call	5	0	0	0	0	nan	nan	nan
single	Fusobacterium_nucleatum__diff_k5_rep4_d1	Fusobacterium_nucleatum	1	no_call	5	0	0	0	0	nan	nan	nan
single	Fusobacterium_nucleatum__diff_k5_rep4_d3	Fusobacterium_nucleatum	3	no_call	5	0	0	0	0	nan	nan	nan
single	Fusobacterium_nucleatum__diff_k5_rep4_d5	Fusobacterium_nucleatum	5	no_call	5	0	0	0	0	nan	nan	nan
single	Fusobacterium_nucleatum__diff_k5_rep4_d10	Fusobacterium_nucleatum	10	no_call	5	0	0	0	0	nan	nan	nan
single	Fusobacterium_nucleatum__diff_k5_rep5_d0.5	Fusobacterium_nucleatum	0.5	no_call	5	0	0	0	0	nan	nan	nan
single	Fusobacterium_nucleatum__diff_k5_rep5_d1	Fusobacterium_nucleatum	1	no_call	5	0	0	0	0	nan	nan	nan
single	Fusobacterium_nucleatum__diff_k5_rep5_d3	Fusobacterium_nucleatum	3	no_call	5	0	0	0	0	nan	nan	nan
single	Fusobacterium_nucleatum__diff_k5_rep5_d5	Fusobacterium_nucleatum	5	no_call	5	0	0	0	0	nan	nan	nan
single	Fusobacterium_nucleatum__diff_k5_rep5_d10	Fusobacterium_nucleatum	10	no_call	5	0	0	0	0	nan	nan	nan
single	Klebsiella_pneumoniae__diff_k2_rep1_d0.5	Klebsiella_pneumoniae	0.5	completed	2	2	2	0	0	1.0	1.0	1.0
single	Klebsiella_pneumoniae__diff_k2_rep1_d1	Klebsiella_pneumoniae	1	completed	2	2	2	0	0	1.0	1.0	1.0
single	Klebsiella_pneumoniae__diff_k2_rep1_d3	Klebsiella_pneumoniae	3	completed	2	2	2	0	0	1.0	1.0	1.0
single	Klebsiella_pneumoniae__diff_k2_rep1_d5	Klebsiella_pneumoniae	5	completed	2	2	2	0	0	1.0	1.0	1.0
single	Klebsiella_pneumoniae__diff_k2_rep1_d10	Klebsiella_pneumoniae	10	completed	2	2	2	0	0	1.0	1.0	1.0
single	Klebsiella_pneumoniae__diff_k2_rep2_d0.5	Klebsiella_pneumoniae	0.5	no_call	2	0	0	0	0	nan	nan	nan
single	Klebsiella_pneumoniae__diff_k2_rep2_d1	Klebsiella_pneumoniae	1	no_call	2	0	0	0	0	nan	nan	nan
single	Klebsiella_pneumoniae__diff_k2_rep2_d3	Klebsiella_pneumoniae	3	no_call	2	0	0	0	0	nan	nan	nan
single	Klebsiella_pneumoniae__diff_k2_rep2_d5	Klebsiella_pneumoniae	5	no_call	2	0	0	0	0	nan	nan	nan
single	Klebsiella_pneumoniae__diff_k2_rep2_d10	Klebsiella_pneumoniae	10	no_call	2	0	0	0	0	nan	nan	nan
single	Klebsiella_pneumoniae__diff_k2_rep3_d0.5	Klebsiella_pneumoniae	0.5	no_call	2	0	0	0	0	nan	nan	nan
single	Klebsiella_pneumoniae__diff_k2_rep3_d1	Klebsiella_pneumoniae	1	no_call	2	0	0	0	0	nan	nan	nan
single	Klebsiella_pneumoniae__diff_k2_rep3_d3	Klebsiella_pneumoniae	3	no_call	2	0	0	0	0	nan	nan	nan
single	Klebsiella_pneumoniae__diff_k2_rep3_d5	Klebsiella_pneumoniae	5	no_call	2	0	0	0	0	nan	nan	nan
single	Klebsiella_pneumoniae__diff_k2_rep3_d10	Klebsiella_pneumoniae	10	no_call	2	0	0	0	0	nan	nan	nan
single	Klebsiella_pneumoniae__diff_k2_rep4_d0.5	Klebsiella_pneumoniae	0.5	no_call	2	0	0	0	0	nan	nan	nan
single	Klebsiella_pneumoniae__diff_k2_rep4_d1	Klebsiella_pneumoniae	1	no_call	2	0	0	0	0	nan	nan	nan
single	Klebsiella_pneumoniae__diff_k2_rep4_d3	Klebsiella_pneumoniae	3	no_call	2	0	0	0	0	nan	nan	nan
single	Klebsiella_pneumoniae__diff_k2_rep4_d5	Klebsiella_pneumoniae	5	no_call	2	0	0	0	0	nan	nan	nan
single	Klebsiella_pneumoniae__diff_k2_rep4_d10	Klebsiella_pneumoniae	10	no_call	2	0	0	0	0	nan	nan	nan
single	Klebsiella_pneumoniae__diff_k2_rep5_d0.5	Klebsiella_pneumoniae	0.5	no_call	2	0	0	0	0	nan	nan	nan
single	Klebsiella_pneumoniae__diff_k2_rep5_d1	Klebsiella_pneumoniae	1	no_call	2	0	0	0	0	nan	nan	nan
single	Klebsiella_pneumoniae__diff_k2_rep5_d3	Klebsiella_pneumoniae	3	no_call	2	0	0	0	0	nan	nan	nan
single	Klebsiella_pneumoniae__diff_k2_rep5_d5	Klebsiella_pneumoniae	5	no_call	2	0	0	0	0	nan	nan	nan
single	Klebsiella_pneumoniae__diff_k2_rep5_d10	Klebsiella_pneumoniae	10	no_call	2	0	0	0	0	nan	nan	nan
single	Klebsiella_pneumoniae__diff_k3_rep1_d0.5	Klebsiella_pneumoniae	0.5	completed	3	3	3	0	0	1.0	1.0	1.0
single	Klebsiella_pneumoniae__diff_k3_rep1_d1	Klebsiella_pneumoniae	1	completed	3	3	3	0	0	1.0	1.0	1.0
single	Klebsiella_pneumoniae__diff_k3_rep1_d3	Klebsiella_pneumoniae	3	completed	3	2	2	0	1	1.0	0.6666666666666666	0.8
single	Klebsiella_pneumoniae__diff_k3_rep1_d5	Klebsiella_pneumoniae	5	completed	3	2	2	0	1	1.0	0.6666666666666666	0.8
single	Klebsiella_pneumoniae__diff_k3_rep1_d10	Klebsiella_pneumoniae	10	completed	3	2	2	0	1	1.0	0.6666666666666666	0.8
single	Klebsiella_pneumoniae__diff_k3_rep2_d0.5	Klebsiella_pneumoniae	0.5	no_call	3	0	0	0	0	nan	nan	nan
single	Klebsiella_pneumoniae__diff_k3_rep2_d1	Klebsiella_pneumoniae	1	no_call	3	0	0	0	0	nan	nan	nan
single	Klebsiella_pneumoniae__diff_k3_rep2_d3	Klebsiella_pneumoniae	3	no_call	3	0	0	0	0	nan	nan	nan
single	Klebsiella_pneumoniae__diff_k3_rep2_d5	Klebsiella_pneumoniae	5	no_call	3	0	0	0	0	nan	nan	nan
single	Klebsiella_pneumoniae__diff_k3_rep2_d10	Klebsiella_pneumoniae	10	no_call	3	0	0	0	0	nan	nan	nan
single	Klebsiella_pneumoniae__diff_k3_rep3_d0.5	Klebsiella_pneumoniae	0.5	no_call	3	0	0	0	0	nan	nan	nan
single	Klebsiella_pneumoniae__diff_k3_rep3_d1	Klebsiella_pneumoniae	1	no_call	3	0	0	0	0	nan	nan	nan
single	Klebsiella_pneumoniae__diff_k3_rep3_d3	Klebsiella_pneumoniae	3	no_call	3	0	0	0	0	nan	nan	nan
single	Klebsiella_pneumoniae__diff_k3_rep3_d5	Klebsiella_pneumoniae	5	no_call	3	0	0	0	0	nan	nan	nan
single	Klebsiella_pneumoniae__diff_k3_rep3_d10	Klebsiella_pneumoniae	10	no_call	3	0	0	0	0	nan	nan	nan
single	Klebsiella_pneumoniae__diff_k3_rep4_d0.5	Klebsiella_pneumoniae	0.5	no_call	3	0	0	0	0	nan	nan	nan
single	Klebsiella_pneumoniae__diff_k3_rep4_d1	Klebsiella_pneumoniae	1	no_call	3	0	0	0	0	nan	nan	nan
single	Klebsiella_pneumoniae__diff_k3_rep4_d3	Klebsiella_pneumoniae	3	no_call	3	0	0	0	0	nan	nan	nan
single	Klebsiella_pneumoniae__diff_k3_rep4_d5	Klebsiella_pneumoniae	5	no_call	3	0	0	0	0	nan	nan	nan
single	Klebsiella_pneumoniae__diff_k3_rep4_d10	Klebsiella_pneumoniae	10	no_call	3	0	0	0	0	nan	nan	nan
single	Klebsiella_pneumoniae__diff_k3_rep5_d0.5	Klebsiella_pneumoniae	0.5	no_call	3	0	0	0	0	nan	nan	nan
single	Klebsiella_pneumoniae__diff_k3_rep5_d1	Klebsiella_pneumoniae	1	no_call	3	0	0	0	0	nan	nan	nan
single	Klebsiella_pneumoniae__diff_k3_rep5_d3	Klebsiella_pneumoniae	3	no_call	3	0	0	0	0	nan	nan	nan
single	Klebsiella_pneumoniae__diff_k3_rep5_d5	Klebsiella_pneumoniae	5	no_call	3	0	0	0	0	nan	nan	nan
single	Klebsiella_pneumoniae__diff_k3_rep5_d10	Klebsiella_pneumoniae	10	no_call	3	0	0	0	0	nan	nan	nan
single	Klebsiella_pneumoniae__diff_k5_rep1_d0.5	Klebsiella_pneumoniae	0.5	completed	5	3	3	0	2	1.0	0.6	0.7499999999999999
single	Klebsiella_pneumoniae__diff_k5_rep1_d1	Klebsiella_pneumoniae	1	completed	5	4	4	0	1	1.0	0.8	0.888888888888889
single	Klebsiella_pneumoniae__diff_k5_rep1_d3	Klebsiella_pneumoniae	3	completed	5	3	3	0	2	1.0	0.6	0.7499999999999999
single	Klebsiella_pneumoniae__diff_k5_rep1_d5	Klebsiella_pneumoniae	5	completed	5	3	3	0	2	1.0	0.6	0.7499999999999999
single	Klebsiella_pneumoniae__diff_k5_rep1_d10	Klebsiella_pneumoniae	10	completed	5	3	3	0	2	1.0	0.6	0.7499999999999999
single	Klebsiella_pneumoniae__diff_k5_rep2_d0.5	Klebsiella_pneumoniae	0.5	no_call	5	0	0	0	0	nan	nan	nan
single	Klebsiella_pneumoniae__diff_k5_rep2_d1	Klebsiella_pneumoniae	1	no_call	5	0	0	0	0	nan	nan	nan
single	Klebsiella_pneumoniae__diff_k5_rep2_d3	Klebsiella_pneumoniae	3	no_call	5	0	0	0	0	nan	nan	nan
single	Klebsiella_pneumoniae__diff_k5_rep2_d5	Klebsiella_pneumoniae	5	no_call	5	0	0	0	0	nan	nan	nan
single	Klebsiella_pneumoniae__diff_k5_rep2_d10	Klebsiella_pneumoniae	10	no_call	5	0	0	0	0	nan	nan	nan
single	Klebsiella_pneumoniae__diff_k5_rep3_d0.5	Klebsiella_pneumoniae	0.5	no_call	5	0	0	0	0	nan	nan	nan
single	Klebsiella_pneumoniae__diff_k5_rep3_d1	Klebsiella_pneumoniae	1	no_call	5	0	0	0	0	nan	nan	nan
single	Klebsiella_pneumoniae__diff_k5_rep3_d3	Klebsiella_pneumoniae	3	no_call	5	0	0	0	0	nan	nan	nan
single	Klebsiella_pneumoniae__diff_k5_rep3_d5	Klebsiella_pneumoniae	5	no_call	5	0	0	0	0	nan	nan	nan
single	Klebsiella_pneumoniae__diff_k5_rep3_d10	Klebsiella_pneumoniae	10	no_call	5	0	0	0	0	nan	nan	nan
single	Klebsiella_pneumoniae__diff_k5_rep4_d0.5	Klebsiella_pneumoniae	0.5	no_call	5	0	0	0	0	nan	nan	nan
single	Klebsiella_pneumoniae__diff_k5_rep4_d1	Klebsiella_pneumoniae	1	no_call	5	0	0	0	0	nan	nan	nan
single	Klebsiella_pneumoniae__diff_k5_rep4_d3	Klebsiella_pneumoniae	3	no_call	5	0	0	0	0	nan	nan	nan
single	Klebsiella_pneumoniae__diff_k5_rep4_d5	Klebsiella_pneumoniae	5	no_call	5	0	0	0	0	nan	nan	nan
single	Klebsiella_pneumoniae__diff_k5_rep4_d10	Klebsiella_pneumoniae	10	no_call	5	0	0	0	0	nan	nan	nan
single	Klebsiella_pneumoniae__diff_k5_rep5_d0.5	Klebsiella_pneumoniae	0.5	no_call	5	0	0	0	0	nan	nan	nan
single	Klebsiella_pneumoniae__diff_k5_rep5_d1	Klebsiella_pneumoniae	1	no_call	5	0	0	0	0	nan	nan	nan
single	Klebsiella_pneumoniae__diff_k5_rep5_d3	Klebsiella_pneumoniae	3	no_call	5	0	0	0	0	nan	nan	nan
single	Klebsiella_pneumoniae__diff_k5_rep5_d5	Klebsiella_pneumoniae	5	no_call	5	0	0	0	0	nan	nan	nan
single	Klebsiella_pneumoniae__diff_k5_rep5_d10	Klebsiella_pneumoniae	10	no_call	5	0	0	0	0	nan	nan	nan
single	Lactiplantibacillus_plantarum__diff_k2_rep1_d0.5	Lactiplantibacillus_plantarum	0.5	completed	2	1	1	0	1	1.0	0.5	0.6666666666666666
single	Lactiplantibacillus_plantarum__diff_k2_rep1_d1	Lactiplantibacillus_plantarum	1	completed	2	2	2	0	0	1.0	1.0	1.0
single	Lactiplantibacillus_plantarum__diff_k2_rep1_d3	Lactiplantibacillus_plantarum	3	completed	2	1	1	0	1	1.0	0.5	0.6666666666666666
single	Lactiplantibacillus_plantarum__diff_k2_rep1_d5	Lactiplantibacillus_plantarum	5	completed	2	1	1	0	1	1.0	0.5	0.6666666666666666
single	Lactiplantibacillus_plantarum__diff_k2_rep1_d10	Lactiplantibacillus_plantarum	10	completed	2	2	2	0	0	1.0	1.0	1.0
single	Lactiplantibacillus_plantarum__diff_k2_rep2_d0.5	Lactiplantibacillus_plantarum	0.5	no_call	2	0	0	0	0	nan	nan	nan
single	Lactiplantibacillus_plantarum__diff_k2_rep2_d1	Lactiplantibacillus_plantarum	1	no_call	2	0	0	0	0	nan	nan	nan
single	Lactiplantibacillus_plantarum__diff_k2_rep2_d3	Lactiplantibacillus_plantarum	3	no_call	2	0	0	0	0	nan	nan	nan
single	Lactiplantibacillus_plantarum__diff_k2_rep2_d5	Lactiplantibacillus_plantarum	5	no_call	2	0	0	0	0	nan	nan	nan
single	Lactiplantibacillus_plantarum__diff_k2_rep2_d10	Lactiplantibacillus_plantarum	10	no_call	2	0	0	0	0	nan	nan	nan
single	Lactiplantibacillus_plantarum__diff_k2_rep3_d0.5	Lactiplantibacillus_plantarum	0.5	no_call	2	0	0	0	0	nan	nan	nan
single	Lactiplantibacillus_plantarum__diff_k2_rep3_d1	Lactiplantibacillus_plantarum	1	no_call	2	0	0	0	0	nan	nan	nan
single	Lactiplantibacillus_plantarum__diff_k2_rep3_d3	Lactiplantibacillus_plantarum	3	no_call	2	0	0	0	0	nan	nan	nan
single	Lactiplantibacillus_plantarum__diff_k2_rep3_d5	Lactiplantibacillus_plantarum	5	no_call	2	0	0	0	0	nan	nan	nan
single	Lactiplantibacillus_plantarum__diff_k2_rep3_d10	Lactiplantibacillus_plantarum	10	no_call	2	0	0	0	0	nan	nan	nan
single	Lactiplantibacillus_plantarum__diff_k2_rep4_d0.5	Lactiplantibacillus_plantarum	0.5	no_call	2	0	0	0	0	nan	nan	nan
single	Lactiplantibacillus_plantarum__diff_k2_rep4_d1	Lactiplantibacillus_plantarum	1	no_call	2	0	0	0	0	nan	nan	nan
single	Lactiplantibacillus_plantarum__diff_k2_rep4_d3	Lactiplantibacillus_plantarum	3	no_call	2	0	0	0	0	nan	nan	nan
single	Lactiplantibacillus_plantarum__diff_k2_rep4_d5	Lactiplantibacillus_plantarum	5	no_call	2	0	0	0	0	nan	nan	nan
single	Lactiplantibacillus_plantarum__diff_k2_rep4_d10	Lactiplantibacillus_plantarum	10	no_call	2	0	0	0	0	nan	nan	nan
single	Lactiplantibacillus_plantarum__diff_k2_rep5_d0.5	Lactiplantibacillus_plantarum	0.5	no_call	2	0	0	0	0	nan	nan	nan
single	Lactiplantibacillus_plantarum__diff_k2_rep5_d1	Lactiplantibacillus_plantarum	1	no_call	2	0	0	0	0	nan	nan	nan
single	Lactiplantibacillus_plantarum__diff_k2_rep5_d3	Lactiplantibacillus_plantarum	3	no_call	2	0	0	0	0	nan	nan	nan
single	Lactiplantibacillus_plantarum__diff_k2_rep5_d5	Lactiplantibacillus_plantarum	5	no_call	2	0	0	0	0	nan	nan	nan
single	Lactiplantibacillus_plantarum__diff_k2_rep5_d10	Lactiplantibacillus_plantarum	10	no_call	2	0	0	0	0	nan	nan	nan
single	Lactiplantibacillus_plantarum__diff_k3_rep1_d0.5	Lactiplantibacillus_plantarum	0.5	completed	3	2	2	0	1	1.0	0.6666666666666666	0.8
single	Lactiplantibacillus_plantarum__diff_k3_rep1_d1	Lactiplantibacillus_plantarum	1	completed	3	3	3	0	0	1.0	1.0	1.0
single	Lactiplantibacillus_plantarum__diff_k3_rep1_d3	Lactiplantibacillus_plantarum	3	completed	3	2	2	0	1	1.0	0.6666666666666666	0.8
single	Lactiplantibacillus_plantarum__diff_k3_rep1_d5	Lactiplantibacillus_plantarum	5	completed	3	2	2	0	1	1.0	0.6666666666666666	0.8
single	Lactiplantibacillus_plantarum__diff_k3_rep1_d10	Lactiplantibacillus_plantarum	10	completed	3	3	3	0	0	1.0	1.0	1.0
single	Lactiplantibacillus_plantarum__diff_k3_rep2_d0.5	Lactiplantibacillus_plantarum	0.5	no_call	3	0	0	0	0	nan	nan	nan
single	Lactiplantibacillus_plantarum__diff_k3_rep2_d1	Lactiplantibacillus_plantarum	1	no_call	3	0	0	0	0	nan	nan	nan
single	Lactiplantibacillus_plantarum__diff_k3_rep2_d3	Lactiplantibacillus_plantarum	3	no_call	3	0	0	0	0	nan	nan	nan
single	Lactiplantibacillus_plantarum__diff_k3_rep2_d5	Lactiplantibacillus_plantarum	5	no_call	3	0	0	0	0	nan	nan	nan
single	Lactiplantibacillus_plantarum__diff_k3_rep2_d10	Lactiplantibacillus_plantarum	10	no_call	3	0	0	0	0	nan	nan	nan
single	Lactiplantibacillus_plantarum__diff_k3_rep3_d0.5	Lactiplantibacillus_plantarum	0.5	no_call	3	0	0	0	0	nan	nan	nan
single	Lactiplantibacillus_plantarum__diff_k3_rep3_d1	Lactiplantibacillus_plantarum	1	no_call	3	0	0	0	0	nan	nan	nan
single	Lactiplantibacillus_plantarum__diff_k3_rep3_d3	Lactiplantibacillus_plantarum	3	no_call	3	0	0	0	0	nan	nan	nan
single	Lactiplantibacillus_plantarum__diff_k3_rep3_d5	Lactiplantibacillus_plantarum	5	no_call	3	0	0	0	0	nan	nan	nan
single	Lactiplantibacillus_plantarum__diff_k3_rep3_d10	Lactiplantibacillus_plantarum	10	no_call	3	0	0	0	0	nan	nan	nan
single	Lactiplantibacillus_plantarum__diff_k3_rep4_d0.5	Lactiplantibacillus_plantarum	0.5	no_call	3	0	0	0	0	nan	nan	nan
single	Lactiplantibacillus_plantarum__diff_k3_rep4_d1	Lactiplantibacillus_plantarum	1	no_call	3	0	0	0	0	nan	nan	nan
single	Lactiplantibacillus_plantarum__diff_k3_rep4_d3	Lactiplantibacillus_plantarum	3	no_call	3	0	0	0	0	nan	nan	nan
single	Lactiplantibacillus_plantarum__diff_k3_rep4_d5	Lactiplantibacillus_plantarum	5	no_call	3	0	0	0	0	nan	nan	nan
single	Lactiplantibacillus_plantarum__diff_k3_rep4_d10	Lactiplantibacillus_plantarum	10	no_call	3	0	0	0	0	nan	nan	nan
single	Lactiplantibacillus_plantarum__diff_k3_rep5_d0.5	Lactiplantibacillus_plantarum	0.5	no_call	3	0	0	0	0	nan	nan	nan
single	Lactiplantibacillus_plantarum__diff_k3_rep5_d1	Lactiplantibacillus_plantarum	1	no_call	3	0	0	0	0	nan	nan	nan
single	Lactiplantibacillus_plantarum__diff_k3_rep5_d3	Lactiplantibacillus_plantarum	3	no_call	3	0	0	0	0	nan	nan	nan
single	Lactiplantibacillus_plantarum__diff_k3_rep5_d5	Lactiplantibacillus_plantarum	5	no_call	3	0	0	0	0	nan	nan	nan
single	Lactiplantibacillus_plantarum__diff_k3_rep5_d10	Lactiplantibacillus_plantarum	10	no_call	3	0	0	0	0	nan	nan	nan
single	Lactiplantibacillus_plantarum__diff_k5_rep1_d0.5	Lactiplantibacillus_plantarum	0.5	completed	5	4	4	0	1	1.0	0.8	0.888888888888889
single	Lactiplantibacillus_plantarum__diff_k5_rep1_d1	Lactiplantibacillus_plantarum	1	completed	5	5	5	0	0	1.0	1.0	1.0
single	Lactiplantibacillus_plantarum__diff_k5_rep1_d3	Lactiplantibacillus_plantarum	3	completed	5	3	3	0	2	1.0	0.6	0.7499999999999999
single	Lactiplantibacillus_plantarum__diff_k5_rep1_d5	Lactiplantibacillus_plantarum	5	completed	5	4	4	0	1	1.0	0.8	0.888888888888889
single	Lactiplantibacillus_plantarum__diff_k5_rep1_d10	Lactiplantibacillus_plantarum	10	completed	5	4	4	0	1	1.0	0.8	0.888888888888889
single	Lactiplantibacillus_plantarum__diff_k5_rep2_d0.5	Lactiplantibacillus_plantarum	0.5	no_call	5	0	0	0	0	nan	nan	nan
single	Lactiplantibacillus_plantarum__diff_k5_rep2_d1	Lactiplantibacillus_plantarum	1	no_call	5	0	0	0	0	nan	nan	nan
single	Lactiplantibacillus_plantarum__diff_k5_rep2_d3	Lactiplantibacillus_plantarum	3	no_call	5	0	0	0	0	nan	nan	nan
single	Lactiplantibacillus_plantarum__diff_k5_rep2_d5	Lactiplantibacillus_plantarum	5	no_call	5	0	0	0	0	nan	nan	nan
single	Lactiplantibacillus_plantarum__diff_k5_rep2_d10	Lactiplantibacillus_plantarum	10	no_call	5	0	0	0	0	nan	nan	nan
single	Lactiplantibacillus_plantarum__diff_k5_rep3_d0.5	Lactiplantibacillus_plantarum	0.5	no_call	5	0	0	0	0	nan	nan	nan
single	Lactiplantibacillus_plantarum__diff_k5_rep3_d1	Lactiplantibacillus_plantarum	1	no_call	5	0	0	0	0	nan	nan	nan
single	Lactiplantibacillus_plantarum__diff_k5_rep3_d3	Lactiplantibacillus_plantarum	3	no_call	5	0	0	0	0	nan	nan	nan
single	Lactiplantibacillus_plantarum__diff_k5_rep3_d5	Lactiplantibacillus_plantarum	5	no_call	5	0	0	0	0	nan	nan	nan
single	Lactiplantibacillus_plantarum__diff_k5_rep3_d10	Lactiplantibacillus_plantarum	10	no_call	5	0	0	0	0	nan	nan	nan
single	Lactiplantibacillus_plantarum__diff_k5_rep4_d0.5	Lactiplantibacillus_plantarum	0.5	no_call	5	0	0	0	0	nan	nan	nan
single	Lactiplantibacillus_plantarum__diff_k5_rep4_d1	Lactiplantibacillus_plantarum	1	no_call	5	0	0	0	0	nan	nan	nan
single	Lactiplantibacillus_plantarum__diff_k5_rep4_d3	Lactiplantibacillus_plantarum	3	no_call	5	0	0	0	0	nan	nan	nan
single	Lactiplantibacillus_plantarum__diff_k5_rep4_d5	Lactiplantibacillus_plantarum	5	no_call	5	0	0	0	0	nan	nan	nan
single	Lactiplantibacillus_plantarum__diff_k5_rep4_d10	Lactiplantibacillus_plantarum	10	no_call	5	0	0	0	0	nan	nan	nan
single	Lactiplantibacillus_plantarum__diff_k5_rep5_d0.5	Lactiplantibacillus_plantarum	0.5	no_call	5	0	0	0	0	nan	nan	nan
single	Lactiplantibacillus_plantarum__diff_k5_rep5_d1	Lactiplantibacillus_plantarum	1	no_call	5	0	0	0	0	nan	nan	nan
single	Lactiplantibacillus_plantarum__diff_k5_rep5_d3	Lactiplantibacillus_plantarum	3	no_call	5	0	0	0	0	nan	nan	nan
single	Lactiplantibacillus_plantarum__diff_k5_rep5_d5	Lactiplantibacillus_plantarum	5	no_call	5	0	0	0	0	nan	nan	nan
single	Lactiplantibacillus_plantarum__diff_k5_rep5_d10	Lactiplantibacillus_plantarum	10	no_call	5	0	0	0	0	nan	nan	nan
single	Mycobacterium_tuberculosis__same_k2_rep1_d0.5	Mycobacterium_tuberculosis	0.5	completed	1	1	1	0	0	1.0	1.0	1.0
single	Mycobacterium_tuberculosis__same_k2_rep1_d1	Mycobacterium_tuberculosis	1	completed	1	1	1	0	0	1.0	1.0	1.0
single	Mycobacterium_tuberculosis__same_k2_rep1_d3	Mycobacterium_tuberculosis	3	completed	1	1	1	0	0	1.0	1.0	1.0
single	Mycobacterium_tuberculosis__same_k2_rep1_d5	Mycobacterium_tuberculosis	5	completed	1	1	1	0	0	1.0	1.0	1.0
single	Mycobacterium_tuberculosis__same_k2_rep1_d10	Mycobacterium_tuberculosis	10	completed	1	1	1	0	0	1.0	1.0	1.0
single	Mycobacterium_tuberculosis__same_k2_rep2_d0.5	Mycobacterium_tuberculosis	0.5	no_call	1	0	0	0	0	nan	nan	nan
single	Mycobacterium_tuberculosis__same_k2_rep2_d1	Mycobacterium_tuberculosis	1	no_call	1	0	0	0	0	nan	nan	nan
single	Mycobacterium_tuberculosis__same_k2_rep2_d3	Mycobacterium_tuberculosis	3	no_call	1	0	0	0	0	nan	nan	nan
single	Mycobacterium_tuberculosis__same_k2_rep2_d5	Mycobacterium_tuberculosis	5	no_call	1	0	0	0	0	nan	nan	nan
single	Mycobacterium_tuberculosis__same_k2_rep2_d10	Mycobacterium_tuberculosis	10	no_call	1	0	0	0	0	nan	nan	nan
single	Mycobacterium_tuberculosis__same_k2_rep3_d0.5	Mycobacterium_tuberculosis	0.5	no_call	1	0	0	0	0	nan	nan	nan
single	Mycobacterium_tuberculosis__same_k2_rep3_d1	Mycobacterium_tuberculosis	1	no_call	1	0	0	0	0	nan	nan	nan
single	Mycobacterium_tuberculosis__same_k2_rep3_d3	Mycobacterium_tuberculosis	3	no_call	1	0	0	0	0	nan	nan	nan
single	Mycobacterium_tuberculosis__same_k2_rep3_d5	Mycobacterium_tuberculosis	5	no_call	1	0	0	0	0	nan	nan	nan
single	Mycobacterium_tuberculosis__same_k2_rep3_d10	Mycobacterium_tuberculosis	10	no_call	1	0	0	0	0	nan	nan	nan
single	Mycobacterium_tuberculosis__same_k2_rep4_d0.5	Mycobacterium_tuberculosis	0.5	no_call	1	0	0	0	0	nan	nan	nan
single	Mycobacterium_tuberculosis__same_k2_rep4_d1	Mycobacterium_tuberculosis	1	no_call	1	0	0	0	0	nan	nan	nan
single	Mycobacterium_tuberculosis__same_k2_rep4_d3	Mycobacterium_tuberculosis	3	no_call	1	0	0	0	0	nan	nan	nan
single	Mycobacterium_tuberculosis__same_k2_rep4_d5	Mycobacterium_tuberculosis	5	no_call	1	0	0	0	0	nan	nan	nan
single	Mycobacterium_tuberculosis__same_k2_rep4_d10	Mycobacterium_tuberculosis	10	no_call	1	0	0	0	0	nan	nan	nan
single	Mycobacterium_tuberculosis__same_k2_rep5_d0.5	Mycobacterium_tuberculosis	0.5	no_call	1	0	0	0	0	nan	nan	nan
single	Mycobacterium_tuberculosis__same_k2_rep5_d1	Mycobacterium_tuberculosis	1	no_call	1	0	0	0	0	nan	nan	nan
single	Mycobacterium_tuberculosis__same_k2_rep5_d3	Mycobacterium_tuberculosis	3	no_call	1	0	0	0	0	nan	nan	nan
single	Mycobacterium_tuberculosis__same_k2_rep5_d5	Mycobacterium_tuberculosis	5	no_call	1	0	0	0	0	nan	nan	nan
single	Mycobacterium_tuberculosis__same_k2_rep5_d10	Mycobacterium_tuberculosis	10	no_call	1	0	0	0	0	nan	nan	nan
single	Mycobacterium_tuberculosis__same_k3_rep1_d0.5	Mycobacterium_tuberculosis	0.5	completed	1	1	1	0	0	1.0	1.0	1.0
single	Mycobacterium_tuberculosis__same_k3_rep1_d1	Mycobacterium_tuberculosis	1	completed	1	1	1	0	0	1.0	1.0	1.0
single	Mycobacterium_tuberculosis__same_k3_rep1_d3	Mycobacterium_tuberculosis	3	completed	1	1	1	0	0	1.0	1.0	1.0
single	Mycobacterium_tuberculosis__same_k3_rep1_d5	Mycobacterium_tuberculosis	5	completed	1	1	1	0	0	1.0	1.0	1.0
single	Mycobacterium_tuberculosis__same_k3_rep1_d10	Mycobacterium_tuberculosis	10	completed	1	1	1	0	0	1.0	1.0	1.0
single	Mycobacterium_tuberculosis__same_k3_rep2_d0.5	Mycobacterium_tuberculosis	0.5	no_call	1	0	0	0	0	nan	nan	nan
single	Mycobacterium_tuberculosis__same_k3_rep2_d1	Mycobacterium_tuberculosis	1	no_call	1	0	0	0	0	nan	nan	nan
single	Mycobacterium_tuberculosis__same_k3_rep2_d3	Mycobacterium_tuberculosis	3	no_call	1	0	0	0	0	nan	nan	nan
single	Mycobacterium_tuberculosis__same_k3_rep2_d5	Mycobacterium_tuberculosis	5	no_call	1	0	0	0	0	nan	nan	nan
single	Mycobacterium_tuberculosis__same_k3_rep2_d10	Mycobacterium_tuberculosis	10	no_call	1	0	0	0	0	nan	nan	nan
single	Mycobacterium_tuberculosis__same_k3_rep3_d0.5	Mycobacterium_tuberculosis	0.5	no_call	1	0	0	0	0	nan	nan	nan
single	Mycobacterium_tuberculosis__same_k3_rep3_d1	Mycobacterium_tuberculosis	1	no_call	1	0	0	0	0	nan	nan	nan
single	Mycobacterium_tuberculosis__same_k3_rep3_d3	Mycobacterium_tuberculosis	3	no_call	1	0	0	0	0	nan	nan	nan
single	Mycobacterium_tuberculosis__same_k3_rep3_d5	Mycobacterium_tuberculosis	5	no_call	1	0	0	0	0	nan	nan	nan
single	Mycobacterium_tuberculosis__same_k3_rep3_d10	Mycobacterium_tuberculosis	10	no_call	1	0	0	0	0	nan	nan	nan
single	Mycobacterium_tuberculosis__same_k3_rep4_d0.5	Mycobacterium_tuberculosis	0.5	no_call	1	0	0	0	0	nan	nan	nan
single	Mycobacterium_tuberculosis__same_k3_rep4_d1	Mycobacterium_tuberculosis	1	no_call	1	0	0	0	0	nan	nan	nan
single	Mycobacterium_tuberculosis__same_k3_rep4_d3	Mycobacterium_tuberculosis	3	no_call	1	0	0	0	0	nan	nan	nan
single	Mycobacterium_tuberculosis__same_k3_rep4_d5	Mycobacterium_tuberculosis	5	no_call	1	0	0	0	0	nan	nan	nan
single	Mycobacterium_tuberculosis__same_k3_rep4_d10	Mycobacterium_tuberculosis	10	no_call	1	0	0	0	0	nan	nan	nan
single	Mycobacterium_tuberculosis__same_k3_rep5_d0.5	Mycobacterium_tuberculosis	0.5	no_call	1	0	0	0	0	nan	nan	nan
single	Mycobacterium_tuberculosis__same_k3_rep5_d1	Mycobacterium_tuberculosis	1	no_call	1	0	0	0	0	nan	nan	nan
single	Mycobacterium_tuberculosis__same_k3_rep5_d3	Mycobacterium_tuberculosis	3	no_call	1	0	0	0	0	nan	nan	nan
single	Mycobacterium_tuberculosis__same_k3_rep5_d5	Mycobacterium_tuberculosis	5	no_call	1	0	0	0	0	nan	nan	nan
single	Mycobacterium_tuberculosis__same_k3_rep5_d10	Mycobacterium_tuberculosis	10	no_call	1	0	0	0	0	nan	nan	nan
single	Mycobacterium_tuberculosis__same_k5_rep1_d0.5	Mycobacterium_tuberculosis	0.5	completed	1	1	1	0	0	1.0	1.0	1.0
single	Mycobacterium_tuberculosis__same_k5_rep1_d1	Mycobacterium_tuberculosis	1	completed	1	1	1	0	0	1.0	1.0	1.0
single	Mycobacterium_tuberculosis__same_k5_rep1_d3	Mycobacterium_tuberculosis	3	completed	1	1	1	0	0	1.0	1.0	1.0
single	Mycobacterium_tuberculosis__same_k5_rep1_d5	Mycobacterium_tuberculosis	5	completed	1	1	1	0	0	1.0	1.0	1.0
single	Mycobacterium_tuberculosis__same_k5_rep1_d10	Mycobacterium_tuberculosis	10	completed	1	1	1	0	0	1.0	1.0	1.0
single	Mycobacterium_tuberculosis__same_k5_rep2_d0.5	Mycobacterium_tuberculosis	0.5	no_call	1	0	0	0	0	nan	nan	nan
single	Mycobacterium_tuberculosis__same_k5_rep2_d1	Mycobacterium_tuberculosis	1	no_call	1	0	0	0	0	nan	nan	nan
single	Mycobacterium_tuberculosis__same_k5_rep2_d3	Mycobacterium_tuberculosis	3	no_call	1	0	0	0	0	nan	nan	nan
single	Mycobacterium_tuberculosis__same_k5_rep2_d5	Mycobacterium_tuberculosis	5	no_call	1	0	0	0	0	nan	nan	nan
single	Mycobacterium_tuberculosis__same_k5_rep2_d10	Mycobacterium_tuberculosis	10	no_call	1	0	0	0	0	nan	nan	nan
single	Mycobacterium_tuberculosis__same_k5_rep3_d0.5	Mycobacterium_tuberculosis	0.5	no_call	1	0	0	0	0	nan	nan	nan
single	Mycobacterium_tuberculosis__same_k5_rep3_d1	Mycobacterium_tuberculosis	1	no_call	1	0	0	0	0	nan	nan	nan
single	Mycobacterium_tuberculosis__same_k5_rep3_d3	Mycobacterium_tuberculosis	3	no_call	1	0	0	0	0	nan	nan	nan
single	Mycobacterium_tuberculosis__same_k5_rep3_d5	Mycobacterium_tuberculosis	5	no_call	1	0	0	0	0	nan	nan	nan
single	Mycobacterium_tuberculosis__same_k5_rep3_d10	Mycobacterium_tuberculosis	10	no_call	1	0	0	0	0	nan	nan	nan
single	Mycobacterium_tuberculosis__same_k5_rep4_d0.5	Mycobacterium_tuberculosis	0.5	no_call	1	0	0	0	0	nan	nan	nan
single	Mycobacterium_tuberculosis__same_k5_rep4_d1	Mycobacterium_tuberculosis	1	no_call	1	0	0	0	0	nan	nan	nan
single	Mycobacterium_tuberculosis__same_k5_rep4_d3	Mycobacterium_tuberculosis	3	no_call	1	0	0	0	0	nan	nan	nan
single	Mycobacterium_tuberculosis__same_k5_rep4_d5	Mycobacterium_tuberculosis	5	no_call	1	0	0	0	0	nan	nan	nan
single	Mycobacterium_tuberculosis__same_k5_rep4_d10	Mycobacterium_tuberculosis	10	no_call	1	0	0	0	0	nan	nan	nan
single	Mycobacterium_tuberculosis__same_k5_rep5_d0.5	Mycobacterium_tuberculosis	0.5	no_call	1	0	0	0	0	nan	nan	nan
single	Mycobacterium_tuberculosis__same_k5_rep5_d1	Mycobacterium_tuberculosis	1	no_call	1	0	0	0	0	nan	nan	nan
single	Mycobacterium_tuberculosis__same_k5_rep5_d3	Mycobacterium_tuberculosis	3	no_call	1	0	0	0	0	nan	nan	nan
single	Mycobacterium_tuberculosis__same_k5_rep5_d5	Mycobacterium_tuberculosis	5	no_call	1	0	0	0	0	nan	nan	nan
single	Mycobacterium_tuberculosis__same_k5_rep5_d10	Mycobacterium_tuberculosis	10	no_call	1	0	0	0	0	nan	nan	nan
single	Phocaeicola_dorei__diff_k2_rep1_d0.5	Phocaeicola_dorei	0.5	completed	2	1	1	0	1	1.0	0.5	0.6666666666666666
single	Phocaeicola_dorei__diff_k2_rep1_d1	Phocaeicola_dorei	1	completed	2	2	2	0	0	1.0	1.0	1.0
single	Phocaeicola_dorei__diff_k2_rep1_d3	Phocaeicola_dorei	3	completed	2	1	1	0	1	1.0	0.5	0.6666666666666666
single	Phocaeicola_dorei__diff_k2_rep1_d5	Phocaeicola_dorei	5	completed	2	1	1	0	1	1.0	0.5	0.6666666666666666
single	Phocaeicola_dorei__diff_k2_rep1_d10	Phocaeicola_dorei	10	completed	2	2	2	0	0	1.0	1.0	1.0
single	Phocaeicola_dorei__diff_k2_rep2_d0.5	Phocaeicola_dorei	0.5	no_call	2	0	0	0	0	nan	nan	nan
single	Phocaeicola_dorei__diff_k2_rep2_d1	Phocaeicola_dorei	1	no_call	2	0	0	0	0	nan	nan	nan
single	Phocaeicola_dorei__diff_k2_rep2_d3	Phocaeicola_dorei	3	no_call	2	0	0	0	0	nan	nan	nan
single	Phocaeicola_dorei__diff_k2_rep2_d5	Phocaeicola_dorei	5	no_call	2	0	0	0	0	nan	nan	nan
single	Phocaeicola_dorei__diff_k2_rep2_d10	Phocaeicola_dorei	10	no_call	2	0	0	0	0	nan	nan	nan
single	Phocaeicola_dorei__diff_k2_rep3_d0.5	Phocaeicola_dorei	0.5	no_call	2	0	0	0	0	nan	nan	nan
single	Phocaeicola_dorei__diff_k2_rep3_d1	Phocaeicola_dorei	1	no_call	2	0	0	0	0	nan	nan	nan
single	Phocaeicola_dorei__diff_k2_rep3_d3	Phocaeicola_dorei	3	no_call	2	0	0	0	0	nan	nan	nan
single	Phocaeicola_dorei__diff_k2_rep3_d5	Phocaeicola_dorei	5	no_call	2	0	0	0	0	nan	nan	nan
single	Phocaeicola_dorei__diff_k2_rep3_d10	Phocaeicola_dorei	10	no_call	2	0	0	0	0	nan	nan	nan
single	Phocaeicola_dorei__diff_k2_rep4_d0.5	Phocaeicola_dorei	0.5	no_call	2	0	0	0	0	nan	nan	nan
single	Phocaeicola_dorei__diff_k2_rep4_d1	Phocaeicola_dorei	1	no_call	2	0	0	0	0	nan	nan	nan
single	Phocaeicola_dorei__diff_k2_rep4_d3	Phocaeicola_dorei	3	no_call	2	0	0	0	0	nan	nan	nan
single	Phocaeicola_dorei__diff_k2_rep4_d5	Phocaeicola_dorei	5	no_call	2	0	0	0	0	nan	nan	nan
single	Phocaeicola_dorei__diff_k2_rep4_d10	Phocaeicola_dorei	10	no_call	2	0	0	0	0	nan	nan	nan
single	Phocaeicola_dorei__diff_k2_rep5_d0.5	Phocaeicola_dorei	0.5	no_call	2	0	0	0	0	nan	nan	nan
single	Phocaeicola_dorei__diff_k2_rep5_d1	Phocaeicola_dorei	1	no_call	2	0	0	0	0	nan	nan	nan
single	Phocaeicola_dorei__diff_k2_rep5_d3	Phocaeicola_dorei	3	no_call	2	0	0	0	0	nan	nan	nan
single	Phocaeicola_dorei__diff_k2_rep5_d5	Phocaeicola_dorei	5	no_call	2	0	0	0	0	nan	nan	nan
single	Phocaeicola_dorei__diff_k2_rep5_d10	Phocaeicola_dorei	10	no_call	2	0	0	0	0	nan	nan	nan
single	Phocaeicola_dorei__diff_k3_rep1_d0.5	Phocaeicola_dorei	0.5	completed	3	2	2	0	1	1.0	0.6666666666666666	0.8
single	Phocaeicola_dorei__diff_k3_rep1_d1	Phocaeicola_dorei	1	completed	3	3	3	0	0	1.0	1.0	1.0
single	Phocaeicola_dorei__diff_k3_rep1_d3	Phocaeicola_dorei	3	completed	3	2	2	0	1	1.0	0.6666666666666666	0.8
single	Phocaeicola_dorei__diff_k3_rep1_d5	Phocaeicola_dorei	5	completed	3	2	2	0	1	1.0	0.6666666666666666	0.8
single	Phocaeicola_dorei__diff_k3_rep1_d10	Phocaeicola_dorei	10	completed	3	2	2	0	1	1.0	0.6666666666666666	0.8
single	Phocaeicola_dorei__diff_k3_rep2_d0.5	Phocaeicola_dorei	0.5	no_call	3	0	0	0	0	nan	nan	nan
single	Phocaeicola_dorei__diff_k3_rep2_d1	Phocaeicola_dorei	1	no_call	3	0	0	0	0	nan	nan	nan
single	Phocaeicola_dorei__diff_k3_rep2_d3	Phocaeicola_dorei	3	no_call	3	0	0	0	0	nan	nan	nan
single	Phocaeicola_dorei__diff_k3_rep2_d5	Phocaeicola_dorei	5	no_call	3	0	0	0	0	nan	nan	nan
single	Phocaeicola_dorei__diff_k3_rep2_d10	Phocaeicola_dorei	10	no_call	3	0	0	0	0	nan	nan	nan
single	Phocaeicola_dorei__diff_k3_rep3_d0.5	Phocaeicola_dorei	0.5	no_call	3	0	0	0	0	nan	nan	nan
single	Phocaeicola_dorei__diff_k3_rep3_d1	Phocaeicola_dorei	1	no_call	3	0	0	0	0	nan	nan	nan
single	Phocaeicola_dorei__diff_k3_rep3_d3	Phocaeicola_dorei	3	no_call	3	0	0	0	0	nan	nan	nan
single	Phocaeicola_dorei__diff_k3_rep3_d5	Phocaeicola_dorei	5	no_call	3	0	0	0	0	nan	nan	nan
single	Phocaeicola_dorei__diff_k3_rep3_d10	Phocaeicola_dorei	10	no_call	3	0	0	0	0	nan	nan	nan
single	Phocaeicola_dorei__diff_k3_rep4_d0.5	Phocaeicola_dorei	0.5	no_call	3	0	0	0	0	nan	nan	nan
single	Phocaeicola_dorei__diff_k3_rep4_d1	Phocaeicola_dorei	1	no_call	3	0	0	0	0	nan	nan	nan
single	Phocaeicola_dorei__diff_k3_rep4_d3	Phocaeicola_dorei	3	no_call	3	0	0	0	0	nan	nan	nan
single	Phocaeicola_dorei__diff_k3_rep4_d5	Phocaeicola_dorei	5	no_call	3	0	0	0	0	nan	nan	nan
single	Phocaeicola_dorei__diff_k3_rep4_d10	Phocaeicola_dorei	10	no_call	3	0	0	0	0	nan	nan	nan
single	Phocaeicola_dorei__diff_k3_rep5_d0.5	Phocaeicola_dorei	0.5	no_call	3	0	0	0	0	nan	nan	nan
single	Phocaeicola_dorei__diff_k3_rep5_d1	Phocaeicola_dorei	1	no_call	3	0	0	0	0	nan	nan	nan
single	Phocaeicola_dorei__diff_k3_rep5_d3	Phocaeicola_dorei	3	no_call	3	0	0	0	0	nan	nan	nan
single	Phocaeicola_dorei__diff_k3_rep5_d5	Phocaeicola_dorei	5	no_call	3	0	0	0	0	nan	nan	nan
single	Phocaeicola_dorei__diff_k3_rep5_d10	Phocaeicola_dorei	10	no_call	3	0	0	0	0	nan	nan	nan
single	Phocaeicola_dorei__diff_k5_rep1_d0.5	Phocaeicola_dorei	0.5	no_call	5	0	0	0	0	nan	nan	nan
single	Phocaeicola_dorei__diff_k5_rep1_d1	Phocaeicola_dorei	1	no_call	5	0	0	0	0	nan	nan	nan
single	Phocaeicola_dorei__diff_k5_rep1_d3	Phocaeicola_dorei	3	no_call	5	0	0	0	0	nan	nan	nan
single	Phocaeicola_dorei__diff_k5_rep1_d5	Phocaeicola_dorei	5	no_call	5	0	0	0	0	nan	nan	nan
single	Phocaeicola_dorei__diff_k5_rep1_d10	Phocaeicola_dorei	10	no_call	5	0	0	0	0	nan	nan	nan
single	Phocaeicola_dorei__diff_k5_rep2_d0.5	Phocaeicola_dorei	0.5	no_call	5	0	0	0	0	nan	nan	nan
single	Phocaeicola_dorei__diff_k5_rep2_d1	Phocaeicola_dorei	1	no_call	5	0	0	0	0	nan	nan	nan
single	Phocaeicola_dorei__diff_k5_rep2_d3	Phocaeicola_dorei	3	no_call	5	0	0	0	0	nan	nan	nan
single	Phocaeicola_dorei__diff_k5_rep2_d5	Phocaeicola_dorei	5	no_call	5	0	0	0	0	nan	nan	nan
single	Phocaeicola_dorei__diff_k5_rep2_d10	Phocaeicola_dorei	10	no_call	5	0	0	0	0	nan	nan	nan
single	Phocaeicola_dorei__diff_k5_rep3_d0.5	Phocaeicola_dorei	0.5	no_call	5	0	0	0	0	nan	nan	nan
single	Phocaeicola_dorei__diff_k5_rep3_d1	Phocaeicola_dorei	1	no_call	5	0	0	0	0	nan	nan	nan
single	Phocaeicola_dorei__diff_k5_rep3_d3	Phocaeicola_dorei	3	no_call	5	0	0	0	0	nan	nan	nan
single	Phocaeicola_dorei__diff_k5_rep3_d5	Phocaeicola_dorei	5	no_call	5	0	0	0	0	nan	nan	nan
single	Phocaeicola_dorei__diff_k5_rep3_d10	Phocaeicola_dorei	10	no_call	5	0	0	0	0	nan	nan	nan
single	Phocaeicola_dorei__diff_k5_rep4_d0.5	Phocaeicola_dorei	0.5	no_call	5	0	0	0	0	nan	nan	nan
single	Phocaeicola_dorei__diff_k5_rep4_d1	Phocaeicola_dorei	1	no_call	5	0	0	0	0	nan	nan	nan
single	Phocaeicola_dorei__diff_k5_rep4_d3	Phocaeicola_dorei	3	no_call	5	0	0	0	0	nan	nan	nan
single	Phocaeicola_dorei__diff_k5_rep4_d5	Phocaeicola_dorei	5	no_call	5	0	0	0	0	nan	nan	nan
single	Phocaeicola_dorei__diff_k5_rep4_d10	Phocaeicola_dorei	10	no_call	5	0	0	0	0	nan	nan	nan
single	Phocaeicola_dorei__diff_k5_rep5_d0.5	Phocaeicola_dorei	0.5	no_call	5	0	0	0	0	nan	nan	nan
single	Phocaeicola_dorei__diff_k5_rep5_d1	Phocaeicola_dorei	1	no_call	5	0	0	0	0	nan	nan	nan
single	Phocaeicola_dorei__diff_k5_rep5_d3	Phocaeicola_dorei	3	no_call	5	0	0	0	0	nan	nan	nan
single	Phocaeicola_dorei__diff_k5_rep5_d5	Phocaeicola_dorei	5	no_call	5	0	0	0	0	nan	nan	nan
single	Phocaeicola_dorei__diff_k5_rep5_d10	Phocaeicola_dorei	10	no_call	5	0	0	0	0	nan	nan	nan
single	Porphyromonas_gingivalis__diff_k2_rep1_d0.5	Porphyromonas_gingivalis	0.5	completed	2	1	1	0	1	1.0	0.5	0.6666666666666666
single	Porphyromonas_gingivalis__diff_k2_rep1_d1	Porphyromonas_gingivalis	1	completed	2	2	2	0	0	1.0	1.0	1.0
single	Porphyromonas_gingivalis__diff_k2_rep1_d3	Porphyromonas_gingivalis	3	completed	2	1	1	0	1	1.0	0.5	0.6666666666666666
single	Porphyromonas_gingivalis__diff_k2_rep1_d5	Porphyromonas_gingivalis	5	completed	2	1	1	0	1	1.0	0.5	0.6666666666666666
single	Porphyromonas_gingivalis__diff_k2_rep1_d10	Porphyromonas_gingivalis	10	completed	2	2	2	0	0	1.0	1.0	1.0
single	Porphyromonas_gingivalis__diff_k2_rep2_d0.5	Porphyromonas_gingivalis	0.5	no_call	2	0	0	0	0	nan	nan	nan
single	Porphyromonas_gingivalis__diff_k2_rep2_d1	Porphyromonas_gingivalis	1	no_call	2	0	0	0	0	nan	nan	nan
single	Porphyromonas_gingivalis__diff_k2_rep2_d3	Porphyromonas_gingivalis	3	no_call	2	0	0	0	0	nan	nan	nan
single	Porphyromonas_gingivalis__diff_k2_rep2_d5	Porphyromonas_gingivalis	5	no_call	2	0	0	0	0	nan	nan	nan
single	Porphyromonas_gingivalis__diff_k2_rep2_d10	Porphyromonas_gingivalis	10	no_call	2	0	0	0	0	nan	nan	nan
single	Porphyromonas_gingivalis__diff_k2_rep3_d0.5	Porphyromonas_gingivalis	0.5	no_call	2	0	0	0	0	nan	nan	nan
single	Porphyromonas_gingivalis__diff_k2_rep3_d1	Porphyromonas_gingivalis	1	no_call	2	0	0	0	0	nan	nan	nan
single	Porphyromonas_gingivalis__diff_k2_rep3_d3	Porphyromonas_gingivalis	3	no_call	2	0	0	0	0	nan	nan	nan
single	Porphyromonas_gingivalis__diff_k2_rep3_d5	Porphyromonas_gingivalis	5	no_call	2	0	0	0	0	nan	nan	nan
single	Porphyromonas_gingivalis__diff_k2_rep3_d10	Porphyromonas_gingivalis	10	no_call	2	0	0	0	0	nan	nan	nan
single	Porphyromonas_gingivalis__diff_k2_rep4_d0.5	Porphyromonas_gingivalis	0.5	no_call	2	0	0	0	0	nan	nan	nan
single	Porphyromonas_gingivalis__diff_k2_rep4_d1	Porphyromonas_gingivalis	1	no_call	2	0	0	0	0	nan	nan	nan
single	Porphyromonas_gingivalis__diff_k2_rep4_d3	Porphyromonas_gingivalis	3	no_call	2	0	0	0	0	nan	nan	nan
single	Porphyromonas_gingivalis__diff_k2_rep4_d5	Porphyromonas_gingivalis	5	no_call	2	0	0	0	0	nan	nan	nan
single	Porphyromonas_gingivalis__diff_k2_rep4_d10	Porphyromonas_gingivalis	10	no_call	2	0	0	0	0	nan	nan	nan
single	Porphyromonas_gingivalis__diff_k2_rep5_d0.5	Porphyromonas_gingivalis	0.5	no_call	2	0	0	0	0	nan	nan	nan
single	Porphyromonas_gingivalis__diff_k2_rep5_d1	Porphyromonas_gingivalis	1	no_call	2	0	0	0	0	nan	nan	nan
single	Porphyromonas_gingivalis__diff_k2_rep5_d3	Porphyromonas_gingivalis	3	no_call	2	0	0	0	0	nan	nan	nan
single	Porphyromonas_gingivalis__diff_k2_rep5_d5	Porphyromonas_gingivalis	5	no_call	2	0	0	0	0	nan	nan	nan
single	Porphyromonas_gingivalis__diff_k2_rep5_d10	Porphyromonas_gingivalis	10	no_call	2	0	0	0	0	nan	nan	nan
single	Porphyromonas_gingivalis__diff_k3_rep1_d0.5	Porphyromonas_gingivalis	0.5	completed	3	2	2	0	1	1.0	0.6666666666666666	0.8
single	Porphyromonas_gingivalis__diff_k3_rep1_d1	Porphyromonas_gingivalis	1	completed	3	3	3	0	0	1.0	1.0	1.0
single	Porphyromonas_gingivalis__diff_k3_rep1_d3	Porphyromonas_gingivalis	3	completed	3	2	2	0	1	1.0	0.6666666666666666	0.8
single	Porphyromonas_gingivalis__diff_k3_rep1_d5	Porphyromonas_gingivalis	5	completed	3	2	2	0	1	1.0	0.6666666666666666	0.8
single	Porphyromonas_gingivalis__diff_k3_rep1_d10	Porphyromonas_gingivalis	10	completed	3	2	2	0	1	1.0	0.6666666666666666	0.8
single	Porphyromonas_gingivalis__diff_k3_rep2_d0.5	Porphyromonas_gingivalis	0.5	no_call	3	0	0	0	0	nan	nan	nan
single	Porphyromonas_gingivalis__diff_k3_rep2_d1	Porphyromonas_gingivalis	1	no_call	3	0	0	0	0	nan	nan	nan
single	Porphyromonas_gingivalis__diff_k3_rep2_d3	Porphyromonas_gingivalis	3	no_call	3	0	0	0	0	nan	nan	nan
single	Porphyromonas_gingivalis__diff_k3_rep2_d5	Porphyromonas_gingivalis	5	no_call	3	0	0	0	0	nan	nan	nan
single	Porphyromonas_gingivalis__diff_k3_rep2_d10	Porphyromonas_gingivalis	10	no_call	3	0	0	0	0	nan	nan	nan
single	Porphyromonas_gingivalis__diff_k3_rep3_d0.5	Porphyromonas_gingivalis	0.5	no_call	3	0	0	0	0	nan	nan	nan
single	Porphyromonas_gingivalis__diff_k3_rep3_d1	Porphyromonas_gingivalis	1	no_call	3	0	0	0	0	nan	nan	nan
single	Porphyromonas_gingivalis__diff_k3_rep3_d3	Porphyromonas_gingivalis	3	no_call	3	0	0	0	0	nan	nan	nan
single	Porphyromonas_gingivalis__diff_k3_rep3_d5	Porphyromonas_gingivalis	5	no_call	3	0	0	0	0	nan	nan	nan
single	Porphyromonas_gingivalis__diff_k3_rep3_d10	Porphyromonas_gingivalis	10	no_call	3	0	0	0	0	nan	nan	nan
single	Porphyromonas_gingivalis__diff_k3_rep4_d0.5	Porphyromonas_gingivalis	0.5	no_call	3	0	0	0	0	nan	nan	nan
single	Porphyromonas_gingivalis__diff_k3_rep4_d1	Porphyromonas_gingivalis	1	no_call	3	0	0	0	0	nan	nan	nan
single	Porphyromonas_gingivalis__diff_k3_rep4_d3	Porphyromonas_gingivalis	3	no_call	3	0	0	0	0	nan	nan	nan
single	Porphyromonas_gingivalis__diff_k3_rep4_d5	Porphyromonas_gingivalis	5	no_call	3	0	0	0	0	nan	nan	nan
single	Porphyromonas_gingivalis__diff_k3_rep4_d10	Porphyromonas_gingivalis	10	no_call	3	0	0	0	0	nan	nan	nan
single	Porphyromonas_gingivalis__diff_k3_rep5_d0.5	Porphyromonas_gingivalis	0.5	no_call	3	0	0	0	0	nan	nan	nan
single	Porphyromonas_gingivalis__diff_k3_rep5_d1	Porphyromonas_gingivalis	1	no_call	3	0	0	0	0	nan	nan	nan
single	Porphyromonas_gingivalis__diff_k3_rep5_d3	Porphyromonas_gingivalis	3	no_call	3	0	0	0	0	nan	nan	nan
single	Porphyromonas_gingivalis__diff_k3_rep5_d5	Porphyromonas_gingivalis	5	no_call	3	0	0	0	0	nan	nan	nan
single	Porphyromonas_gingivalis__diff_k3_rep5_d10	Porphyromonas_gingivalis	10	no_call	3	0	0	0	0	nan	nan	nan
single	Porphyromonas_gingivalis__diff_k5_rep1_d0.5	Porphyromonas_gingivalis	0.5	completed	5	4	4	0	1	1.0	0.8	0.888888888888889
single	Porphyromonas_gingivalis__diff_k5_rep1_d1	Porphyromonas_gingivalis	1	completed	5	5	5	0	0	1.0	1.0	1.0
single	Porphyromonas_gingivalis__diff_k5_rep1_d3	Porphyromonas_gingivalis	3	completed	5	3	3	0	2	1.0	0.6	0.7499999999999999
single	Porphyromonas_gingivalis__diff_k5_rep1_d5	Porphyromonas_gingivalis	5	completed	5	4	4	0	1	1.0	0.8	0.888888888888889
single	Porphyromonas_gingivalis__diff_k5_rep1_d10	Porphyromonas_gingivalis	10	completed	5	5	5	0	0	1.0	1.0	1.0
single	Porphyromonas_gingivalis__diff_k5_rep2_d0.5	Porphyromonas_gingivalis	0.5	no_call	5	0	0	0	0	nan	nan	nan
single	Porphyromonas_gingivalis__diff_k5_rep2_d1	Porphyromonas_gingivalis	1	no_call	5	0	0	0	0	nan	nan	nan
single	Porphyromonas_gingivalis__diff_k5_rep2_d3	Porphyromonas_gingivalis	3	no_call	5	0	0	0	0	nan	nan	nan
single	Porphyromonas_gingivalis__diff_k5_rep2_d5	Porphyromonas_gingivalis	5	no_call	5	0	0	0	0	nan	nan	nan
single	Porphyromonas_gingivalis__diff_k5_rep2_d10	Porphyromonas_gingivalis	10	no_call	5	0	0	0	0	nan	nan	nan
single	Porphyromonas_gingivalis__diff_k5_rep3_d0.5	Porphyromonas_gingivalis	0.5	no_call	5	0	0	0	0	nan	nan	nan
single	Porphyromonas_gingivalis__diff_k5_rep3_d1	Porphyromonas_gingivalis	1	no_call	5	0	0	0	0	nan	nan	nan
single	Porphyromonas_gingivalis__diff_k5_rep3_d3	Porphyromonas_gingivalis	3	no_call	5	0	0	0	0	nan	nan	nan
single	Porphyromonas_gingivalis__diff_k5_rep3_d5	Porphyromonas_gingivalis	5	no_call	5	0	0	0	0	nan	nan	nan
single	Porphyromonas_gingivalis__diff_k5_rep3_d10	Porphyromonas_gingivalis	10	no_call	5	0	0	0	0	nan	nan	nan
single	Porphyromonas_gingivalis__diff_k5_rep4_d0.5	Porphyromonas_gingivalis	0.5	no_call	5	0	0	0	0	nan	nan	nan
single	Porphyromonas_gingivalis__diff_k5_rep4_d1	Porphyromonas_gingivalis	1	no_call	5	0	0	0	0	nan	nan	nan
single	Porphyromonas_gingivalis__diff_k5_rep4_d3	Porphyromonas_gingivalis	3	no_call	5	0	0	0	0	nan	nan	nan
single	Porphyromonas_gingivalis__diff_k5_rep4_d5	Porphyromonas_gingivalis	5	no_call	5	0	0	0	0	nan	nan	nan
single	Porphyromonas_gingivalis__diff_k5_rep4_d10	Porphyromonas_gingivalis	10	no_call	5	0	0	0	0	nan	nan	nan
single	Porphyromonas_gingivalis__diff_k5_rep5_d0.5	Porphyromonas_gingivalis	0.5	no_call	5	0	0	0	0	nan	nan	nan
single	Porphyromonas_gingivalis__diff_k5_rep5_d1	Porphyromonas_gingivalis	1	no_call	5	0	0	0	0	nan	nan	nan
single	Porphyromonas_gingivalis__diff_k5_rep5_d3	Porphyromonas_gingivalis	3	no_call	5	0	0	0	0	nan	nan	nan
single	Porphyromonas_gingivalis__diff_k5_rep5_d5	Porphyromonas_gingivalis	5	no_call	5	0	0	0	0	nan	nan	nan
single	Porphyromonas_gingivalis__diff_k5_rep5_d10	Porphyromonas_gingivalis	10	no_call	5	0	0	0	0	nan	nan	nan
single	Prevotella_copri__diff_k2_rep1_d0.5	Prevotella_copri	0.5	completed	2	1	1	0	1	1.0	0.5	0.6666666666666666
single	Prevotella_copri__diff_k2_rep1_d1	Prevotella_copri	1	completed	2	2	2	0	0	1.0	1.0	1.0
single	Prevotella_copri__diff_k2_rep1_d3	Prevotella_copri	3	completed	2	1	1	0	1	1.0	0.5	0.6666666666666666
single	Prevotella_copri__diff_k2_rep1_d5	Prevotella_copri	5	completed	2	1	1	0	1	1.0	0.5	0.6666666666666666
single	Prevotella_copri__diff_k2_rep1_d10	Prevotella_copri	10	completed	2	2	2	0	0	1.0	1.0	1.0
single	Prevotella_copri__diff_k2_rep2_d0.5	Prevotella_copri	0.5	no_call	2	0	0	0	0	nan	nan	nan
single	Prevotella_copri__diff_k2_rep2_d1	Prevotella_copri	1	no_call	2	0	0	0	0	nan	nan	nan
single	Prevotella_copri__diff_k2_rep2_d3	Prevotella_copri	3	no_call	2	0	0	0	0	nan	nan	nan
single	Prevotella_copri__diff_k2_rep2_d5	Prevotella_copri	5	no_call	2	0	0	0	0	nan	nan	nan
single	Prevotella_copri__diff_k2_rep2_d10	Prevotella_copri	10	no_call	2	0	0	0	0	nan	nan	nan
single	Prevotella_copri__diff_k2_rep3_d0.5	Prevotella_copri	0.5	no_call	2	0	0	0	0	nan	nan	nan
single	Prevotella_copri__diff_k2_rep3_d1	Prevotella_copri	1	no_call	2	0	0	0	0	nan	nan	nan
single	Prevotella_copri__diff_k2_rep3_d3	Prevotella_copri	3	no_call	2	0	0	0	0	nan	nan	nan
single	Prevotella_copri__diff_k2_rep3_d5	Prevotella_copri	5	no_call	2	0	0	0	0	nan	nan	nan
single	Prevotella_copri__diff_k2_rep3_d10	Prevotella_copri	10	no_call	2	0	0	0	0	nan	nan	nan
single	Prevotella_copri__diff_k2_rep4_d0.5	Prevotella_copri	0.5	no_call	2	0	0	0	0	nan	nan	nan
single	Prevotella_copri__diff_k2_rep4_d1	Prevotella_copri	1	no_call	2	0	0	0	0	nan	nan	nan
single	Prevotella_copri__diff_k2_rep4_d3	Prevotella_copri	3	no_call	2	0	0	0	0	nan	nan	nan
single	Prevotella_copri__diff_k2_rep4_d5	Prevotella_copri	5	no_call	2	0	0	0	0	nan	nan	nan
single	Prevotella_copri__diff_k2_rep4_d10	Prevotella_copri	10	no_call	2	0	0	0	0	nan	nan	nan
single	Prevotella_copri__diff_k2_rep5_d0.5	Prevotella_copri	0.5	no_call	2	0	0	0	0	nan	nan	nan
single	Prevotella_copri__diff_k2_rep5_d1	Prevotella_copri	1	no_call	2	0	0	0	0	nan	nan	nan
single	Prevotella_copri__diff_k2_rep5_d3	Prevotella_copri	3	no_call	2	0	0	0	0	nan	nan	nan
single	Prevotella_copri__diff_k2_rep5_d5	Prevotella_copri	5	no_call	2	0	0	0	0	nan	nan	nan
single	Prevotella_copri__diff_k2_rep5_d10	Prevotella_copri	10	no_call	2	0	0	0	0	nan	nan	nan
single	Prevotella_copri__diff_k3_rep1_d0.5	Prevotella_copri	0.5	completed	3	2	2	0	1	1.0	0.6666666666666666	0.8
single	Prevotella_copri__diff_k3_rep1_d1	Prevotella_copri	1	completed	3	3	3	0	0	1.0	1.0	1.0
single	Prevotella_copri__diff_k3_rep1_d3	Prevotella_copri	3	completed	3	2	2	0	1	1.0	0.6666666666666666	0.8
single	Prevotella_copri__diff_k3_rep1_d5	Prevotella_copri	5	completed	3	2	2	0	1	1.0	0.6666666666666666	0.8
single	Prevotella_copri__diff_k3_rep1_d10	Prevotella_copri	10	completed	3	2	2	0	1	1.0	0.6666666666666666	0.8
single	Prevotella_copri__diff_k3_rep2_d0.5	Prevotella_copri	0.5	no_call	3	0	0	0	0	nan	nan	nan
single	Prevotella_copri__diff_k3_rep2_d1	Prevotella_copri	1	no_call	3	0	0	0	0	nan	nan	nan
single	Prevotella_copri__diff_k3_rep2_d3	Prevotella_copri	3	no_call	3	0	0	0	0	nan	nan	nan
single	Prevotella_copri__diff_k3_rep2_d5	Prevotella_copri	5	no_call	3	0	0	0	0	nan	nan	nan
single	Prevotella_copri__diff_k3_rep2_d10	Prevotella_copri	10	no_call	3	0	0	0	0	nan	nan	nan
single	Prevotella_copri__diff_k3_rep3_d0.5	Prevotella_copri	0.5	no_call	3	0	0	0	0	nan	nan	nan
single	Prevotella_copri__diff_k3_rep3_d1	Prevotella_copri	1	no_call	3	0	0	0	0	nan	nan	nan
single	Prevotella_copri__diff_k3_rep3_d3	Prevotella_copri	3	no_call	3	0	0	0	0	nan	nan	nan
single	Prevotella_copri__diff_k3_rep3_d5	Prevotella_copri	5	no_call	3	0	0	0	0	nan	nan	nan
single	Prevotella_copri__diff_k3_rep3_d10	Prevotella_copri	10	no_call	3	0	0	0	0	nan	nan	nan
single	Prevotella_copri__diff_k3_rep4_d0.5	Prevotella_copri	0.5	no_call	3	0	0	0	0	nan	nan	nan
single	Prevotella_copri__diff_k3_rep4_d1	Prevotella_copri	1	no_call	3	0	0	0	0	nan	nan	nan
single	Prevotella_copri__diff_k3_rep4_d3	Prevotella_copri	3	no_call	3	0	0	0	0	nan	nan	nan
single	Prevotella_copri__diff_k3_rep4_d5	Prevotella_copri	5	no_call	3	0	0	0	0	nan	nan	nan
single	Prevotella_copri__diff_k3_rep4_d10	Prevotella_copri	10	no_call	3	0	0	0	0	nan	nan	nan
single	Prevotella_copri__diff_k3_rep5_d0.5	Prevotella_copri	0.5	no_call	3	0	0	0	0	nan	nan	nan
single	Prevotella_copri__diff_k3_rep5_d1	Prevotella_copri	1	no_call	3	0	0	0	0	nan	nan	nan
single	Prevotella_copri__diff_k3_rep5_d3	Prevotella_copri	3	no_call	3	0	0	0	0	nan	nan	nan
single	Prevotella_copri__diff_k3_rep5_d5	Prevotella_copri	5	no_call	3	0	0	0	0	nan	nan	nan
single	Prevotella_copri__diff_k3_rep5_d10	Prevotella_copri	10	no_call	3	0	0	0	0	nan	nan	nan
single	Prevotella_copri__diff_k5_rep1_d0.5	Prevotella_copri	0.5	completed	5	4	4	0	1	1.0	0.8	0.888888888888889
single	Prevotella_copri__diff_k5_rep1_d1	Prevotella_copri	1	completed	5	5	5	0	0	1.0	1.0	1.0
single	Prevotella_copri__diff_k5_rep1_d3	Prevotella_copri	3	completed	5	3	3	0	2	1.0	0.6	0.7499999999999999
single	Prevotella_copri__diff_k5_rep1_d5	Prevotella_copri	5	completed	5	4	4	0	1	1.0	0.8	0.888888888888889
single	Prevotella_copri__diff_k5_rep1_d10	Prevotella_copri	10	completed	5	4	4	0	1	1.0	0.8	0.888888888888889
single	Prevotella_copri__diff_k5_rep2_d0.5	Prevotella_copri	0.5	no_call	5	0	0	0	0	nan	nan	nan
single	Prevotella_copri__diff_k5_rep2_d1	Prevotella_copri	1	no_call	5	0	0	0	0	nan	nan	nan
single	Prevotella_copri__diff_k5_rep2_d3	Prevotella_copri	3	no_call	5	0	0	0	0	nan	nan	nan
single	Prevotella_copri__diff_k5_rep2_d5	Prevotella_copri	5	no_call	5	0	0	0	0	nan	nan	nan
single	Prevotella_copri__diff_k5_rep2_d10	Prevotella_copri	10	no_call	5	0	0	0	0	nan	nan	nan
single	Prevotella_copri__diff_k5_rep3_d0.5	Prevotella_copri	0.5	no_call	5	0	0	0	0	nan	nan	nan
single	Prevotella_copri__diff_k5_rep3_d1	Prevotella_copri	1	no_call	5	0	0	0	0	nan	nan	nan
single	Prevotella_copri__diff_k5_rep3_d3	Prevotella_copri	3	no_call	5	0	0	0	0	nan	nan	nan
single	Prevotella_copri__diff_k5_rep3_d5	Prevotella_copri	5	no_call	5	0	0	0	0	nan	nan	nan
single	Prevotella_copri__diff_k5_rep3_d10	Prevotella_copri	10	no_call	5	0	0	0	0	nan	nan	nan
single	Prevotella_copri__diff_k5_rep4_d0.5	Prevotella_copri	0.5	no_call	5	0	0	0	0	nan	nan	nan
single	Prevotella_copri__diff_k5_rep4_d1	Prevotella_copri	1	no_call	5	0	0	0	0	nan	nan	nan
single	Prevotella_copri__diff_k5_rep4_d3	Prevotella_copri	3	no_call	5	0	0	0	0	nan	nan	nan
single	Prevotella_copri__diff_k5_rep4_d5	Prevotella_copri	5	no_call	5	0	0	0	0	nan	nan	nan
single	Prevotella_copri__diff_k5_rep4_d10	Prevotella_copri	10	no_call	5	0	0	0	0	nan	nan	nan
single	Prevotella_copri__diff_k5_rep5_d0.5	Prevotella_copri	0.5	no_call	5	0	0	0	0	nan	nan	nan
single	Prevotella_copri__diff_k5_rep5_d1	Prevotella_copri	1	no_call	5	0	0	0	0	nan	nan	nan
single	Prevotella_copri__diff_k5_rep5_d3	Prevotella_copri	3	no_call	5	0	0	0	0	nan	nan	nan
single	Prevotella_copri__diff_k5_rep5_d5	Prevotella_copri	5	no_call	5	0	0	0	0	nan	nan	nan
single	Prevotella_copri__diff_k5_rep5_d10	Prevotella_copri	10	no_call	5	0	0	0	0	nan	nan	nan
single	Salmonella_enterica__diff_k2_rep1_d0.5	Salmonella_enterica	0.5	no_call	0	0	0	0	0	nan	nan	nan
single	Salmonella_enterica__diff_k2_rep1_d1	Salmonella_enterica	1	no_call	0	0	0	0	0	nan	nan	nan
single	Salmonella_enterica__diff_k2_rep1_d3	Salmonella_enterica	3	no_call	0	0	0	0	0	nan	nan	nan
single	Salmonella_enterica__diff_k2_rep1_d5	Salmonella_enterica	5	no_call	0	0	0	0	0	nan	nan	nan
single	Salmonella_enterica__diff_k2_rep1_d10	Salmonella_enterica	10	no_call	0	0	0	0	0	nan	nan	nan
single	Salmonella_enterica__diff_k2_rep2_d0.5	Salmonella_enterica	0.5	no_call	0	0	0	0	0	nan	nan	nan
single	Salmonella_enterica__diff_k2_rep2_d1	Salmonella_enterica	1	no_call	0	0	0	0	0	nan	nan	nan
single	Salmonella_enterica__diff_k2_rep2_d3	Salmonella_enterica	3	no_call	0	0	0	0	0	nan	nan	nan
single	Salmonella_enterica__diff_k2_rep2_d5	Salmonella_enterica	5	no_call	0	0	0	0	0	nan	nan	nan
single	Salmonella_enterica__diff_k2_rep2_d10	Salmonella_enterica	10	no_call	0	0	0	0	0	nan	nan	nan
single	Salmonella_enterica__diff_k2_rep3_d0.5	Salmonella_enterica	0.5	no_call	0	0	0	0	0	nan	nan	nan
single	Salmonella_enterica__diff_k2_rep3_d1	Salmonella_enterica	1	no_call	0	0	0	0	0	nan	nan	nan
single	Salmonella_enterica__diff_k2_rep3_d3	Salmonella_enterica	3	no_call	0	0	0	0	0	nan	nan	nan
single	Salmonella_enterica__diff_k2_rep3_d5	Salmonella_enterica	5	no_call	0	0	0	0	0	nan	nan	nan
single	Salmonella_enterica__diff_k2_rep3_d10	Salmonella_enterica	10	no_call	0	0	0	0	0	nan	nan	nan
single	Salmonella_enterica__diff_k2_rep4_d0.5	Salmonella_enterica	0.5	no_call	0	0	0	0	0	nan	nan	nan
single	Salmonella_enterica__diff_k2_rep4_d1	Salmonella_enterica	1	no_call	0	0	0	0	0	nan	nan	nan
single	Salmonella_enterica__diff_k2_rep4_d3	Salmonella_enterica	3	no_call	0	0	0	0	0	nan	nan	nan
single	Salmonella_enterica__diff_k2_rep4_d5	Salmonella_enterica	5	no_call	0	0	0	0	0	nan	nan	nan
single	Salmonella_enterica__diff_k2_rep4_d10	Salmonella_enterica	10	no_call	0	0	0	0	0	nan	nan	nan
single	Salmonella_enterica__diff_k2_rep5_d0.5	Salmonella_enterica	0.5	no_call	0	0	0	0	0	nan	nan	nan
single	Salmonella_enterica__diff_k2_rep5_d1	Salmonella_enterica	1	no_call	0	0	0	0	0	nan	nan	nan
single	Salmonella_enterica__diff_k2_rep5_d3	Salmonella_enterica	3	no_call	0	0	0	0	0	nan	nan	nan
single	Salmonella_enterica__diff_k2_rep5_d5	Salmonella_enterica	5	no_call	0	0	0	0	0	nan	nan	nan
single	Salmonella_enterica__diff_k2_rep5_d10	Salmonella_enterica	10	no_call	0	0	0	0	0	nan	nan	nan
single	Salmonella_enterica__diff_k3_rep1_d0.5	Salmonella_enterica	0.5	no_call	0	0	0	0	0	nan	nan	nan
single	Salmonella_enterica__diff_k3_rep1_d1	Salmonella_enterica	1	no_call	0	0	0	0	0	nan	nan	nan
single	Salmonella_enterica__diff_k3_rep1_d3	Salmonella_enterica	3	no_call	0	0	0	0	0	nan	nan	nan
single	Salmonella_enterica__diff_k3_rep1_d5	Salmonella_enterica	5	no_call	0	0	0	0	0	nan	nan	nan
single	Salmonella_enterica__diff_k3_rep1_d10	Salmonella_enterica	10	no_call	0	0	0	0	0	nan	nan	nan
single	Salmonella_enterica__diff_k3_rep2_d0.5	Salmonella_enterica	0.5	no_call	0	0	0	0	0	nan	nan	nan
single	Salmonella_enterica__diff_k3_rep2_d1	Salmonella_enterica	1	no_call	0	0	0	0	0	nan	nan	nan
single	Salmonella_enterica__diff_k3_rep2_d3	Salmonella_enterica	3	no_call	0	0	0	0	0	nan	nan	nan
single	Salmonella_enterica__diff_k3_rep2_d5	Salmonella_enterica	5	no_call	0	0	0	0	0	nan	nan	nan
single	Salmonella_enterica__diff_k3_rep2_d10	Salmonella_enterica	10	no_call	0	0	0	0	0	nan	nan	nan
single	Salmonella_enterica__diff_k3_rep3_d0.5	Salmonella_enterica	0.5	no_call	0	0	0	0	0	nan	nan	nan
single	Salmonella_enterica__diff_k3_rep3_d1	Salmonella_enterica	1	no_call	0	0	0	0	0	nan	nan	nan
single	Salmonella_enterica__diff_k3_rep3_d3	Salmonella_enterica	3	no_call	0	0	0	0	0	nan	nan	nan
single	Salmonella_enterica__diff_k3_rep3_d5	Salmonella_enterica	5	no_call	0	0	0	0	0	nan	nan	nan
single	Salmonella_enterica__diff_k3_rep3_d10	Salmonella_enterica	10	no_call	0	0	0	0	0	nan	nan	nan
single	Salmonella_enterica__diff_k3_rep4_d0.5	Salmonella_enterica	0.5	no_call	0	0	0	0	0	nan	nan	nan
single	Salmonella_enterica__diff_k3_rep4_d1	Salmonella_enterica	1	no_call	0	0	0	0	0	nan	nan	nan
single	Salmonella_enterica__diff_k3_rep4_d3	Salmonella_enterica	3	no_call	0	0	0	0	0	nan	nan	nan
single	Salmonella_enterica__diff_k3_rep4_d5	Salmonella_enterica	5	no_call	0	0	0	0	0	nan	nan	nan
single	Salmonella_enterica__diff_k3_rep4_d10	Salmonella_enterica	10	no_call	0	0	0	0	0	nan	nan	nan
single	Salmonella_enterica__diff_k3_rep5_d0.5	Salmonella_enterica	0.5	no_call	0	0	0	0	0	nan	nan	nan
single	Salmonella_enterica__diff_k3_rep5_d1	Salmonella_enterica	1	no_call	0	0	0	0	0	nan	nan	nan
single	Salmonella_enterica__diff_k3_rep5_d3	Salmonella_enterica	3	no_call	0	0	0	0	0	nan	nan	nan
single	Salmonella_enterica__diff_k3_rep5_d5	Salmonella_enterica	5	no_call	0	0	0	0	0	nan	nan	nan
single	Salmonella_enterica__diff_k3_rep5_d10	Salmonella_enterica	10	no_call	0	0	0	0	0	nan	nan	nan
single	Salmonella_enterica__diff_k5_rep1_d0.5	Salmonella_enterica	0.5	no_call	0	0	0	0	0	nan	nan	nan
single	Salmonella_enterica__diff_k5_rep1_d1	Salmonella_enterica	1	no_call	0	0	0	0	0	nan	nan	nan
single	Salmonella_enterica__diff_k5_rep1_d3	Salmonella_enterica	3	no_call	0	0	0	0	0	nan	nan	nan
single	Salmonella_enterica__diff_k5_rep1_d5	Salmonella_enterica	5	no_call	0	0	0	0	0	nan	nan	nan
single	Salmonella_enterica__diff_k5_rep1_d10	Salmonella_enterica	10	no_call	0	0	0	0	0	nan	nan	nan
single	Salmonella_enterica__diff_k5_rep2_d0.5	Salmonella_enterica	0.5	no_call	0	0	0	0	0	nan	nan	nan
single	Salmonella_enterica__diff_k5_rep2_d1	Salmonella_enterica	1	no_call	0	0	0	0	0	nan	nan	nan
single	Salmonella_enterica__diff_k5_rep2_d3	Salmonella_enterica	3	no_call	0	0	0	0	0	nan	nan	nan
single	Salmonella_enterica__diff_k5_rep2_d5	Salmonella_enterica	5	no_call	0	0	0	0	0	nan	nan	nan
single	Salmonella_enterica__diff_k5_rep2_d10	Salmonella_enterica	10	no_call	0	0	0	0	0	nan	nan	nan
single	Salmonella_enterica__diff_k5_rep3_d0.5	Salmonella_enterica	0.5	no_call	0	0	0	0	0	nan	nan	nan
single	Salmonella_enterica__diff_k5_rep3_d1	Salmonella_enterica	1	no_call	0	0	0	0	0	nan	nan	nan
single	Salmonella_enterica__diff_k5_rep3_d3	Salmonella_enterica	3	no_call	0	0	0	0	0	nan	nan	nan
single	Salmonella_enterica__diff_k5_rep3_d5	Salmonella_enterica	5	no_call	0	0	0	0	0	nan	nan	nan
single	Salmonella_enterica__diff_k5_rep3_d10	Salmonella_enterica	10	no_call	0	0	0	0	0	nan	nan	nan
single	Salmonella_enterica__diff_k5_rep4_d0.5	Salmonella_enterica	0.5	no_call	0	0	0	0	0	nan	nan	nan
single	Salmonella_enterica__diff_k5_rep4_d1	Salmonella_enterica	1	no_call	0	0	0	0	0	nan	nan	nan
single	Salmonella_enterica__diff_k5_rep4_d3	Salmonella_enterica	3	no_call	0	0	0	0	0	nan	nan	nan
single	Salmonella_enterica__diff_k5_rep4_d5	Salmonella_enterica	5	no_call	0	0	0	0	0	nan	nan	nan
single	Salmonella_enterica__diff_k5_rep4_d10	Salmonella_enterica	10	no_call	0	0	0	0	0	nan	nan	nan
single	Salmonella_enterica__diff_k5_rep5_d0.5	Salmonella_enterica	0.5	no_call	0	0	0	0	0	nan	nan	nan
single	Salmonella_enterica__diff_k5_rep5_d1	Salmonella_enterica	1	no_call	0	0	0	0	0	nan	nan	nan
single	Salmonella_enterica__diff_k5_rep5_d3	Salmonella_enterica	3	no_call	0	0	0	0	0	nan	nan	nan
single	Salmonella_enterica__diff_k5_rep5_d5	Salmonella_enterica	5	no_call	0	0	0	0	0	nan	nan	nan
single	Salmonella_enterica__diff_k5_rep5_d10	Salmonella_enterica	10	no_call	0	0	0	0	0	nan	nan	nan
single	Staphylococcus_aureus__diff_k2_rep1_d0.5	Staphylococcus_aureus	0.5	completed	2	1	1	0	1	1.0	0.5	0.6666666666666666
single	Staphylococcus_aureus__diff_k2_rep1_d1	Staphylococcus_aureus	1	completed	2	2	2	0	0	1.0	1.0	1.0
single	Staphylococcus_aureus__diff_k2_rep1_d3	Staphylococcus_aureus	3	completed	2	1	1	0	1	1.0	0.5	0.6666666666666666
single	Staphylococcus_aureus__diff_k2_rep1_d5	Staphylococcus_aureus	5	completed	2	1	1	0	1	1.0	0.5	0.6666666666666666
single	Staphylococcus_aureus__diff_k2_rep1_d10	Staphylococcus_aureus	10	completed	2	2	2	0	0	1.0	1.0	1.0
single	Staphylococcus_aureus__diff_k2_rep2_d0.5	Staphylococcus_aureus	0.5	no_call	2	0	0	0	0	nan	nan	nan
single	Staphylococcus_aureus__diff_k2_rep2_d1	Staphylococcus_aureus	1	no_call	2	0	0	0	0	nan	nan	nan
single	Staphylococcus_aureus__diff_k2_rep2_d3	Staphylococcus_aureus	3	no_call	2	0	0	0	0	nan	nan	nan
single	Staphylococcus_aureus__diff_k2_rep2_d5	Staphylococcus_aureus	5	no_call	2	0	0	0	0	nan	nan	nan
single	Staphylococcus_aureus__diff_k2_rep2_d10	Staphylococcus_aureus	10	no_call	2	0	0	0	0	nan	nan	nan
single	Staphylococcus_aureus__diff_k2_rep3_d0.5	Staphylococcus_aureus	0.5	no_call	2	0	0	0	0	nan	nan	nan
single	Staphylococcus_aureus__diff_k2_rep3_d1	Staphylococcus_aureus	1	no_call	2	0	0	0	0	nan	nan	nan
single	Staphylococcus_aureus__diff_k2_rep3_d3	Staphylococcus_aureus	3	no_call	2	0	0	0	0	nan	nan	nan
single	Staphylococcus_aureus__diff_k2_rep3_d5	Staphylococcus_aureus	5	no_call	2	0	0	0	0	nan	nan	nan
single	Staphylococcus_aureus__diff_k2_rep3_d10	Staphylococcus_aureus	10	no_call	2	0	0	0	0	nan	nan	nan
single	Staphylococcus_aureus__diff_k2_rep4_d0.5	Staphylococcus_aureus	0.5	no_call	2	0	0	0	0	nan	nan	nan
single	Staphylococcus_aureus__diff_k2_rep4_d1	Staphylococcus_aureus	1	no_call	2	0	0	0	0	nan	nan	nan
single	Staphylococcus_aureus__diff_k2_rep4_d3	Staphylococcus_aureus	3	no_call	2	0	0	0	0	nan	nan	nan
single	Staphylococcus_aureus__diff_k2_rep4_d5	Staphylococcus_aureus	5	no_call	2	0	0	0	0	nan	nan	nan
single	Staphylococcus_aureus__diff_k2_rep4_d10	Staphylococcus_aureus	10	no_call	2	0	0	0	0	nan	nan	nan
single	Staphylococcus_aureus__diff_k2_rep5_d0.5	Staphylococcus_aureus	0.5	no_call	2	0	0	0	0	nan	nan	nan
single	Staphylococcus_aureus__diff_k2_rep5_d1	Staphylococcus_aureus	1	no_call	2	0	0	0	0	nan	nan	nan
single	Staphylococcus_aureus__diff_k2_rep5_d3	Staphylococcus_aureus	3	no_call	2	0	0	0	0	nan	nan	nan
single	Staphylococcus_aureus__diff_k2_rep5_d5	Staphylococcus_aureus	5	no_call	2	0	0	0	0	nan	nan	nan
single	Staphylococcus_aureus__diff_k2_rep5_d10	Staphylococcus_aureus	10	no_call	2	0	0	0	0	nan	nan	nan
single	Staphylococcus_aureus__diff_k3_rep1_d0.5	Staphylococcus_aureus	0.5	completed	3	2	2	0	1	1.0	0.6666666666666666	0.8
single	Staphylococcus_aureus__diff_k3_rep1_d1	Staphylococcus_aureus	1	completed	3	3	3	0	0	1.0	1.0	1.0
single	Staphylococcus_aureus__diff_k3_rep1_d3	Staphylococcus_aureus	3	completed	3	1	1	0	2	1.0	0.3333333333333333	0.5
single	Staphylococcus_aureus__diff_k3_rep1_d5	Staphylococcus_aureus	5	completed	3	1	1	0	2	1.0	0.3333333333333333	0.5
single	Staphylococcus_aureus__diff_k3_rep1_d10	Staphylococcus_aureus	10	completed	3	1	1	0	2	1.0	0.3333333333333333	0.5
single	Staphylococcus_aureus__diff_k3_rep2_d0.5	Staphylococcus_aureus	0.5	no_call	3	0	0	0	0	nan	nan	nan
single	Staphylococcus_aureus__diff_k3_rep2_d1	Staphylococcus_aureus	1	no_call	3	0	0	0	0	nan	nan	nan
single	Staphylococcus_aureus__diff_k3_rep2_d3	Staphylococcus_aureus	3	no_call	3	0	0	0	0	nan	nan	nan
single	Staphylococcus_aureus__diff_k3_rep2_d5	Staphylococcus_aureus	5	no_call	3	0	0	0	0	nan	nan	nan
single	Staphylococcus_aureus__diff_k3_rep2_d10	Staphylococcus_aureus	10	no_call	3	0	0	0	0	nan	nan	nan
single	Staphylococcus_aureus__diff_k3_rep3_d0.5	Staphylococcus_aureus	0.5	no_call	3	0	0	0	0	nan	nan	nan
single	Staphylococcus_aureus__diff_k3_rep3_d1	Staphylococcus_aureus	1	no_call	3	0	0	0	0	nan	nan	nan
single	Staphylococcus_aureus__diff_k3_rep3_d3	Staphylococcus_aureus	3	no_call	3	0	0	0	0	nan	nan	nan
single	Staphylococcus_aureus__diff_k3_rep3_d5	Staphylococcus_aureus	5	no_call	3	0	0	0	0	nan	nan	nan
single	Staphylococcus_aureus__diff_k3_rep3_d10	Staphylococcus_aureus	10	no_call	3	0	0	0	0	nan	nan	nan
single	Staphylococcus_aureus__diff_k3_rep4_d0.5	Staphylococcus_aureus	0.5	no_call	3	0	0	0	0	nan	nan	nan
single	Staphylococcus_aureus__diff_k3_rep4_d1	Staphylococcus_aureus	1	no_call	3	0	0	0	0	nan	nan	nan
single	Staphylococcus_aureus__diff_k3_rep4_d3	Staphylococcus_aureus	3	no_call	3	0	0	0	0	nan	nan	nan
single	Staphylococcus_aureus__diff_k3_rep4_d5	Staphylococcus_aureus	5	no_call	3	0	0	0	0	nan	nan	nan
single	Staphylococcus_aureus__diff_k3_rep4_d10	Staphylococcus_aureus	10	no_call	3	0	0	0	0	nan	nan	nan
single	Staphylococcus_aureus__diff_k3_rep5_d0.5	Staphylococcus_aureus	0.5	no_call	3	0	0	0	0	nan	nan	nan
single	Staphylococcus_aureus__diff_k3_rep5_d1	Staphylococcus_aureus	1	no_call	3	0	0	0	0	nan	nan	nan
single	Staphylococcus_aureus__diff_k3_rep5_d3	Staphylococcus_aureus	3	no_call	3	0	0	0	0	nan	nan	nan
single	Staphylococcus_aureus__diff_k3_rep5_d5	Staphylococcus_aureus	5	no_call	3	0	0	0	0	nan	nan	nan
single	Staphylococcus_aureus__diff_k3_rep5_d10	Staphylococcus_aureus	10	no_call	3	0	0	0	0	nan	nan	nan
single	Staphylococcus_aureus__diff_k5_rep1_d0.5	Staphylococcus_aureus	0.5	completed	5	4	4	0	1	1.0	0.8	0.888888888888889
single	Staphylococcus_aureus__diff_k5_rep1_d1	Staphylococcus_aureus	1	completed	5	5	5	0	0	1.0	1.0	1.0
single	Staphylococcus_aureus__diff_k5_rep1_d3	Staphylococcus_aureus	3	completed	5	3	3	0	2	1.0	0.6	0.7499999999999999
single	Staphylococcus_aureus__diff_k5_rep1_d5	Staphylococcus_aureus	5	completed	5	4	4	0	1	1.0	0.8	0.888888888888889
single	Staphylococcus_aureus__diff_k5_rep1_d10	Staphylococcus_aureus	10	completed	5	5	5	0	0	1.0	1.0	1.0
single	Staphylococcus_aureus__diff_k5_rep2_d0.5	Staphylococcus_aureus	0.5	no_call	5	0	0	0	0	nan	nan	nan
single	Staphylococcus_aureus__diff_k5_rep2_d1	Staphylococcus_aureus	1	no_call	5	0	0	0	0	nan	nan	nan
single	Staphylococcus_aureus__diff_k5_rep2_d3	Staphylococcus_aureus	3	no_call	5	0	0	0	0	nan	nan	nan
single	Staphylococcus_aureus__diff_k5_rep2_d5	Staphylococcus_aureus	5	no_call	5	0	0	0	0	nan	nan	nan
single	Staphylococcus_aureus__diff_k5_rep2_d10	Staphylococcus_aureus	10	no_call	5	0	0	0	0	nan	nan	nan
single	Staphylococcus_aureus__diff_k5_rep3_d0.5	Staphylococcus_aureus	0.5	no_call	5	0	0	0	0	nan	nan	nan
single	Staphylococcus_aureus__diff_k5_rep3_d1	Staphylococcus_aureus	1	no_call	5	0	0	0	0	nan	nan	nan
single	Staphylococcus_aureus__diff_k5_rep3_d3	Staphylococcus_aureus	3	no_call	5	0	0	0	0	nan	nan	nan
single	Staphylococcus_aureus__diff_k5_rep3_d5	Staphylococcus_aureus	5	no_call	5	0	0	0	0	nan	nan	nan
single	Staphylococcus_aureus__diff_k5_rep3_d10	Staphylococcus_aureus	10	no_call	5	0	0	0	0	nan	nan	nan
single	Staphylococcus_aureus__diff_k5_rep4_d0.5	Staphylococcus_aureus	0.5	no_call	5	0	0	0	0	nan	nan	nan
single	Staphylococcus_aureus__diff_k5_rep4_d1	Staphylococcus_aureus	1	no_call	5	0	0	0	0	nan	nan	nan
single	Staphylococcus_aureus__diff_k5_rep4_d3	Staphylococcus_aureus	3	no_call	5	0	0	0	0	nan	nan	nan
single	Staphylococcus_aureus__diff_k5_rep4_d5	Staphylococcus_aureus	5	no_call	5	0	0	0	0	nan	nan	nan
single	Staphylococcus_aureus__diff_k5_rep4_d10	Staphylococcus_aureus	10	no_call	5	0	0	0	0	nan	nan	nan
single	Staphylococcus_aureus__diff_k5_rep5_d0.5	Staphylococcus_aureus	0.5	no_call	5	0	0	0	0	nan	nan	nan
single	Staphylococcus_aureus__diff_k5_rep5_d1	Staphylococcus_aureus	1	no_call	5	0	0	0	0	nan	nan	nan
single	Staphylococcus_aureus__diff_k5_rep5_d3	Staphylococcus_aureus	3	no_call	5	0	0	0	0	nan	nan	nan
single	Staphylococcus_aureus__diff_k5_rep5_d5	Staphylococcus_aureus	5	no_call	5	0	0	0	0	nan	nan	nan
single	Staphylococcus_aureus__diff_k5_rep5_d10	Staphylococcus_aureus	10	no_call	5	0	0	0	0	nan	nan	nan
single	Staphylococcus_epidermidis__diff_k2_rep1_d0.5	Staphylococcus_epidermidis	0.5	completed	2	1	1	0	1	1.0	0.5	0.6666666666666666
single	Staphylococcus_epidermidis__diff_k2_rep1_d1	Staphylococcus_epidermidis	1	completed	2	2	2	0	0	1.0	1.0	1.0
single	Staphylococcus_epidermidis__diff_k2_rep1_d3	Staphylococcus_epidermidis	3	completed	2	1	1	0	1	1.0	0.5	0.6666666666666666
single	Staphylococcus_epidermidis__diff_k2_rep1_d5	Staphylococcus_epidermidis	5	completed	2	1	1	0	1	1.0	0.5	0.6666666666666666
single	Staphylococcus_epidermidis__diff_k2_rep1_d10	Staphylococcus_epidermidis	10	completed	2	2	2	0	0	1.0	1.0	1.0
single	Staphylococcus_epidermidis__diff_k2_rep2_d0.5	Staphylococcus_epidermidis	0.5	no_call	2	0	0	0	0	nan	nan	nan
single	Staphylococcus_epidermidis__diff_k2_rep2_d1	Staphylococcus_epidermidis	1	no_call	2	0	0	0	0	nan	nan	nan
single	Staphylococcus_epidermidis__diff_k2_rep2_d3	Staphylococcus_epidermidis	3	no_call	2	0	0	0	0	nan	nan	nan
single	Staphylococcus_epidermidis__diff_k2_rep2_d5	Staphylococcus_epidermidis	5	no_call	2	0	0	0	0	nan	nan	nan
single	Staphylococcus_epidermidis__diff_k2_rep2_d10	Staphylococcus_epidermidis	10	no_call	2	0	0	0	0	nan	nan	nan
single	Staphylococcus_epidermidis__diff_k2_rep3_d0.5	Staphylococcus_epidermidis	0.5	no_call	2	0	0	0	0	nan	nan	nan
single	Staphylococcus_epidermidis__diff_k2_rep3_d1	Staphylococcus_epidermidis	1	no_call	2	0	0	0	0	nan	nan	nan
single	Staphylococcus_epidermidis__diff_k2_rep3_d3	Staphylococcus_epidermidis	3	no_call	2	0	0	0	0	nan	nan	nan
single	Staphylococcus_epidermidis__diff_k2_rep3_d5	Staphylococcus_epidermidis	5	no_call	2	0	0	0	0	nan	nan	nan
single	Staphylococcus_epidermidis__diff_k2_rep3_d10	Staphylococcus_epidermidis	10	no_call	2	0	0	0	0	nan	nan	nan
single	Staphylococcus_epidermidis__diff_k2_rep4_d0.5	Staphylococcus_epidermidis	0.5	no_call	2	0	0	0	0	nan	nan	nan
single	Staphylococcus_epidermidis__diff_k2_rep4_d1	Staphylococcus_epidermidis	1	no_call	2	0	0	0	0	nan	nan	nan
single	Staphylococcus_epidermidis__diff_k2_rep4_d3	Staphylococcus_epidermidis	3	no_call	2	0	0	0	0	nan	nan	nan
single	Staphylococcus_epidermidis__diff_k2_rep4_d5	Staphylococcus_epidermidis	5	no_call	2	0	0	0	0	nan	nan	nan
single	Staphylococcus_epidermidis__diff_k2_rep4_d10	Staphylococcus_epidermidis	10	no_call	2	0	0	0	0	nan	nan	nan
single	Staphylococcus_epidermidis__diff_k2_rep5_d0.5	Staphylococcus_epidermidis	0.5	no_call	2	0	0	0	0	nan	nan	nan
single	Staphylococcus_epidermidis__diff_k2_rep5_d1	Staphylococcus_epidermidis	1	no_call	2	0	0	0	0	nan	nan	nan
single	Staphylococcus_epidermidis__diff_k2_rep5_d3	Staphylococcus_epidermidis	3	no_call	2	0	0	0	0	nan	nan	nan
single	Staphylococcus_epidermidis__diff_k2_rep5_d5	Staphylococcus_epidermidis	5	no_call	2	0	0	0	0	nan	nan	nan
single	Staphylococcus_epidermidis__diff_k2_rep5_d10	Staphylococcus_epidermidis	10	no_call	2	0	0	0	0	nan	nan	nan
single	Staphylococcus_epidermidis__diff_k3_rep1_d0.5	Staphylococcus_epidermidis	0.5	completed	3	2	2	0	1	1.0	0.6666666666666666	0.8
single	Staphylococcus_epidermidis__diff_k3_rep1_d1	Staphylococcus_epidermidis	1	completed	3	2	2	0	1	1.0	0.6666666666666666	0.8
single	Staphylococcus_epidermidis__diff_k3_rep1_d3	Staphylococcus_epidermidis	3	completed	3	2	2	0	1	1.0	0.6666666666666666	0.8
single	Staphylococcus_epidermidis__diff_k3_rep1_d5	Staphylococcus_epidermidis	5	completed	3	2	2	0	1	1.0	0.6666666666666666	0.8
single	Staphylococcus_epidermidis__diff_k3_rep1_d10	Staphylococcus_epidermidis	10	completed	3	2	2	0	1	1.0	0.6666666666666666	0.8
single	Staphylococcus_epidermidis__diff_k3_rep2_d0.5	Staphylococcus_epidermidis	0.5	no_call	3	0	0	0	0	nan	nan	nan
single	Staphylococcus_epidermidis__diff_k3_rep2_d1	Staphylococcus_epidermidis	1	no_call	3	0	0	0	0	nan	nan	nan
single	Staphylococcus_epidermidis__diff_k3_rep2_d3	Staphylococcus_epidermidis	3	no_call	3	0	0	0	0	nan	nan	nan
single	Staphylococcus_epidermidis__diff_k3_rep2_d5	Staphylococcus_epidermidis	5	no_call	3	0	0	0	0	nan	nan	nan
single	Staphylococcus_epidermidis__diff_k3_rep2_d10	Staphylococcus_epidermidis	10	no_call	3	0	0	0	0	nan	nan	nan
single	Staphylococcus_epidermidis__diff_k3_rep3_d0.5	Staphylococcus_epidermidis	0.5	no_call	3	0	0	0	0	nan	nan	nan
single	Staphylococcus_epidermidis__diff_k3_rep3_d1	Staphylococcus_epidermidis	1	no_call	3	0	0	0	0	nan	nan	nan
single	Staphylococcus_epidermidis__diff_k3_rep3_d3	Staphylococcus_epidermidis	3	no_call	3	0	0	0	0	nan	nan	nan
single	Staphylococcus_epidermidis__diff_k3_rep3_d5	Staphylococcus_epidermidis	5	no_call	3	0	0	0	0	nan	nan	nan
single	Staphylococcus_epidermidis__diff_k3_rep3_d10	Staphylococcus_epidermidis	10	no_call	3	0	0	0	0	nan	nan	nan
single	Staphylococcus_epidermidis__diff_k3_rep4_d0.5	Staphylococcus_epidermidis	0.5	no_call	3	0	0	0	0	nan	nan	nan
single	Staphylococcus_epidermidis__diff_k3_rep4_d1	Staphylococcus_epidermidis	1	no_call	3	0	0	0	0	nan	nan	nan
single	Staphylococcus_epidermidis__diff_k3_rep4_d3	Staphylococcus_epidermidis	3	no_call	3	0	0	0	0	nan	nan	nan
single	Staphylococcus_epidermidis__diff_k3_rep4_d5	Staphylococcus_epidermidis	5	no_call	3	0	0	0	0	nan	nan	nan
single	Staphylococcus_epidermidis__diff_k3_rep4_d10	Staphylococcus_epidermidis	10	no_call	3	0	0	0	0	nan	nan	nan
single	Staphylococcus_epidermidis__diff_k3_rep5_d0.5	Staphylococcus_epidermidis	0.5	no_call	3	0	0	0	0	nan	nan	nan
single	Staphylococcus_epidermidis__diff_k3_rep5_d1	Staphylococcus_epidermidis	1	no_call	3	0	0	0	0	nan	nan	nan
single	Staphylococcus_epidermidis__diff_k3_rep5_d3	Staphylococcus_epidermidis	3	no_call	3	0	0	0	0	nan	nan	nan
single	Staphylococcus_epidermidis__diff_k3_rep5_d5	Staphylococcus_epidermidis	5	no_call	3	0	0	0	0	nan	nan	nan
single	Staphylococcus_epidermidis__diff_k3_rep5_d10	Staphylococcus_epidermidis	10	no_call	3	0	0	0	0	nan	nan	nan
single	Staphylococcus_epidermidis__diff_k5_rep1_d0.5	Staphylococcus_epidermidis	0.5	completed	5	5	5	0	0	1.0	1.0	1.0
single	Staphylococcus_epidermidis__diff_k5_rep1_d1	Staphylococcus_epidermidis	1	completed	5	5	5	0	0	1.0	1.0	1.0
single	Staphylococcus_epidermidis__diff_k5_rep1_d3	Staphylococcus_epidermidis	3	completed	5	3	3	0	2	1.0	0.6	0.7499999999999999
single	Staphylococcus_epidermidis__diff_k5_rep1_d5	Staphylococcus_epidermidis	5	completed	5	3	3	0	2	1.0	0.6	0.7499999999999999
single	Staphylococcus_epidermidis__diff_k5_rep1_d10	Staphylococcus_epidermidis	10	completed	5	5	5	0	0	1.0	1.0	1.0
single	Staphylococcus_epidermidis__diff_k5_rep2_d0.5	Staphylococcus_epidermidis	0.5	no_call	5	0	0	0	0	nan	nan	nan
single	Staphylococcus_epidermidis__diff_k5_rep2_d1	Staphylococcus_epidermidis	1	no_call	5	0	0	0	0	nan	nan	nan
single	Staphylococcus_epidermidis__diff_k5_rep2_d3	Staphylococcus_epidermidis	3	no_call	5	0	0	0	0	nan	nan	nan
single	Staphylococcus_epidermidis__diff_k5_rep2_d5	Staphylococcus_epidermidis	5	no_call	5	0	0	0	0	nan	nan	nan
single	Staphylococcus_epidermidis__diff_k5_rep2_d10	Staphylococcus_epidermidis	10	no_call	5	0	0	0	0	nan	nan	nan
single	Staphylococcus_epidermidis__diff_k5_rep3_d0.5	Staphylococcus_epidermidis	0.5	no_call	5	0	0	0	0	nan	nan	nan
single	Staphylococcus_epidermidis__diff_k5_rep3_d1	Staphylococcus_epidermidis	1	no_call	5	0	0	0	0	nan	nan	nan
single	Staphylococcus_epidermidis__diff_k5_rep3_d3	Staphylococcus_epidermidis	3	no_call	5	0	0	0	0	nan	nan	nan
single	Staphylococcus_epidermidis__diff_k5_rep3_d5	Staphylococcus_epidermidis	5	no_call	5	0	0	0	0	nan	nan	nan
single	Staphylococcus_epidermidis__diff_k5_rep3_d10	Staphylococcus_epidermidis	10	no_call	5	0	0	0	0	nan	nan	nan
single	Staphylococcus_epidermidis__diff_k5_rep4_d0.5	Staphylococcus_epidermidis	0.5	no_call	5	0	0	0	0	nan	nan	nan
single	Staphylococcus_epidermidis__diff_k5_rep4_d1	Staphylococcus_epidermidis	1	no_call	5	0	0	0	0	nan	nan	nan
single	Staphylococcus_epidermidis__diff_k5_rep4_d3	Staphylococcus_epidermidis	3	no_call	5	0	0	0	0	nan	nan	nan
single	Staphylococcus_epidermidis__diff_k5_rep4_d5	Staphylococcus_epidermidis	5	no_call	5	0	0	0	0	nan	nan	nan
single	Staphylococcus_epidermidis__diff_k5_rep4_d10	Staphylococcus_epidermidis	10	no_call	5	0	0	0	0	nan	nan	nan
single	Staphylococcus_epidermidis__diff_k5_rep5_d0.5	Staphylococcus_epidermidis	0.5	no_call	5	0	0	0	0	nan	nan	nan
single	Staphylococcus_epidermidis__diff_k5_rep5_d1	Staphylococcus_epidermidis	1	no_call	5	0	0	0	0	nan	nan	nan
single	Staphylococcus_epidermidis__diff_k5_rep5_d3	Staphylococcus_epidermidis	3	no_call	5	0	0	0	0	nan	nan	nan
single	Staphylococcus_epidermidis__diff_k5_rep5_d5	Staphylococcus_epidermidis	5	no_call	5	0	0	0	0	nan	nan	nan
single	Staphylococcus_epidermidis__diff_k5_rep5_d10	Staphylococcus_epidermidis	10	no_call	5	0	0	0	0	nan	nan	nan
single	Streptococcus_pneumoniae__diff_k2_rep1_d0.5	Streptococcus_pneumoniae	0.5	completed	2	1	1	0	1	1.0	0.5	0.6666666666666666
single	Streptococcus_pneumoniae__diff_k2_rep1_d1	Streptococcus_pneumoniae	1	completed	2	2	2	0	0	1.0	1.0	1.0
single	Streptococcus_pneumoniae__diff_k2_rep1_d3	Streptococcus_pneumoniae	3	completed	2	1	1	0	1	1.0	0.5	0.6666666666666666
single	Streptococcus_pneumoniae__diff_k2_rep1_d5	Streptococcus_pneumoniae	5	completed	2	1	1	0	1	1.0	0.5	0.6666666666666666
single	Streptococcus_pneumoniae__diff_k2_rep1_d10	Streptococcus_pneumoniae	10	completed	2	1	1	0	1	1.0	0.5	0.6666666666666666
single	Streptococcus_pneumoniae__diff_k2_rep2_d0.5	Streptococcus_pneumoniae	0.5	no_call	2	0	0	0	0	nan	nan	nan
single	Streptococcus_pneumoniae__diff_k2_rep2_d1	Streptococcus_pneumoniae	1	no_call	2	0	0	0	0	nan	nan	nan
single	Streptococcus_pneumoniae__diff_k2_rep2_d3	Streptococcus_pneumoniae	3	no_call	2	0	0	0	0	nan	nan	nan
single	Streptococcus_pneumoniae__diff_k2_rep2_d5	Streptococcus_pneumoniae	5	no_call	2	0	0	0	0	nan	nan	nan
single	Streptococcus_pneumoniae__diff_k2_rep2_d10	Streptococcus_pneumoniae	10	no_call	2	0	0	0	0	nan	nan	nan
single	Streptococcus_pneumoniae__diff_k2_rep3_d0.5	Streptococcus_pneumoniae	0.5	no_call	2	0	0	0	0	nan	nan	nan
single	Streptococcus_pneumoniae__diff_k2_rep3_d1	Streptococcus_pneumoniae	1	no_call	2	0	0	0	0	nan	nan	nan
single	Streptococcus_pneumoniae__diff_k2_rep3_d3	Streptococcus_pneumoniae	3	no_call	2	0	0	0	0	nan	nan	nan
single	Streptococcus_pneumoniae__diff_k2_rep3_d5	Streptococcus_pneumoniae	5	no_call	2	0	0	0	0	nan	nan	nan
single	Streptococcus_pneumoniae__diff_k2_rep3_d10	Streptococcus_pneumoniae	10	no_call	2	0	0	0	0	nan	nan	nan
single	Streptococcus_pneumoniae__diff_k2_rep4_d0.5	Streptococcus_pneumoniae	0.5	no_call	2	0	0	0	0	nan	nan	nan
single	Streptococcus_pneumoniae__diff_k2_rep4_d1	Streptococcus_pneumoniae	1	no_call	2	0	0	0	0	nan	nan	nan
single	Streptococcus_pneumoniae__diff_k2_rep4_d3	Streptococcus_pneumoniae	3	no_call	2	0	0	0	0	nan	nan	nan
single	Streptococcus_pneumoniae__diff_k2_rep4_d5	Streptococcus_pneumoniae	5	no_call	2	0	0	0	0	nan	nan	nan
single	Streptococcus_pneumoniae__diff_k2_rep4_d10	Streptococcus_pneumoniae	10	no_call	2	0	0	0	0	nan	nan	nan
single	Streptococcus_pneumoniae__diff_k2_rep5_d0.5	Streptococcus_pneumoniae	0.5	no_call	2	0	0	0	0	nan	nan	nan
single	Streptococcus_pneumoniae__diff_k2_rep5_d1	Streptococcus_pneumoniae	1	no_call	2	0	0	0	0	nan	nan	nan
single	Streptococcus_pneumoniae__diff_k2_rep5_d3	Streptococcus_pneumoniae	3	no_call	2	0	0	0	0	nan	nan	nan
single	Streptococcus_pneumoniae__diff_k2_rep5_d5	Streptococcus_pneumoniae	5	no_call	2	0	0	0	0	nan	nan	nan
single	Streptococcus_pneumoniae__diff_k2_rep5_d10	Streptococcus_pneumoniae	10	no_call	2	0	0	0	0	nan	nan	nan
single	Streptococcus_pneumoniae__diff_k3_rep1_d0.5	Streptococcus_pneumoniae	0.5	completed	3	2	2	0	1	1.0	0.6666666666666666	0.8
single	Streptococcus_pneumoniae__diff_k3_rep1_d1	Streptococcus_pneumoniae	1	completed	3	3	3	0	0	1.0	1.0	1.0
single	Streptococcus_pneumoniae__diff_k3_rep1_d3	Streptococcus_pneumoniae	3	completed	3	2	2	0	1	1.0	0.6666666666666666	0.8
single	Streptococcus_pneumoniae__diff_k3_rep1_d5	Streptococcus_pneumoniae	5	completed	3	2	2	0	1	1.0	0.6666666666666666	0.8
single	Streptococcus_pneumoniae__diff_k3_rep1_d10	Streptococcus_pneumoniae	10	completed	3	3	3	0	0	1.0	1.0	1.0
single	Streptococcus_pneumoniae__diff_k3_rep2_d0.5	Streptococcus_pneumoniae	0.5	no_call	3	0	0	0	0	nan	nan	nan
single	Streptococcus_pneumoniae__diff_k3_rep2_d1	Streptococcus_pneumoniae	1	no_call	3	0	0	0	0	nan	nan	nan
single	Streptococcus_pneumoniae__diff_k3_rep2_d3	Streptococcus_pneumoniae	3	no_call	3	0	0	0	0	nan	nan	nan
single	Streptococcus_pneumoniae__diff_k3_rep2_d5	Streptococcus_pneumoniae	5	no_call	3	0	0	0	0	nan	nan	nan
single	Streptococcus_pneumoniae__diff_k3_rep2_d10	Streptococcus_pneumoniae	10	no_call	3	0	0	0	0	nan	nan	nan
single	Streptococcus_pneumoniae__diff_k3_rep3_d0.5	Streptococcus_pneumoniae	0.5	no_call	3	0	0	0	0	nan	nan	nan
single	Streptococcus_pneumoniae__diff_k3_rep3_d1	Streptococcus_pneumoniae	1	no_call	3	0	0	0	0	nan	nan	nan
single	Streptococcus_pneumoniae__diff_k3_rep3_d3	Streptococcus_pneumoniae	3	no_call	3	0	0	0	0	nan	nan	nan
single	Streptococcus_pneumoniae__diff_k3_rep3_d5	Streptococcus_pneumoniae	5	no_call	3	0	0	0	0	nan	nan	nan
single	Streptococcus_pneumoniae__diff_k3_rep3_d10	Streptococcus_pneumoniae	10	no_call	3	0	0	0	0	nan	nan	nan
single	Streptococcus_pneumoniae__diff_k3_rep4_d0.5	Streptococcus_pneumoniae	0.5	no_call	3	0	0	0	0	nan	nan	nan
single	Streptococcus_pneumoniae__diff_k3_rep4_d1	Streptococcus_pneumoniae	1	no_call	3	0	0	0	0	nan	nan	nan
single	Streptococcus_pneumoniae__diff_k3_rep4_d3	Streptococcus_pneumoniae	3	no_call	3	0	0	0	0	nan	nan	nan
single	Streptococcus_pneumoniae__diff_k3_rep4_d5	Streptococcus_pneumoniae	5	no_call	3	0	0	0	0	nan	nan	nan
single	Streptococcus_pneumoniae__diff_k3_rep4_d10	Streptococcus_pneumoniae	10	no_call	3	0	0	0	0	nan	nan	nan
single	Streptococcus_pneumoniae__diff_k3_rep5_d0.5	Streptococcus_pneumoniae	0.5	no_call	3	0	0	0	0	nan	nan	nan
single	Streptococcus_pneumoniae__diff_k3_rep5_d1	Streptococcus_pneumoniae	1	no_call	3	0	0	0	0	nan	nan	nan
single	Streptococcus_pneumoniae__diff_k3_rep5_d3	Streptococcus_pneumoniae	3	no_call	3	0	0	0	0	nan	nan	nan
single	Streptococcus_pneumoniae__diff_k3_rep5_d5	Streptococcus_pneumoniae	5	no_call	3	0	0	0	0	nan	nan	nan
single	Streptococcus_pneumoniae__diff_k3_rep5_d10	Streptococcus_pneumoniae	10	no_call	3	0	0	0	0	nan	nan	nan
single	Streptococcus_pneumoniae__diff_k5_rep1_d0.5	Streptococcus_pneumoniae	0.5	completed	5	4	4	0	1	1.0	0.8	0.888888888888889
single	Streptococcus_pneumoniae__diff_k5_rep1_d1	Streptococcus_pneumoniae	1	completed	5	5	5	0	0	1.0	1.0	1.0
single	Streptococcus_pneumoniae__diff_k5_rep1_d3	Streptococcus_pneumoniae	3	completed	5	3	3	0	2	1.0	0.6	0.7499999999999999
single	Streptococcus_pneumoniae__diff_k5_rep1_d5	Streptococcus_pneumoniae	5	completed	5	4	4	0	1	1.0	0.8	0.888888888888889
single	Streptococcus_pneumoniae__diff_k5_rep1_d10	Streptococcus_pneumoniae	10	completed	5	4	4	0	1	1.0	0.8	0.888888888888889
single	Streptococcus_pneumoniae__diff_k5_rep2_d0.5	Streptococcus_pneumoniae	0.5	no_call	5	0	0	0	0	nan	nan	nan
single	Streptococcus_pneumoniae__diff_k5_rep2_d1	Streptococcus_pneumoniae	1	no_call	5	0	0	0	0	nan	nan	nan
single	Streptococcus_pneumoniae__diff_k5_rep2_d3	Streptococcus_pneumoniae	3	no_call	5	0	0	0	0	nan	nan	nan
single	Streptococcus_pneumoniae__diff_k5_rep2_d5	Streptococcus_pneumoniae	5	no_call	5	0	0	0	0	nan	nan	nan
single	Streptococcus_pneumoniae__diff_k5_rep2_d10	Streptococcus_pneumoniae	10	no_call	5	0	0	0	0	nan	nan	nan
single	Streptococcus_pneumoniae__diff_k5_rep3_d0.5	Streptococcus_pneumoniae	0.5	no_call	5	0	0	0	0	nan	nan	nan
single	Streptococcus_pneumoniae__diff_k5_rep3_d1	Streptococcus_pneumoniae	1	no_call	5	0	0	0	0	nan	nan	nan
single	Streptococcus_pneumoniae__diff_k5_rep3_d3	Streptococcus_pneumoniae	3	no_call	5	0	0	0	0	nan	nan	nan
single	Streptococcus_pneumoniae__diff_k5_rep3_d5	Streptococcus_pneumoniae	5	no_call	5	0	0	0	0	nan	nan	nan
single	Streptococcus_pneumoniae__diff_k5_rep3_d10	Streptococcus_pneumoniae	10	no_call	5	0	0	0	0	nan	nan	nan
single	Streptococcus_pneumoniae__diff_k5_rep4_d0.5	Streptococcus_pneumoniae	0.5	no_call	5	0	0	0	0	nan	nan	nan
single	Streptococcus_pneumoniae__diff_k5_rep4_d1	Streptococcus_pneumoniae	1	no_call	5	0	0	0	0	nan	nan	nan
single	Streptococcus_pneumoniae__diff_k5_rep4_d3	Streptococcus_pneumoniae	3	no_call	5	0	0	0	0	nan	nan	nan
single	Streptococcus_pneumoniae__diff_k5_rep4_d5	Streptococcus_pneumoniae	5	no_call	5	0	0	0	0	nan	nan	nan
single	Streptococcus_pneumoniae__diff_k5_rep4_d10	Streptococcus_pneumoniae	10	no_call	5	0	0	0	0	nan	nan	nan
single	Streptococcus_pneumoniae__diff_k5_rep5_d0.5	Streptococcus_pneumoniae	0.5	no_call	5	0	0	0	0	nan	nan	nan
single	Streptococcus_pneumoniae__diff_k5_rep5_d1	Streptococcus_pneumoniae	1	no_call	5	0	0	0	0	nan	nan	nan
single	Streptococcus_pneumoniae__diff_k5_rep5_d3	Streptococcus_pneumoniae	3	no_call	5	0	0	0	0	nan	nan	nan
single	Streptococcus_pneumoniae__diff_k5_rep5_d5	Streptococcus_pneumoniae	5	no_call	5	0	0	0	0	nan	nan	nan
single	Streptococcus_pneumoniae__diff_k5_rep5_d10	Streptococcus_pneumoniae	10	no_call	5	0	0	0	0	nan	nan	nan
multi	depth_low_sample01	multi		completed	16	9	8	1	8	0.8888888888888888	0.5	0.64
multi	depth_low_sample02	multi		completed	17	15	14	1	3	0.9333333333333333	0.8235294117647058	0.8749999999999999
multi	depth_low_sample03	multi		completed	15	12	12	0	3	1.0	0.8	0.888888888888889
multi	depth_low_sample04	multi		completed	19	14	13	1	6	0.9285714285714286	0.6842105263157895	0.7878787878787878
multi	depth_med_sample01	multi		completed	16	14	13	1	3	0.9285714285714286	0.8125	0.8666666666666666
multi	depth_med_sample02	multi		completed	16	16	16	0	0	1.0	1.0	1.0
multi	depth_med_sample03	multi		completed	21	19	18	1	3	0.9473684210526315	0.8571428571428571	0.9
multi	depth_med_sample04	multi		completed	17	17	16	1	1	0.9411764705882353	0.9411764705882353	0.9411764705882353
multi	depth_high_sample01	multi		completed	18	17	16	1	2	0.9411764705882353	0.8888888888888888	0.9142857142857143
multi	depth_high_sample02	multi		completed	18	17	17	0	1	1.0	0.9444444444444444	0.9714285714285714
multi	depth_high_sample03	multi		completed	18	18	18	0	0	1.0	1.0	1.0
multi	depth_high_sample04	multi		completed	18	19	18	1	0	0.9473684210526315	1.0	0.972972972972973
