#genome	abundance
GCF_009737075.1	0.585965
GCF_023838665.1	0.414035
