#genome	abundance
GCF_009737125.1	0.972741
GCF_018919105.1	0.027259
