#genome	abundance
GCF_024328475.1	0.864211
GCF_003586225.1	0.076229
GCF_003426225.1	0.059559
