#genome	abundance
GCF_021011155.1	0.360482
GCF_004136215.1	0.323730
GCF_009737035.1	0.180674
GCF_023718425.1	0.114131
GCF_900102845.1	0.020983
