#genome	abundance
GCF_003384585.1	0.838333
GCF_009737075.1	0.062922
GCF_003384305.1	0.050693
GCF_024328475.1	0.048051
